{
	"credit": "Made with Blockbench",
	"textures": {
		"0": "tulaytullahs_remembrance",
		"particle": "tulaytullahs_remembrance"
	},
	"elements": [
		{
			"from": [6.25, 5, 6.25],
			"to": [9.75, 9, 9.75],
			"rotation": {"angle": 0, "axis": "y", "origin": [6.25, 3, 6.25]},
			"faces": {
				"north": {"uv": [0, 0.5, 3.5, 4.5], "texture": "#0"},
				"east": {"uv": [0, 0.5, 3.5, 4.5], "texture": "#0"},
				"south": {"uv": [0, 0.5, 3.5, 4.5], "texture": "#0"},
				"west": {"uv": [0, 0.5, 3.5, 4.5], "texture": "#0"},
				"up": {"uv": [3.5, 0.5, 7, 4], "texture": "#0"},
				"down": {"uv": [0, 0.5, 3.5, 4], "texture": "#0"}
			}
		},
		{
			"from": [5.75, 4, 5.75],
			"to": [10.25, 5, 10.25],
			"rotation": {"angle": 0, "axis": "y", "origin": [5.75, 3, 5.75]},
			"faces": {
				"north": {"uv": [4.5, 9, 0, 10], "texture": "#0"},
				"east": {"uv": [0, 9, 4.5, 10], "texture": "#0"},
				"south": {"uv": [4.5, 9, 0, 10], "texture": "#0"},
				"west": {"uv": [0, 9, 4.5, 10], "texture": "#0"},
				"up": {"uv": [0, 4.5, 4.5, 9], "texture": "#0"},
				"down": {"uv": [16, 0, 11.5, 4.5], "texture": "#0"}
			}
		},
		{
			"from": [7.5, 9, 7.5],
			"to": [8.5, 11, 8.5],
			"rotation": {"angle": 0, "axis": "y", "origin": [7.5, 3, 7.5]},
			"faces": {
				"north": {"uv": [5, 4.5, 6, 6.5], "texture": "#0"},
				"east": {"uv": [5, 4.5, 6, 6.5], "texture": "#0"},
				"south": {"uv": [5, 4.5, 6, 6.5], "texture": "#0"},
				"west": {"uv": [5, 4.5, 6, 6.5], "texture": "#0"},
				"up": {"uv": [5, 4.5, 6, 5.5], "texture": "#0"},
				"down": {"uv": [5, 4.5, 6, 5.5], "texture": "#0"}
			}
		},
		{
			"from": [7.25, 2.5, 7.25],
			"to": [8.75, 4, 8.75],
			"rotation": {"angle": 0, "axis": "y", "origin": [7.25, 3, 7.25]},
			"faces": {
				"north": {"uv": [1.5, 10.5, 3, 12], "texture": "#0"},
				"east": {"uv": [3, 10.5, 1.5, 12], "texture": "#0"},
				"south": {"uv": [1.5, 10.5, 3, 12], "texture": "#0"},
				"west": {"uv": [3, 10.5, 1.5, 12], "texture": "#0"},
				"up": {"uv": [1.5, 10.5, 3, 12], "texture": "#0"},
				"down": {"uv": [11, 4.5, 12.5, 6], "texture": "#0"}
			}
		},
		{
			"from": [7.5, 1, 7.5],
			"to": [8.5, 2.5, 8.5],
			"rotation": {"angle": 0, "axis": "y", "origin": [7.5, 3, 7.5]},
			"faces": {
				"north": {"uv": [0, 10.5, 1, 12], "texture": "#0"},
				"east": {"uv": [1, 10.5, 0, 12], "texture": "#0"},
				"south": {"uv": [0, 10.5, 1, 12], "texture": "#0"},
				"west": {"uv": [1, 10.5, 0, 12], "texture": "#0"},
				"up": {"uv": [0, 10.5, 1, 11.5], "texture": "#0"},
				"down": {"uv": [0, 11.5, 1, 12.5], "texture": "#0"}
			}
		},
		{
			"from": [7.25, 2.5, 6.25],
			"to": [8.75, 2.5, 7.25],
			"rotation": {"angle": 22.5, "axis": "x", "origin": [8, 2.5, 7.25]},
			"faces": {
				"north": {"uv": [1.5, 0, 3, 0], "texture": "#0"},
				"east": {"uv": [1, 0, 2, 0], "texture": "#0"},
				"south": {"uv": [1.5, 0, 3, 0], "texture": "#0"},
				"west": {"uv": [1, 0, 2, 0], "texture": "#0"},
				"up": {"uv": [13.5, 4.5, 15, 5.5], "texture": "#0"},
				"down": {"uv": [13.5, 5.5, 15, 4.5], "texture": "#0"}
			}
		},
		{
			"from": [7.25, 2.5, 8.75],
			"to": [8.75, 2.5, 9.75],
			"rotation": {"angle": -22.5, "axis": "x", "origin": [8, 2.5, 8.75]},
			"faces": {
				"north": {"uv": [1.5, 0, 3, 0], "texture": "#0"},
				"east": {"uv": [1, 0, 2, 0], "texture": "#0"},
				"south": {"uv": [1.5, 0, 3, 0], "texture": "#0"},
				"west": {"uv": [1, 0, 2, 0], "texture": "#0"},
				"up": {"uv": [13.5, 5.5, 15, 4.5], "texture": "#0"},
				"down": {"uv": [13.5, 4.5, 15, 5.5], "texture": "#0"}
			}
		},
		{
			"from": [6.25, 2.5, 7.25],
			"to": [7.25, 2.5, 8.75],
			"rotation": {"angle": -22.5, "axis": "z", "origin": [7.25, 2.5, 8]},
			"faces": {
				"north": {"uv": [1, 0, 2, 0], "texture": "#0"},
				"east": {"uv": [1.5, 0, 3, 0], "texture": "#0"},
				"south": {"uv": [1, 0, 2, 0], "texture": "#0"},
				"west": {"uv": [1.5, 0, 3, 0], "texture": "#0"},
				"up": {"uv": [13.5, 5.5, 15, 4.5], "rotation": 90, "texture": "#0"},
				"down": {"uv": [13.5, 4.5, 15, 5.5], "rotation": 270, "texture": "#0"}
			}
		},
		{
			"from": [8.75, 2.5, 7.25],
			"to": [9.75, 2.5, 8.75],
			"rotation": {"angle": 22.5, "axis": "z", "origin": [8.75, 2.5, 8]},
			"faces": {
				"north": {"uv": [1, 0, 2, 0], "texture": "#0"},
				"east": {"uv": [1.5, 0, 3, 0], "texture": "#0"},
				"south": {"uv": [1, 0, 2, 0], "texture": "#0"},
				"west": {"uv": [1.5, 0, 3, 0], "texture": "#0"},
				"up": {"uv": [13.5, 4.5, 15, 5.5], "rotation": 90, "texture": "#0"},
				"down": {"uv": [13.5, 5.5, 15, 4.5], "rotation": 270, "texture": "#0"}
			}
		},
		{
			"from": [8.5, 2.5, 7.5],
			"to": [9.5, 2.5, 8.5],
			"rotation": {"angle": -45, "axis": "z", "origin": [8.5, 2.5, 8]},
			"faces": {
				"north": {"uv": [0, 0, 1, 0], "texture": "#0"},
				"east": {"uv": [0, 0, 1, 0], "texture": "#0"},
				"south": {"uv": [0, 0, 1, 0], "texture": "#0"},
				"west": {"uv": [0, 0, 1, 0], "texture": "#0"},
				"up": {"uv": [12.5, 4.5, 13.5, 5.5], "texture": "#0"},
				"down": {"uv": [12.5, 4.5, 13.5, 5.5], "texture": "#0"}
			}
		},
		{
			"from": [6.5, 2.5, 7.5],
			"to": [7.5, 2.5, 8.5],
			"rotation": {"angle": 45, "axis": "z", "origin": [7.5, 2.5, 8]},
			"faces": {
				"north": {"uv": [0, 0, 1, 0], "texture": "#0"},
				"east": {"uv": [0, 0, 1, 0], "texture": "#0"},
				"south": {"uv": [0, 0, 1, 0], "texture": "#0"},
				"west": {"uv": [0, 0, 1, 0], "texture": "#0"},
				"up": {"uv": [12.5, 4.5, 13.5, 5.5], "texture": "#0"},
				"down": {"uv": [12.5, 4.5, 13.5, 5.5], "texture": "#0"}
			}
		},
		{
			"from": [7.5, 2.5, 6.5],
			"to": [8.5, 2.5, 7.5],
			"rotation": {"angle": -45, "axis": "x", "origin": [8, 2.5, 7.5]},
			"faces": {
				"north": {"uv": [0, 0, 1, 0], "texture": "#0"},
				"east": {"uv": [0, 0, 1, 0], "texture": "#0"},
				"south": {"uv": [0, 0, 1, 0], "texture": "#0"},
				"west": {"uv": [0, 0, 1, 0], "texture": "#0"},
				"up": {"uv": [12.5, 4.5, 13.5, 5.5], "texture": "#0"},
				"down": {"uv": [12.5, 4.5, 13.5, 5.5], "texture": "#0"}
			}
		},
		{
			"from": [7.5, 2.5, 8.5],
			"to": [8.5, 2.5, 9.5],
			"rotation": {"angle": 45, "axis": "x", "origin": [8, 2.5, 8.5]},
			"faces": {
				"north": {"uv": [0, 0, 1, 0], "texture": "#0"},
				"east": {"uv": [0, 0, 1, 0], "texture": "#0"},
				"south": {"uv": [0, 0, 1, 0], "texture": "#0"},
				"west": {"uv": [0, 0, 1, 0], "texture": "#0"},
				"up": {"uv": [12.5, 4.5, 13.5, 5.5], "texture": "#0"},
				"down": {"uv": [12.5, 4.5, 13.5, 5.5], "texture": "#0"}
			}
		},
		{
			"from": [7.25, 11, 7.25],
			"to": [8.75, 12, 8.75],
			"rotation": {"angle": 0, "axis": "y", "origin": [7.25, 3, 7.25]},
			"faces": {
				"north": {"uv": [11, 6, 12.5, 7], "texture": "#0"},
				"east": {"uv": [11, 6, 12.5, 7], "texture": "#0"},
				"south": {"uv": [12.5, 6, 11, 7], "texture": "#0"},
				"west": {"uv": [12.5, 6, 11, 7], "texture": "#0"},
				"up": {"uv": [11, 6.5, 12.5, 8], "texture": "#0"},
				"down": {"uv": [11, 6.5, 12.5, 8], "texture": "#0"}
			}
		},
		{
			"from": [7.75, 3.5, 10.25],
			"to": [8.25, 4, 10.25],
			"rotation": {"angle": 0, "axis": "y", "origin": [7.75, 3, 5]},
			"faces": {
				"north": {"uv": [2, 10, 2.5, 10.5], "texture": "#0"},
				"east": {"uv": [0, 0, 0, 0.5], "texture": "#0"},
				"south": {"uv": [2, 10, 2.5, 10.5], "texture": "#0"},
				"west": {"uv": [0, 0, 0, 0.5], "texture": "#0"},
				"up": {"uv": [0, 0, 0.5, 0], "texture": "#0"},
				"down": {"uv": [0, 0, 0.5, 0], "texture": "#0"}
			}
		},
		{
			"from": [9.75, 3.5, 10.25],
			"to": [10.25, 4, 10.25],
			"rotation": {"angle": 0, "axis": "y", "origin": [7.75, 3, 5]},
			"faces": {
				"north": {"uv": [0, 10, 0.5, 10.5], "texture": "#0"},
				"east": {"uv": [0, 0, 0, 0.5], "texture": "#0"},
				"south": {"uv": [0, 10, 0.5, 10.5], "texture": "#0"},
				"west": {"uv": [0, 0, 0, 0.5], "texture": "#0"},
				"up": {"uv": [0, 0, 0.5, 0], "texture": "#0"},
				"down": {"uv": [0, 0, 0.5, 0], "texture": "#0"}
			}
		},
		{
			"from": [5.75, 3.5, 10.25],
			"to": [6.25, 4, 10.25],
			"rotation": {"angle": 0, "axis": "y", "origin": [7.75, 3, 5]},
			"faces": {
				"north": {"uv": [0, 10, 0.5, 10.5], "texture": "#0"},
				"east": {"uv": [0, 0, 0, 0.5], "texture": "#0"},
				"south": {"uv": [0, 10, 0.5, 10.5], "texture": "#0"},
				"west": {"uv": [0, 0, 0, 0.5], "texture": "#0"},
				"up": {"uv": [0, 0, 0.5, 0], "texture": "#0"},
				"down": {"uv": [0, 0, 0.5, 0], "texture": "#0"}
			}
		},
		{
			"from": [9.75, 3.5, 5.75],
			"to": [10.25, 4, 5.75],
			"rotation": {"angle": 0, "axis": "y", "origin": [7.75, 3, 5]},
			"faces": {
				"north": {"uv": [0, 10, 0.5, 10.5], "texture": "#0"},
				"east": {"uv": [0, 0, 0, 0.5], "texture": "#0"},
				"south": {"uv": [0, 10, 0.5, 10.5], "texture": "#0"},
				"west": {"uv": [0, 0, 0, 0.5], "texture": "#0"},
				"up": {"uv": [0, 0, 0.5, 0], "texture": "#0"},
				"down": {"uv": [0, 0, 0.5, 0], "texture": "#0"}
			}
		},
		{
			"from": [5.75, 3.5, 5.75],
			"to": [6.25, 4, 5.75],
			"rotation": {"angle": 0, "axis": "y", "origin": [7.75, 3, 5]},
			"faces": {
				"north": {"uv": [0, 10, 0.5, 10.5], "texture": "#0"},
				"east": {"uv": [0, 0, 0, 0.5], "texture": "#0"},
				"south": {"uv": [0, 10, 0.5, 10.5], "texture": "#0"},
				"west": {"uv": [0, 0, 0, 0.5], "texture": "#0"},
				"up": {"uv": [0, 0, 0.5, 0], "texture": "#0"},
				"down": {"uv": [0, 0, 0.5, 0], "texture": "#0"}
			}
		},
		{
			"from": [7.75, 3.5, 5.75],
			"to": [8.25, 4, 5.75],
			"rotation": {"angle": 0, "axis": "y", "origin": [8, 3.75, 5.75]},
			"faces": {
				"north": {"uv": [2, 10, 2.5, 10.5], "texture": "#0"},
				"east": {"uv": [0, 0, 0, 0.5], "texture": "#0"},
				"south": {"uv": [2, 10, 2.5, 10.5], "texture": "#0"},
				"west": {"uv": [0, 0, 0, 0.5], "texture": "#0"},
				"up": {"uv": [0, 0, 0.5, 0], "texture": "#0"},
				"down": {"uv": [0, 0, 0.5, 0], "texture": "#0"}
			}
		},
		{
			"from": [5.75, 3.5, 7.75],
			"to": [5.75, 4, 8.25],
			"rotation": {"angle": 0, "axis": "y", "origin": [8, 3.75, 8]},
			"faces": {
				"north": {"uv": [0, 0, 0, 0.5], "texture": "#0"},
				"east": {"uv": [2, 10, 2.5, 10.5], "texture": "#0"},
				"south": {"uv": [0, 0, 0, 0.5], "texture": "#0"},
				"west": {"uv": [2, 10, 2.5, 10.5], "texture": "#0"},
				"up": {"uv": [0, 0, 0.5, 0], "rotation": 270, "texture": "#0"},
				"down": {"uv": [0, 0, 0.5, 0], "rotation": 90, "texture": "#0"}
			}
		},
		{
			"from": [10.25, 3.5, 5.75],
			"to": [10.25, 4, 6.25],
			"rotation": {"angle": 0, "axis": "y", "origin": [8, 3.75, 8]},
			"faces": {
				"north": {"uv": [0, 0, 0, 0.5], "texture": "#0"},
				"east": {"uv": [0, 10, 0.5, 10.5], "texture": "#0"},
				"south": {"uv": [0, 0, 0, 0.5], "texture": "#0"},
				"west": {"uv": [0, 10, 0.5, 10.5], "texture": "#0"},
				"up": {"uv": [0, 0, 0.5, 0], "rotation": 270, "texture": "#0"},
				"down": {"uv": [0, 0, 0.5, 0], "rotation": 90, "texture": "#0"}
			}
		},
		{
			"from": [10.25, 3.5, 9.75],
			"to": [10.25, 4, 10.25],
			"rotation": {"angle": 0, "axis": "y", "origin": [8, 3.75, 8]},
			"faces": {
				"north": {"uv": [0, 0, 0, 0.5], "texture": "#0"},
				"east": {"uv": [0, 10, 0.5, 10.5], "texture": "#0"},
				"south": {"uv": [0, 0, 0, 0.5], "texture": "#0"},
				"west": {"uv": [0, 10, 0.5, 10.5], "texture": "#0"},
				"up": {"uv": [0, 0, 0.5, 0], "rotation": 270, "texture": "#0"},
				"down": {"uv": [0, 0, 0.5, 0], "rotation": 90, "texture": "#0"}
			}
		},
		{
			"from": [10.25, 3.5, 7.75],
			"to": [10.25, 4, 8.25],
			"rotation": {"angle": 0, "axis": "y", "origin": [8, 3.75, 8]},
			"faces": {
				"north": {"uv": [0, 0, 0, 0.5], "texture": "#0"},
				"east": {"uv": [2, 10, 2.5, 10.5], "texture": "#0"},
				"south": {"uv": [0, 0, 0, 0.5], "texture": "#0"},
				"west": {"uv": [2, 10, 2.5, 10.5], "texture": "#0"},
				"up": {"uv": [0, 0, 0.5, 0], "rotation": 270, "texture": "#0"},
				"down": {"uv": [0, 0, 0.5, 0], "rotation": 90, "texture": "#0"}
			}
		},
		{
			"from": [5.75, 3.5, 9.75],
			"to": [5.75, 4, 10.25],
			"rotation": {"angle": 0, "axis": "y", "origin": [8, 3.75, 8]},
			"faces": {
				"north": {"uv": [0, 0, 0, 0.5], "texture": "#0"},
				"east": {"uv": [0, 10, 0.5, 10.5], "texture": "#0"},
				"south": {"uv": [0, 0, 0, 0.5], "texture": "#0"},
				"west": {"uv": [0, 10, 0.5, 10.5], "texture": "#0"},
				"up": {"uv": [0, 0, 0.5, 0], "rotation": 270, "texture": "#0"},
				"down": {"uv": [0, 0, 0.5, 0], "rotation": 90, "texture": "#0"}
			}
		},
		{
			"from": [5.75, 3.5, 5.75],
			"to": [5.75, 4, 6.25],
			"rotation": {"angle": 0, "axis": "y", "origin": [8, 3.75, 8]},
			"faces": {
				"north": {"uv": [0, 0, 0, 0.5], "texture": "#0"},
				"east": {"uv": [0, 10, 0.5, 10.5], "texture": "#0"},
				"south": {"uv": [0, 0, 0, 0.5], "texture": "#0"},
				"west": {"uv": [0, 10, 0.5, 10.5], "texture": "#0"},
				"up": {"uv": [0, 0, 0.5, 0], "rotation": 270, "texture": "#0"},
				"down": {"uv": [0, 0, 0.5, 0], "rotation": 90, "texture": "#0"}
			}
		},
		{
			"from": [8.75, 12, 7.75],
			"to": [8.75, 13, 8.25],
			"rotation": {"angle": -22.5, "axis": "z", "origin": [8.75, 12, 8]},
			"faces": {
				"north": {"uv": [0, 0, 0, 1], "texture": "#0"},
				"east": {"uv": [8, 0.5, 8.5, 1.5], "texture": "#0"},
				"south": {"uv": [0, 0, 0, 1], "texture": "#0"},
				"west": {"uv": [8.5, 0.5, 9, 1.5], "texture": "#0"},
				"up": {"uv": [0, 0, 0, 0.5], "texture": "#0"},
				"down": {"uv": [0, 0, 0, 0.5], "texture": "#0"}
			}
		},
		{
			"from": [8.13268, 12.92388, 7.75],
			"to": [9.13268, 12.92388, 8.25],
			"rotation": {"angle": -22.5, "axis": "z", "origin": [9.13268, 12.92388, 8]},
			"faces": {
				"north": {"uv": [0, 1, 0, 0], "rotation": 270, "texture": "#0"},
				"east": {"uv": [0, 0.5, 0, 0], "rotation": 90, "texture": "#0"},
				"south": {"uv": [0, 1, 0, 0], "rotation": 90, "texture": "#0"},
				"west": {"uv": [0, 0.5, 0, 0], "rotation": 90, "texture": "#0"},
				"up": {"uv": [8.5, 1.5, 8, 0.5], "rotation": 90, "texture": "#0"},
				"down": {"uv": [9, 1.5, 8.5, 0.5], "rotation": 90, "texture": "#0"}
			}
		},
		{
			"from": [7.25, 12, 7.75],
			"to": [7.25, 13, 8.25],
			"rotation": {"angle": 22.5, "axis": "z", "origin": [7.25, 12, 8]},
			"faces": {
				"north": {"uv": [0, 0, 0, 1], "texture": "#0"},
				"east": {"uv": [9, 0.5, 8.5, 1.5], "texture": "#0"},
				"south": {"uv": [0, 0, 0, 1], "texture": "#0"},
				"west": {"uv": [8.5, 0.5, 8, 1.5], "texture": "#0"},
				"up": {"uv": [0, 0, 0, 0.5], "texture": "#0"},
				"down": {"uv": [0, 0, 0, 0.5], "texture": "#0"}
			}
		},
		{
			"from": [6.86732, 12.92388, 7.75],
			"to": [7.86732, 12.92388, 8.25],
			"rotation": {"angle": 22.5, "axis": "z", "origin": [6.86732, 12.92388, 8]},
			"faces": {
				"north": {"uv": [0, 0, 0, 1], "rotation": 270, "texture": "#0"},
				"east": {"uv": [0, 0, 0, 0.5], "rotation": 90, "texture": "#0"},
				"south": {"uv": [0, 0, 0, 1], "rotation": 90, "texture": "#0"},
				"west": {"uv": [0, 0, 0, 0.5], "rotation": 90, "texture": "#0"},
				"up": {"uv": [8.5, 0.5, 8, 1.5], "rotation": 90, "texture": "#0"},
				"down": {"uv": [9, 0.5, 8.5, 1.5], "rotation": 90, "texture": "#0"}
			}
		},
		{
			"from": [7.75, 12, 8.75],
			"to": [8.25, 13, 8.75],
			"rotation": {"angle": 22.5, "axis": "x", "origin": [8, 12, 8.75]},
			"faces": {
				"north": {"uv": [8.5, 0.5, 9, 1.5], "texture": "#0"},
				"east": {"uv": [0, 0, 0, 1], "texture": "#0"},
				"south": {"uv": [8, 0.5, 8.5, 1.5], "texture": "#0"},
				"west": {"uv": [0, 0, 0, 1], "texture": "#0"},
				"up": {"uv": [0, 0, 0, 0.5], "rotation": 90, "texture": "#0"},
				"down": {"uv": [0, 0, 0, 0.5], "rotation": 270, "texture": "#0"}
			}
		},
		{
			"from": [7.75, 12.92388, 8.13268],
			"to": [8.25, 12.92388, 9.13268],
			"rotation": {"angle": 22.5, "axis": "x", "origin": [8, 12.92388, 9.13268]},
			"faces": {
				"north": {"uv": [0, 0, 0, 0.5], "rotation": 270, "texture": "#0"},
				"east": {"uv": [0, 0, 0, 1], "rotation": 90, "texture": "#0"},
				"south": {"uv": [0, 0, 0, 0.5], "rotation": 270, "texture": "#0"},
				"west": {"uv": [0, 0, 0, 1], "rotation": 270, "texture": "#0"},
				"up": {"uv": [8, 0.5, 8.5, 1.5], "texture": "#0"},
				"down": {"uv": [8.5, 0.5, 9, 1.5], "rotation": 180, "texture": "#0"}
			}
		},
		{
			"from": [7.75, 12, 7.25],
			"to": [8.25, 13, 7.25],
			"rotation": {"angle": -22.5, "axis": "x", "origin": [8, 12, 7.25]},
			"faces": {
				"north": {"uv": [8.5, 0.5, 8, 1.5], "texture": "#0"},
				"east": {"uv": [0, 0, 0, 1], "texture": "#0"},
				"south": {"uv": [9, 0.5, 8.5, 1.5], "texture": "#0"},
				"west": {"uv": [0, 0, 0, 1], "texture": "#0"},
				"up": {"uv": [0, 0, 0, 0.5], "rotation": 90, "texture": "#0"},
				"down": {"uv": [0, 0, 0, 0.5], "rotation": 270, "texture": "#0"}
			}
		},
		{
			"from": [7.75, 12.92388, 6.86732],
			"to": [8.25, 12.92388, 7.86732],
			"rotation": {"angle": -22.5, "axis": "x", "origin": [8, 12.92388, 6.86732]},
			"faces": {
				"north": {"uv": [0, 0.5, 0, 0], "rotation": 270, "texture": "#0"},
				"east": {"uv": [0, 1, 0, 0], "rotation": 90, "texture": "#0"},
				"south": {"uv": [0, 0.5, 0, 0], "rotation": 270, "texture": "#0"},
				"west": {"uv": [0, 1, 0, 0], "rotation": 270, "texture": "#0"},
				"up": {"uv": [8, 1.5, 8.5, 0.5], "texture": "#0"},
				"down": {"uv": [8.5, 1.5, 9, 0.5], "rotation": 180, "texture": "#0"}
			}
		},
		{
			"from": [7.75, 13, 7.75],
			"to": [8.25, 13.5, 8.25],
			"rotation": {"angle": 0, "axis": "y", "origin": [7.25, 3, 7.25]},
			"faces": {
				"north": {"uv": [8, 0.5, 8.5, 1], "texture": "#0"},
				"east": {"uv": [8, 0.5, 8.5, 1], "texture": "#0"},
				"south": {"uv": [8, 0.5, 8.5, 1], "texture": "#0"},
				"west": {"uv": [8, 0.5, 8.5, 1], "texture": "#0"},
				"up": {"uv": [8, 0.5, 8.5, 1], "texture": "#0"},
				"down": {"uv": [8, 0.5, 8.5, 1], "texture": "#0"}
			}
		}
	],
	"display": {
		"thirdperson_righthand": {
			"rotation": [66.5, 0, 0],
			"translation": [6.25, 5, 7.5],
			"scale": [1.5, 1.5, 1.5]
		},
		"thirdperson_lefthand": {
			"rotation": [66.5, 0, 0],
			"translation": [6.25, 5, 7.5],
			"scale": [1.5, 1.5, 1.5]
		},
		"firstperson_righthand": {
			"rotation": [0, 22.5, 0],
			"translation": [18.75, 2, -14.75],
			"scale": [2, 2, 2]
		},
		"firstperson_lefthand": {
			"rotation": [0, 22.5, 0],
			"translation": [18.75, 2, -14.75],
			"scale": [2, 2, 2]
		},
		"ground": {
			"rotation": [45, -45, 45],
			"translation": [0, 5, 0]
		},
		"gui": {
			"rotation": [-20, 160, 30],
			"translation": [0, 1.75, 0],
			"scale": [2, 2, 2]
		},
		"fixed": {
			"scale": [2, 2, 2]
		}
	},
	"groups": [
		0,
		1,
		2,
		3,
		4,
		5,
		6,
		7,
		8,
		9,
		10,
		11,
		12,
		13,
		14,
		15,
		16,
		17,
		18,
		19,
		20,
		21,
		22,
		23,
		24,
		25,
		{
			"name": "group",
			"origin": [7.25, 12, 8],
			"color": 0,
			"children": [26, 27]
		},
		{
			"name": "group",
			"origin": [7.25, 12, 8],
			"color": 0,
			"children": [28, 29]
		},
		{
			"name": "group",
			"origin": [7.25, 12, 8],
			"color": 0,
			"children": [30, 31]
		},
		{
			"name": "group",
			"origin": [7.25, 12, 8],
			"color": 0,
			"children": [32, 33]
		},
		34
	]
}