{
	"credit": "Made by Raycifer",
	"texture_size": [32, 32],
	"textures": {
		"0": "./cranes_echoing_call",
		"particle": "./cranes_echoing_call"
	},
	"elements": [
		{
			"from": [7.5, 3, 8.25],
			"to": [10.5, 11, 8.26],
			"rotation": {"angle": 0, "axis": "y", "origin": [7.5, 0, 7.75]},
			"faces": {
				"north": {"uv": [3, 0, 4.5, 4], "texture": "#0"},
				"east": {"uv": [15.5, 0, 16, 0.5], "rotation": 90, "texture": "#0"},
				"south": {"uv": [4.5, 0, 6, 4], "texture": "#0"},
				"west": {"uv": [15.5, 0, 16, 0.5], "rotation": 90, "texture": "#0"},
				"up": {"uv": [15.5, 0, 16, 0.5], "rotation": 90, "texture": "#0"},
				"down": {"uv": [15.5, 0, 16, 0.5], "rotation": 90, "texture": "#0"}
			}
		},
		{
			"from": [6.25, 3.25, 8.5],
			"to": [9.25, 11.25, 8.51],
			"rotation": {"angle": -22.5, "axis": "z", "origin": [7.5, 0, 8.25]},
			"faces": {
				"north": {"uv": [1.5, 0, 3, 4], "texture": "#0"},
				"east": {"uv": [15.5, 0, 16, 0.5], "rotation": 90, "texture": "#0"},
				"south": {"uv": [6, 0, 7.5, 4], "texture": "#0"},
				"west": {"uv": [15.5, 0, 16, 0.5], "rotation": 90, "texture": "#0"},
				"up": {"uv": [15.5, 0, 16, 0.5], "rotation": 90, "texture": "#0"},
				"down": {"uv": [15.5, 0, 16, 0.5], "rotation": 90, "texture": "#0"}
			}
		},
		{
			"from": [5, 3.25, 8.75],
			"to": [8, 11.25, 8.76],
			"rotation": {"angle": -45, "axis": "z", "origin": [7.5, 0, 8.25]},
			"faces": {
				"north": {"uv": [0, 0, 1.5, 4], "texture": "#0"},
				"east": {"uv": [15.5, 0, 16, 0.5], "rotation": 90, "texture": "#0"},
				"south": {"uv": [7.5, 0, 9, 4], "texture": "#0"},
				"west": {"uv": [15.5, 0, 16, 0.5], "rotation": 90, "texture": "#0"},
				"up": {"uv": [15.5, 0, 16, 0.5], "rotation": 90, "texture": "#0"},
				"down": {"uv": [15.5, 0, 16, 0.5], "rotation": 90, "texture": "#0"}
			}
		},
		{
			"from": [10.25, 0.5, 9],
			"to": [18.25, 3.5, 9.01],
			"rotation": {"angle": 22.5, "axis": "z", "origin": [7.5, 0, 8.25]},
			"faces": {
				"north": {"uv": [9, 0, 10.5, 4], "rotation": 270, "texture": "#0"},
				"east": {"uv": [15.5, 0, 16, 0.5], "rotation": 90, "texture": "#0"},
				"south": {"uv": [9, 4, 10.5, 0], "rotation": 270, "texture": "#0"},
				"west": {"uv": [15.5, 0, 16, 0.5], "rotation": 90, "texture": "#0"},
				"up": {"uv": [15.5, 0, 16, 0.5], "rotation": 90, "texture": "#0"},
				"down": {"uv": [15.5, 0, 16, 0.5], "rotation": 90, "texture": "#0"}
			}
		},
		{
			"from": [-2.25, 0.5, 7.25],
			"to": [5.75, 3.5, 7.26],
			"rotation": {"angle": -22.5, "axis": "z", "origin": [8.5, 0, 7.75]},
			"faces": {
				"north": {"uv": [10.5, 0, 9, 4], "rotation": 90, "texture": "#0"},
				"east": {"uv": [15.5, 0, 16, 0.5], "rotation": 90, "texture": "#0"},
				"south": {"uv": [9, 0, 10.5, 4], "rotation": 270, "texture": "#0"},
				"west": {"uv": [15.5, 0, 16, 0.5], "rotation": 90, "texture": "#0"},
				"up": {"uv": [15.5, 0, 16, 0.5], "rotation": 90, "texture": "#0"},
				"down": {"uv": [15.5, 0, 16, 0.5], "rotation": 90, "texture": "#0"}
			}
		},
		{
			"from": [8, 3.25, 7.5],
			"to": [11, 11.25, 7.51],
			"rotation": {"angle": 45, "axis": "z", "origin": [8.5, 0, 7.75]},
			"faces": {
				"north": {"uv": [7.5, 0, 9, 4], "texture": "#0"},
				"east": {"uv": [15.5, 0, 16, 0.5], "rotation": 90, "texture": "#0"},
				"south": {"uv": [0, 0, 1.5, 4], "texture": "#0"},
				"west": {"uv": [15.5, 0, 16, 0.5], "rotation": 90, "texture": "#0"},
				"up": {"uv": [15.5, 0, 16, 0.5], "rotation": 90, "texture": "#0"},
				"down": {"uv": [15.5, 0, 16, 0.5], "rotation": 90, "texture": "#0"}
			}
		},
		{
			"from": [6.75, 3.25, 7.75],
			"to": [9.75, 11.25, 7.76],
			"rotation": {"angle": 22.5, "axis": "z", "origin": [8.5, 0, 7.75]},
			"faces": {
				"north": {"uv": [6, 0, 7.5, 4], "texture": "#0"},
				"east": {"uv": [15.5, 0, 16, 0.5], "rotation": 90, "texture": "#0"},
				"south": {"uv": [1.5, 0, 3, 4], "texture": "#0"},
				"west": {"uv": [15.5, 0, 16, 0.5], "rotation": 90, "texture": "#0"},
				"up": {"uv": [15.5, 0, 16, 0.5], "rotation": 90, "texture": "#0"},
				"down": {"uv": [15.5, 0, 16, 0.5], "rotation": 90, "texture": "#0"}
			}
		},
		{
			"from": [5.5, 3, 8],
			"to": [8.5, 11, 8.01],
			"rotation": {"angle": 0, "axis": "y", "origin": [8.5, 0, 8.25]},
			"faces": {
				"north": {"uv": [4.5, 0, 6, 4], "texture": "#0"},
				"east": {"uv": [15.5, 0, 16, 0.5], "rotation": 90, "texture": "#0"},
				"south": {"uv": [3, 0, 4.5, 4], "texture": "#0"},
				"west": {"uv": [15.5, 0, 16, 0.5], "rotation": 90, "texture": "#0"},
				"up": {"uv": [15.5, 0, 16, 0.5], "rotation": 90, "texture": "#0"},
				"down": {"uv": [15.5, 0, 16, 0.5], "rotation": 90, "texture": "#0"}
			}
		},
		{
			"from": [7.5, -2, 6],
			"to": [8.5, 2, 10],
			"rotation": {"angle": -45, "axis": "x", "origin": [8, 0, 8]},
			"faces": {
				"north": {"uv": [1, 4, 1.5, 6], "texture": "#0"},
				"east": {"uv": [1, 4, 3, 6], "texture": "#0"},
				"south": {"uv": [1, 4, 1.5, 6], "texture": "#0"},
				"west": {"uv": [1, 4, 3, 6], "texture": "#0"},
				"up": {"uv": [1, 4, 3, 4.5], "rotation": 270, "texture": "#0"},
				"down": {"uv": [1, 4, 3, 4.5], "rotation": 90, "texture": "#0"}
			}
		},
		{
			"from": [7.5, -2, 4],
			"to": [8.5, 0, 6],
			"rotation": {"angle": -45, "axis": "x", "origin": [8, 0, 8]},
			"faces": {
				"north": {"uv": [1.5, 6, 2, 7], "texture": "#0"},
				"east": {"uv": [1, 6, 2, 7], "texture": "#0"},
				"south": {"uv": [15.5, 0, 16, 0.5], "rotation": 90, "texture": "#0"},
				"west": {"uv": [1, 6, 2, 7], "rotation": 90, "texture": "#0"},
				"up": {"uv": [1, 7, 1.5, 6], "texture": "#0"},
				"down": {"uv": [1.5, 6, 2, 7], "texture": "#0"}
			}
		},
		{
			"from": [7.5, -4, 6],
			"to": [8.5, -2, 8],
			"rotation": {"angle": -45, "axis": "x", "origin": [8, 0, 8]},
			"faces": {
				"north": {"uv": [1.5, 6, 2, 7], "texture": "#0"},
				"east": {"uv": [1, 6, 2, 7], "texture": "#0"},
				"south": {"uv": [1, 6, 1.5, 7], "texture": "#0"},
				"west": {"uv": [1, 6, 2, 7], "rotation": 90, "texture": "#0"},
				"up": {"uv": [15.5, 0, 16, 0.5], "rotation": 90, "texture": "#0"},
				"down": {"uv": [1.5, 6, 2, 7], "texture": "#0"}
			}
		},
		{
			"from": [6, -2, 7.5],
			"to": [10, 2, 8.5],
			"rotation": {"angle": 45, "axis": "z", "origin": [8, 0, 8]},
			"faces": {
				"north": {"uv": [1, 4, 3, 6], "texture": "#0"},
				"east": {"uv": [1, 4, 1.5, 6], "texture": "#0"},
				"south": {"uv": [1, 4, 3, 6], "texture": "#0"},
				"west": {"uv": [1, 4, 1.5, 6], "texture": "#0"},
				"up": {"uv": [1, 4, 3, 4.5], "texture": "#0"},
				"down": {"uv": [1, 4, 3, 4.5], "texture": "#0"}
			}
		},
		{
			"from": [6, -4, 7.5],
			"to": [8, -2, 8.5],
			"rotation": {"angle": 45, "axis": "z", "origin": [8, 0, 8]},
			"faces": {
				"north": {"uv": [1, 6, 2, 7], "texture": "#0"},
				"east": {"uv": [1, 6, 1.5, 7], "texture": "#0"},
				"south": {"uv": [1, 6, 2, 7], "rotation": 90, "texture": "#0"},
				"west": {"uv": [1.5, 6, 2, 7], "texture": "#0"},
				"up": {"uv": [15.5, 0, 16, 0.5], "rotation": 90, "texture": "#0"},
				"down": {"uv": [2, 6.5, 1, 7], "texture": "#0"}
			}
		},
		{
			"from": [4, -2, 7.5],
			"to": [6, 0, 8.5],
			"rotation": {"angle": 45, "axis": "z", "origin": [8, 0, 8]},
			"faces": {
				"north": {"uv": [1, 6, 2, 7], "texture": "#0"},
				"east": {"uv": [15.5, 0, 16, 0.5], "rotation": 90, "texture": "#0"},
				"south": {"uv": [1, 6, 2, 7], "rotation": 90, "texture": "#0"},
				"west": {"uv": [1.5, 6, 2, 7], "texture": "#0"},
				"up": {"uv": [2, 6, 1, 6.5], "texture": "#0"},
				"down": {"uv": [2, 6.5, 1, 7], "texture": "#0"}
			}
		},
		{
			"from": [7, -6.75, 7],
			"to": [9, -2.75, 9],
			"rotation": {"angle": 0, "axis": "y", "origin": [7, 0, 7]},
			"faces": {
				"north": {"uv": [0, 5, 1, 7], "texture": "#0"},
				"east": {"uv": [1, 5, 0, 7], "texture": "#0"},
				"south": {"uv": [0, 5, 1, 7], "texture": "#0"},
				"west": {"uv": [1, 5, 0, 7], "texture": "#0"},
				"up": {"uv": [1, 4, 0, 5], "texture": "#0"},
				"down": {"uv": [1, 7, 0, 8], "texture": "#0"}
			}
		},
		{
			"from": [7.85, -7.4, 7.5],
			"to": [8.85, -6.4, 8.5],
			"rotation": {"angle": 45, "axis": "z", "origin": [8, -7.25, 8]},
			"faces": {
				"north": {"uv": [0.5, 6.5, 1, 7], "texture": "#0"},
				"east": {"uv": [15.5, 0, 16, 0.5], "rotation": 90, "texture": "#0"},
				"south": {"uv": [0.5, 6.5, 1, 7], "texture": "#0"},
				"west": {"uv": [0.5, 6.5, 1, 7], "texture": "#0"},
				"up": {"uv": [15.5, 0, 16, 0.5], "rotation": 90, "texture": "#0"},
				"down": {"uv": [0.5, 6.5, 1, 7], "texture": "#0"}
			}
		},
		{
			"from": [0.5, 1.5, 7.25],
			"to": [1.5, 3.5, 7.251],
			"rotation": {"angle": 0, "axis": "y", "origin": [7.5, 0, 8]},
			"faces": {
				"north": {"uv": [2, 6, 2.5, 7], "texture": "#0"},
				"east": {"uv": [15.5, 0, 16, 0.5], "rotation": 90, "texture": "#0"},
				"south": {"uv": [2, 6, 2.5, 7], "texture": "#0"},
				"west": {"uv": [15.5, 0, 16, 0.5], "rotation": 90, "texture": "#0"},
				"up": {"uv": [15.5, 0, 16, 0.5], "rotation": 90, "texture": "#0"},
				"down": {"uv": [15.5, 0, 16, 0.5], "rotation": 90, "texture": "#0"}
			}
		},
		{
			"from": [14.5, 1.5, 8.75],
			"to": [15.5, 3.5, 8.751],
			"rotation": {"angle": 0, "axis": "y", "origin": [8.5, 0, 8]},
			"faces": {
				"north": {"uv": [2, 6, 2.5, 7], "texture": "#0"},
				"east": {"uv": [15.5, 0, 16, 0.5], "rotation": 90, "texture": "#0"},
				"south": {"uv": [2, 6, 2.5, 7], "texture": "#0"},
				"west": {"uv": [15.5, 0, 16, 0.5], "rotation": 90, "texture": "#0"},
				"up": {"uv": [15.5, 0, 16, 0.5], "rotation": 90, "texture": "#0"},
				"down": {"uv": [15.5, 0, 16, 0.5], "rotation": 90, "texture": "#0"}
			}
		},
		{
			"from": [14.5, 0.5, 8.25],
			"to": [15.5, 1.5, 9.25],
			"rotation": {"angle": -45, "axis": "z", "origin": [15, 1, 8.75]},
			"faces": {
				"north": {"uv": [2, 7, 1.5, 6.5], "texture": "#0"},
				"east": {"uv": [2, 6.5, 1.5, 6], "texture": "#0"},
				"south": {"uv": [2, 7, 1.5, 6.5], "texture": "#0"},
				"west": {"uv": [1.5, 6.5, 1, 6], "texture": "#0"},
				"up": {"uv": [1.5, 6.5, 1, 6], "texture": "#0"},
				"down": {"uv": [2, 6.5, 1.5, 6], "texture": "#0"}
			}
		},
		{
			"from": [0.5, 0.5, 6.75],
			"to": [1.5, 1.5, 7.75],
			"rotation": {"angle": 45, "axis": "z", "origin": [1, 1, 7.25]},
			"faces": {
				"north": {"uv": [2, 7, 1.5, 6.5], "texture": "#0"},
				"east": {"uv": [1.5, 6.5, 1, 6], "texture": "#0"},
				"south": {"uv": [2, 7, 1.5, 6.5], "texture": "#0"},
				"west": {"uv": [2, 6.5, 1.5, 6], "texture": "#0"},
				"up": {"uv": [1, 6, 1.5, 6.5], "texture": "#0"},
				"down": {"uv": [1.5, 6, 2, 6.5], "texture": "#0"}
			}
		},
		{
			"from": [-0.9, 10.05, 8.35],
			"to": [1.1, 14.05, 8.351],
			"rotation": {"angle": 22.5, "axis": "x", "origin": [0.1, 10.55, 8.35]},
			"faces": {
				"north": {"uv": [6, 12, 7, 14], "texture": "#0"},
				"east": {"uv": [15.5, 0, 16, 0.5], "rotation": 90, "texture": "#0"},
				"south": {"uv": [7, 12, 6, 14], "texture": "#0"},
				"west": {"uv": [15.5, 0, 16, 0.5], "rotation": 90, "texture": "#0"},
				"up": {"uv": [15.5, 0, 16, 0.5], "rotation": 90, "texture": "#0"},
				"down": {"uv": [15.5, 0, 16, 0.5], "rotation": 90, "texture": "#0"}
			}
		},
		{
			"from": [0.5, 11, 6.6],
			"to": [3.5, 16, 6.601],
			"rotation": {"angle": -22.5, "axis": "x", "origin": [2, 11, 6.6]},
			"faces": {
				"north": {"uv": [4.5, 11.5, 6, 14], "texture": "#0"},
				"east": {"uv": [15.5, 0, 16, 0.5], "rotation": 90, "texture": "#0"},
				"south": {"uv": [4.5, 11.5, 6, 14], "texture": "#0"},
				"west": {"uv": [15.5, 0, 16, 0.5], "rotation": 90, "texture": "#0"},
				"up": {"uv": [15.5, 0, 16, 0.5], "rotation": 90, "texture": "#0"},
				"down": {"uv": [15.5, 0, 16, 0.5], "rotation": 90, "texture": "#0"}
			}
		},
		{
			"from": [15.78911, 9.75, 7.75],
			"to": [17.78911, 10.75, 9.75],
			"rotation": {"angle": -22.5, "axis": "z", "origin": [6.78911, 9.5, 6.75]},
			"faces": {
				"north": {"uv": [0, 10, 1, 10.5], "texture": "#0"},
				"east": {"uv": [0, 10, 1, 10.5], "texture": "#0"},
				"south": {"uv": [0, 10, 1, 10.5], "texture": "#0"},
				"west": {"uv": [0, 10, 1, 10.5], "texture": "#0"},
				"up": {"uv": [0, 10, 1, 10.5], "texture": "#0"},
				"down": {"uv": [0, 10, 1, 10.5], "texture": "#0"}
			}
		},
		{
			"from": [14.78911, 7.75, 7.75],
			"to": [16.78911, 8.75, 9.75],
			"rotation": {"angle": -22.5, "axis": "z", "origin": [6.78911, 9.5, 6.75]},
			"faces": {
				"north": {"uv": [0.5, 11, 1.5, 11.5], "texture": "#0"},
				"east": {"uv": [0.5, 11, 1.5, 11.5], "texture": "#0"},
				"south": {"uv": [0.5, 11, 1.5, 11.5], "texture": "#0"},
				"west": {"uv": [0.5, 11, 1.5, 11.5], "texture": "#0"},
				"up": {"uv": [0.5, 11, 1.5, 11.5], "texture": "#0"},
				"down": {"uv": [0.5, 11, 1.5, 11.5], "texture": "#0"}
			}
		},
		{
			"from": [12.78911, 8.75, 7.75],
			"to": [15.78911, 9.75, 9.75],
			"rotation": {"angle": -22.5, "axis": "z", "origin": [6.78911, 9.5, 6.75]},
			"faces": {
				"north": {"uv": [1, 10.5, 2.5, 11], "texture": "#0"},
				"east": {"uv": [1, 10.5, 2.5, 11], "texture": "#0"},
				"south": {"uv": [1, 10.5, 2.5, 11], "texture": "#0"},
				"west": {"uv": [1, 10.5, 2.5, 11], "texture": "#0"},
				"up": {"uv": [1, 10.5, 2.5, 11], "texture": "#0"},
				"down": {"uv": [1, 10.5, 2.5, 11], "texture": "#0"}
			}
		},
		{
			"from": [13.78911, 12.75, 7.75],
			"to": [16.78911, 13.75, 9.75],
			"rotation": {"angle": -22.5, "axis": "z", "origin": [6.78911, 9.5, 6.75]},
			"faces": {
				"north": {"uv": [0.5, 8.5, 2, 9], "texture": "#0"},
				"east": {"uv": [1, 8.5, 0.5, 9], "texture": "#0"},
				"south": {"uv": [2, 8.5, 0.5, 9], "texture": "#0"},
				"west": {"uv": [2, 8.5, 1.5, 9], "texture": "#0"},
				"up": {"uv": [2, 8.5, 0.5, 9], "texture": "#0"},
				"down": {"uv": [2, 8.5, 0.5, 9], "texture": "#0"}
			}
		},
		{
			"from": [8.78911, 12.75, 7.75],
			"to": [11.78911, 13.75, 9.75],
			"rotation": {"angle": -22.5, "axis": "z", "origin": [6.78911, 9.5, 6.75]},
			"faces": {
				"north": {"uv": [3, 8.5, 4.5, 9], "texture": "#0"},
				"east": {"uv": [3.5, 8.5, 3, 9], "texture": "#0"},
				"south": {"uv": [4.5, 8.5, 3, 9], "texture": "#0"},
				"west": {"uv": [4.5, 8.5, 4, 9], "texture": "#0"},
				"up": {"uv": [4.5, 8.5, 3, 9], "texture": "#0"},
				"down": {"uv": [4.5, 8.5, 3, 9], "texture": "#0"}
			}
		},
		{
			"from": [7.78911, 13.75, 7.75],
			"to": [10.78911, 14.75, 9.75],
			"rotation": {"angle": -22.5, "axis": "z", "origin": [6.78911, 9.5, 6.75]},
			"faces": {
				"north": {"uv": [3.5, 8, 5, 8.5], "texture": "#0"},
				"east": {"uv": [3.5, 8, 5, 8.5], "texture": "#0"},
				"south": {"uv": [3.5, 8, 5, 8.5], "texture": "#0"},
				"west": {"uv": [3.5, 8, 5, 8.5], "texture": "#0"},
				"up": {"uv": [3.5, 8, 5, 8.5], "texture": "#0"},
				"down": {"uv": [3.5, 8, 5, 8.5], "texture": "#0"}
			}
		},
		{
			"from": [15.78911, 13.75, 7.75],
			"to": [16.78911, 14.75, 9.75],
			"rotation": {"angle": -22.5, "axis": "z", "origin": [6.78911, 9.5, 6.75]},
			"faces": {
				"north": {"uv": [0.5, 8, 1, 8.5], "texture": "#0"},
				"east": {"uv": [0.5, 8, 1, 8.5], "texture": "#0"},
				"south": {"uv": [0.5, 8, 1, 8.5], "texture": "#0"},
				"west": {"uv": [0.5, 8, 1, 8.5], "texture": "#0"},
				"up": {"uv": [0.5, 8, 1, 8.5], "texture": "#0"},
				"down": {"uv": [15.5, 0, 16, 0.5], "rotation": 90, "texture": "#0"}
			}
		},
		{
			"from": [10.78911, 9.75, 7.75],
			"to": [14.78911, 10.75, 9.75],
			"rotation": {"angle": -22.5, "axis": "z", "origin": [6.78911, 9.5, 6.75]},
			"faces": {
				"north": {"uv": [1.5, 10, 3.5, 10.5], "texture": "#0"},
				"east": {"uv": [2, 10, 1.5, 10.5], "texture": "#0"},
				"south": {"uv": [3.5, 10, 1.5, 10.5], "texture": "#0"},
				"west": {"uv": [3.5, 10, 3, 10.5], "texture": "#0"},
				"up": {"uv": [3.5, 10, 1.5, 10.5], "texture": "#0"},
				"down": {"uv": [3.5, 10, 1.5, 10.5], "texture": "#0"}
			}
		},
		{
			"from": [9.78911, 10.75, 7.75],
			"to": [13.78911, 11.75, 9.75],
			"rotation": {"angle": -22.5, "axis": "z", "origin": [6.78911, 9.5, 6.75]},
			"faces": {
				"north": {"uv": [2, 9.5, 4, 10], "texture": "#0"},
				"east": {"uv": [2.5, 9.5, 2, 10], "texture": "#0"},
				"south": {"uv": [4, 9.5, 2, 10], "texture": "#0"},
				"west": {"uv": [4, 9.5, 3.5, 10], "texture": "#0"},
				"up": {"uv": [15.5, 0, 16, 0.5], "rotation": 90, "texture": "#0"},
				"down": {"uv": [4, 9.5, 2, 10], "texture": "#0"}
			}
		},
		{
			"from": [9.78911, 11.75, 7.75],
			"to": [15.78911, 12.75, 9.75],
			"rotation": {"angle": -22.5, "axis": "z", "origin": [6.78911, 9.5, 6.75]},
			"faces": {
				"north": {"uv": [1, 9, 4, 9.5], "texture": "#0"},
				"east": {"uv": [1.5, 9, 1, 9.5], "texture": "#0"},
				"south": {"uv": [4, 9, 1, 9.5], "texture": "#0"},
				"west": {"uv": [4, 9, 3.5, 9.5], "texture": "#0"},
				"up": {"uv": [4, 9, 1, 9.5], "texture": "#0"},
				"down": {"uv": [4, 9, 1, 9.5], "texture": "#0"}
			}
		},
		{
			"from": [4.5, 6.75, 6.5],
			"to": [6.5, 7.75, 8.5],
			"rotation": {"angle": 22.5, "axis": "z", "origin": [2, 7.5, 7.5]},
			"faces": {
				"north": {"uv": [0.5, 13.5, 1.5, 14], "texture": "#0"},
				"east": {"uv": [0.5, 13.5, 1.5, 14], "texture": "#0"},
				"south": {"uv": [0.5, 13.5, 1.5, 14], "texture": "#0"},
				"west": {"uv": [0.5, 13.5, 1.5, 14], "texture": "#0"},
				"up": {"uv": [0.5, 13.5, 1.5, 14], "texture": "#0"},
				"down": {"uv": [0.5, 13.5, 1.5, 14], "texture": "#0"}
			}
		},
		{
			"from": [3.5, 7.75, 6.5],
			"to": [5.5, 8.75, 8.5],
			"rotation": {"angle": 22.5, "axis": "z", "origin": [2, 7.5, 7.5]},
			"faces": {
				"north": {"uv": [1, 13, 2, 13.5], "texture": "#0"},
				"east": {"uv": [1, 13, 2, 13.5], "texture": "#0"},
				"south": {"uv": [1, 13, 2, 13.5], "texture": "#0"},
				"west": {"uv": [1, 13, 2, 13.5], "texture": "#0"},
				"up": {"uv": [15.5, 0, 16, 0.5], "rotation": 90, "texture": "#0"},
				"down": {"uv": [1, 13, 2, 13.5], "texture": "#0"}
			}
		},
		{
			"from": [4.5, 6.75, 6.5],
			"to": [6.5, 7.75, 8.5],
			"rotation": {"angle": 22.5, "axis": "z", "origin": [2, 7.5, 7.5]},
			"faces": {
				"north": {"uv": [0.5, 13.5, 1.5, 14], "texture": "#0"},
				"east": {"uv": [0.5, 13.5, 1.5, 14], "texture": "#0"},
				"south": {"uv": [0.5, 13.5, 1.5, 14], "texture": "#0"},
				"west": {"uv": [0.5, 13.5, 1.5, 14], "texture": "#0"},
				"up": {"uv": [0.5, 13.5, 1.5, 14], "texture": "#0"},
				"down": {"uv": [0.5, 13.5, 1.5, 14], "texture": "#0"}
			}
		},
		{
			"from": [-0.5, 6.75, 6.5],
			"to": [2.5, 7.75, 8.5],
			"rotation": {"angle": 22.5, "axis": "z", "origin": [2, 7.5, 7.5]},
			"faces": {
				"north": {"uv": [2.5, 13.5, 4, 14], "texture": "#0"},
				"east": {"uv": [2.5, 13.5, 3, 14], "texture": "#0"},
				"south": {"uv": [4, 13.5, 2.5, 14], "texture": "#0"},
				"west": {"uv": [3.5, 13.5, 4, 14], "texture": "#0"},
				"up": {"uv": [4, 13.5, 2.5, 14], "texture": "#0"},
				"down": {"uv": [4, 13.5, 2.5, 14], "texture": "#0"}
			}
		},
		{
			"from": [-1.5, 7.75, 6.5],
			"to": [1.5, 8.75, 8.5],
			"rotation": {"angle": 22.5, "axis": "z", "origin": [2, 7.5, 7.5]},
			"faces": {
				"north": {"uv": [3, 13, 4.5, 13.5], "texture": "#0"},
				"east": {"uv": [3, 13, 3.5, 13.5], "texture": "#0"},
				"south": {"uv": [4.5, 13, 3, 13.5], "texture": "#0"},
				"west": {"uv": [4, 13, 4.5, 13.5], "texture": "#0"},
				"up": {"uv": [15.5, 0, 16, 0.5], "rotation": 90, "texture": "#0"},
				"down": {"uv": [4.5, 13, 3, 13.5], "texture": "#0"}
			}
		},
		{
			"from": [-1.5, 8.75, 6.5],
			"to": [7.5, 9.75, 8.5],
			"rotation": {"angle": 22.5, "axis": "z", "origin": [2, 7.5, 7.5]},
			"faces": {
				"north": {"uv": [0, 12.5, 4.5, 13], "texture": "#0"},
				"east": {"uv": [0, 12.5, 0.5, 13], "texture": "#0"},
				"south": {"uv": [4.5, 12.5, 0, 13], "texture": "#0"},
				"west": {"uv": [4, 12.5, 4.5, 13], "texture": "#0"},
				"up": {"uv": [4.5, 12.5, 0, 13], "texture": "#0"},
				"down": {"uv": [4.5, 12.5, 0, 13], "texture": "#0"}
			}
		},
		{
			"from": [-0.5, 9.75, 6.5],
			"to": [5.5, 10.75, 8.5],
			"rotation": {"angle": 22.5, "axis": "z", "origin": [2, 7.5, 7.5]},
			"faces": {
				"north": {"uv": [1, 12, 4, 12.5], "texture": "#0"},
				"east": {"uv": [1, 12, 1.5, 12.5], "texture": "#0"},
				"south": {"uv": [4, 12, 1, 12.5], "texture": "#0"},
				"west": {"uv": [3.5, 12, 4, 12.5], "texture": "#0"},
				"up": {"uv": [4, 12, 1, 12.5], "texture": "#0"},
				"down": {"uv": [15.5, 0, 16, 0.5], "rotation": 90, "texture": "#0"}
			}
		},
		{
			"from": [0.5, 10.75, 6.5],
			"to": [3.5, 11.75, 8.5],
			"rotation": {"angle": 22.5, "axis": "z", "origin": [2, 7.5, 7.5]},
			"faces": {
				"north": {"uv": [2, 11.5, 3.5, 12], "texture": "#0"},
				"east": {"uv": [2, 11.5, 2.5, 12], "texture": "#0"},
				"south": {"uv": [3.5, 11.5, 2, 12], "texture": "#0"},
				"west": {"uv": [3, 11.5, 3.5, 12], "texture": "#0"},
				"up": {"uv": [3.5, 11.5, 2, 12], "texture": "#0"},
				"down": {"uv": [15.5, 0, 16, 0.5], "rotation": 90, "texture": "#0"}
			}
		}
	],
	"display": {
		"thirdperson_righthand": {
			"rotation": [67.5, -45, 0],
			"translation": [4.5, 5.25, 6.25],
			"scale": [0.5, 0.5, 0.5]
		},
		"thirdperson_lefthand": {
			"rotation": [67.5, -45, 0],
			"translation": [4.5, 5.25, 6.25],
			"scale": [0.5, 0.5, 0.5]
		},
		"firstperson_righthand": {
			"rotation": [0, -45, 0],
			"translation": [22, 2, -20.5],
			"scale": [1.5, 1.5, 1.5]
		},
		"firstperson_lefthand": {
			"rotation": [0, -45, 0],
			"translation": [22, 2, -20.5],
			"scale": [1.5, 1.5, 1.5]
		},
		"ground": {
			"rotation": [45, 45, 0],
			"translation": [0, 1.75, 0],
			"scale": [0.5, 0.5, 0.5]
		},
		"gui": {
			"rotation": [-20, 160, 30],
			"translation": [0, 4.25, 0]
		},
		"head": {
			"rotation": [0, 90, 0],
			"translation": [-7.5, 7.25, 0]
		}
	},
	"groups": [
		0,
		1,
		2,
		3,
		4,
		5,
		6,
		7,
		8,
		9,
		10,
		11,
		12,
		13,
		14,
		15,
		16,
		17,
		18,
		19,
		20,
		21,
		{
			"name": "group",
			"origin": [6.78911, 9.5, 6.75],
			"color": 0,
			"children": [22, 23, 24, 25, 26, 27, 28, 29, 30, 31]
		},
		{
			"name": "group",
			"origin": [2, 7.5, 7.5],
			"color": 0,
			"children": [32, 33, 34, 35, 36, 37, 38, 39]
		}
	]
}