{
	"credit": "Made by Raycifer",
	"texture_size": [8, 8],
	"textures": {
		"0": "./fleuve_cendre_ferryman"
	},
	"elements": [
		{
			"from": [8.525, 4.12132, 7.25368],
			"to": [9.025, 5.62132, 8.75368],
			"rotation": {"angle": -45, "axis": "x", "origin": [9.775, 2.75, 10.125]},
			"faces": {
				"north": {"uv": [4, 1, 5, 4], "texture": "#0"},
				"east": {"uv": [1, 1, 4, 4], "rotation": 180, "texture": "#0"},
				"south": {"uv": [0, 1, 1, 4], "texture": "#0"},
				"west": {"uv": [1, 4, 4, 1], "texture": "#0"},
				"up": {"uv": [0, 4, 1, 1], "texture": "#0"},
				"down": {"uv": [4, 1, 5, 4], "texture": "#0"}
			}
		},
		{
			"from": [7.525, 4, 6.625],
			"to": [8.525, 9, 7.625],
			"rotation": {"angle": 0, "axis": "y", "origin": [9.775, 2.75, 10.125]},
			"faces": {
				"north": {"uv": [14, 0, 12, 10], "texture": "#0"},
				"east": {"uv": [12, 0, 14, 10], "texture": "#0"},
				"south": {"uv": [14, 0, 12, 10], "texture": "#0"},
				"west": {"uv": [12, 0, 14, 10], "texture": "#0"},
				"up": {"uv": [5.5, 7, 7.5, 9], "rotation": 90, "texture": "#0"},
				"down": {"uv": [5.5, 7, 7.5, 9], "rotation": 270, "texture": "#0"}
			}
		},
		{
			"from": [7.525, 11.5, 6.625],
			"to": [8.525, 16.5, 7.625],
			"rotation": {"angle": 0, "axis": "y", "origin": [9.775, 2.75, 10.125]},
			"faces": {
				"north": {"uv": [14, 0, 12, 10], "texture": "#0"},
				"east": {"uv": [12, 0, 14, 10], "texture": "#0"},
				"south": {"uv": [14, 0, 12, 10], "texture": "#0"},
				"west": {"uv": [12, 0, 14, 10], "texture": "#0"},
				"up": {"uv": [5.5, 7, 7.5, 9], "rotation": 90, "texture": "#0"},
				"down": {"uv": [5.5, 7, 7.5, 9], "rotation": 270, "texture": "#0"}
			}
		},
		{
			"from": [7.525, -6, 6.625],
			"to": [8.525, 1, 7.625],
			"rotation": {"angle": 0, "axis": "y", "origin": [9.775, 2.75, 10.125]},
			"faces": {
				"north": {"uv": [16, 0, 14, 14], "texture": "#0"},
				"east": {"uv": [14, 0, 16, 14], "texture": "#0"},
				"south": {"uv": [16, 0, 14, 14], "texture": "#0"},
				"west": {"uv": [14, 0, 16, 14], "texture": "#0"},
				"up": {"uv": [0, 0, 0, 0], "rotation": 90, "texture": "#0"},
				"down": {"uv": [14, 13, 16, 14], "texture": "#0"}
			}
		},
		{
			"from": [7.275, 1, 6.375],
			"to": [8.775, 4, 7.875],
			"rotation": {"angle": 0, "axis": "y", "origin": [9.775, 2.75, 10.125]},
			"faces": {
				"north": {"uv": [12, 0, 9, 6], "texture": "#0"},
				"east": {"uv": [9, 0, 12, 6], "texture": "#0"},
				"south": {"uv": [12, 0, 9, 6], "texture": "#0"},
				"west": {"uv": [9, 0, 12, 6], "texture": "#0"},
				"up": {"uv": [3, 5, 6, 8], "rotation": 90, "texture": "#0"},
				"down": {"uv": [6, 8, 3, 11], "rotation": 270, "texture": "#0"}
			}
		},
		{
			"from": [7.525, 9.75, 5.625],
			"to": [8.525, 10.75, 6.625],
			"rotation": {"angle": 0, "axis": "y", "origin": [9.775, 2.75, 10.125]},
			"faces": {
				"north": {"uv": [7, 2, 9, 4], "texture": "#0"},
				"east": {"uv": [7, 2, 5, 4], "texture": "#0"},
				"south": {"uv": [0, 0, 0, 0], "texture": "#0"},
				"west": {"uv": [7, 2, 5, 4], "texture": "#0"},
				"up": {"uv": [7, 2, 5, 4], "rotation": 90, "texture": "#0"},
				"down": {"uv": [5, 2, 7, 4], "rotation": 90, "texture": "#0"}
			}
		},
		{
			"from": [7.525, 9.5, 6.625],
			"to": [8.525, 11, 7.625],
			"rotation": {"angle": 0, "axis": "y", "origin": [9.775, 2.75, 10.125]},
			"faces": {
				"north": {"uv": [8, 5, 6, 8], "texture": "#0"},
				"east": {"uv": [6, 5, 8, 8], "texture": "#0"},
				"south": {"uv": [8, 5, 6, 8], "texture": "#0"},
				"west": {"uv": [6, 5, 8, 8], "texture": "#0"},
				"up": {"uv": [0, 0, 0, 0], "rotation": 90, "texture": "#0"},
				"down": {"uv": [0, 0, 0, 0], "rotation": 270, "texture": "#0"}
			}
		},
		{
			"from": [7.275, 9, 6.375],
			"to": [8.775, 9.5, 7.875],
			"rotation": {"angle": 0, "axis": "y", "origin": [8.025, 14, 7.125]},
			"faces": {
				"north": {"uv": [0, 11, 3, 12], "texture": "#0"},
				"east": {"uv": [3, 13, 0, 14], "texture": "#0"},
				"south": {"uv": [0, 13, 3, 14], "texture": "#0"},
				"west": {"uv": [0, 11, 3, 12], "texture": "#0"},
				"up": {"uv": [0, 11, 3, 14], "texture": "#0"},
				"down": {"uv": [0, 14, 3, 11], "texture": "#0"}
			}
		},
		{
			"from": [7.275, 11, 6.375],
			"to": [8.775, 11.5, 7.875],
			"rotation": {"angle": 0, "axis": "y", "origin": [8.025, 14, 7.125]},
			"faces": {
				"north": {"uv": [0, 11, 3, 12], "texture": "#0"},
				"east": {"uv": [3, 13, 0, 14], "texture": "#0"},
				"south": {"uv": [0, 13, 3, 14], "texture": "#0"},
				"west": {"uv": [0, 11, 3, 12], "texture": "#0"},
				"up": {"uv": [0, 11, 3, 14], "texture": "#0"},
				"down": {"uv": [0, 14, 3, 11], "texture": "#0"}
			}
		},
		{
			"from": [7.525, 17.25, 5.625],
			"to": [8.525, 18.25, 6.625],
			"rotation": {"angle": 0, "axis": "y", "origin": [9.775, 2.75, 10.125]},
			"faces": {
				"north": {"uv": [7, 2, 9, 4], "texture": "#0"},
				"east": {"uv": [7, 2, 5, 4], "texture": "#0"},
				"south": {"uv": [0, 0, 0, 0], "texture": "#0"},
				"west": {"uv": [7, 2, 5, 4], "texture": "#0"},
				"up": {"uv": [7, 2, 5, 4], "rotation": 90, "texture": "#0"},
				"down": {"uv": [5, 2, 7, 4], "rotation": 90, "texture": "#0"}
			}
		},
		{
			"from": [7.525, 17, 6.625],
			"to": [8.525, 18.5, 7.625],
			"rotation": {"angle": 0, "axis": "y", "origin": [9.775, 2.75, 10.125]},
			"faces": {
				"north": {"uv": [8, 5, 6, 8], "texture": "#0"},
				"east": {"uv": [6, 5, 8, 8], "texture": "#0"},
				"south": {"uv": [8, 5, 6, 8], "texture": "#0"},
				"west": {"uv": [6, 5, 8, 8], "texture": "#0"},
				"up": {"uv": [0, 0, 0, 0], "rotation": 90, "texture": "#0"},
				"down": {"uv": [0, 0, 0, 0], "rotation": 270, "texture": "#0"}
			}
		},
		{
			"from": [7.275, 16.5, 6.375],
			"to": [8.775, 17, 7.875],
			"rotation": {"angle": 0, "axis": "y", "origin": [8.025, 14, 7.125]},
			"faces": {
				"north": {"uv": [0, 11, 3, 12], "texture": "#0"},
				"east": {"uv": [3, 13, 0, 14], "texture": "#0"},
				"south": {"uv": [0, 13, 3, 14], "texture": "#0"},
				"west": {"uv": [0, 11, 3, 12], "texture": "#0"},
				"up": {"uv": [0, 11, 3, 14], "texture": "#0"},
				"down": {"uv": [0, 14, 3, 11], "texture": "#0"}
			}
		},
		{
			"from": [7.275, 18.5, 6.375],
			"to": [8.775, 19, 7.875],
			"rotation": {"angle": 0, "axis": "y", "origin": [8.025, 14, 7.125]},
			"faces": {
				"north": {"uv": [0, 11, 3, 12], "texture": "#0"},
				"east": {"uv": [3, 13, 0, 14], "texture": "#0"},
				"south": {"uv": [0, 13, 3, 14], "texture": "#0"},
				"west": {"uv": [0, 11, 3, 12], "texture": "#0"},
				"up": {"uv": [0, 11, 3, 14], "texture": "#0"},
				"down": {"uv": [0, 14, 3, 11], "texture": "#0"}
			}
		},
		{
			"from": [7.525, 19, 6.625],
			"to": [8.525, 21, 7.625],
			"rotation": {"angle": 0, "axis": "y", "origin": [9.775, 2.75, 10.125]},
			"faces": {
				"north": {"uv": [10, 6, 11, 10], "texture": "#0"},
				"east": {"uv": [12, 6, 10, 10], "texture": "#0"},
				"south": {"uv": [11, 6, 12, 10], "texture": "#0"},
				"west": {"uv": [12, 6, 10, 10], "texture": "#0"},
				"up": {"uv": [10, 6, 12, 7], "rotation": 90, "texture": "#0"},
				"down": {"uv": [0, 0, 0, 0], "rotation": 270, "texture": "#0"}
			}
		},
		{
			"from": [7.525, 20, 7.625],
			"to": [8.525, 21, 8.625],
			"rotation": {"angle": 0, "axis": "y", "origin": [9.775, 2.75, 10.125]},
			"faces": {
				"north": {"uv": [0, 0, 0, 0], "texture": "#0"},
				"east": {"uv": [8, 6, 10, 8], "texture": "#0"},
				"south": {"uv": [0, 0, 0, 0], "texture": "#0"},
				"west": {"uv": [10, 6, 8, 8], "texture": "#0"},
				"up": {"uv": [10, 6, 8, 7], "rotation": 90, "texture": "#0"},
				"down": {"uv": [10, 8, 8, 7], "rotation": 270, "texture": "#0"}
			}
		},
		{
			"from": [7.275, 19.75, 8.625],
			"to": [8.775, 21.25, 9.125],
			"rotation": {"angle": 0, "axis": "y", "origin": [9.775, 2.75, 10.125]},
			"faces": {
				"north": {"uv": [3, 11, 0, 14], "texture": "#0"},
				"east": {"uv": [2, 11, 3, 14], "texture": "#0"},
				"south": {"uv": [0, 11, 3, 14], "texture": "#0"},
				"west": {"uv": [0, 11, 1, 14], "texture": "#0"},
				"up": {"uv": [0, 11, 3, 12], "texture": "#0"},
				"down": {"uv": [0, 13, 3, 14], "texture": "#0"}
			}
		},
		{
			"from": [7.275, 19.75, 9.625],
			"to": [8.775, 21.25, 10.125],
			"rotation": {"angle": 0, "axis": "y", "origin": [9.775, 2.75, 10.125]},
			"faces": {
				"north": {"uv": [3, 11, 0, 14], "texture": "#0"},
				"east": {"uv": [2, 11, 3, 14], "texture": "#0"},
				"south": {"uv": [0, 8, 3, 11], "texture": "#0"},
				"west": {"uv": [0, 11, 1, 14], "texture": "#0"},
				"up": {"uv": [0, 11, 3, 12], "texture": "#0"},
				"down": {"uv": [0, 13, 3, 14], "texture": "#0"}
			}
		},
		{
			"from": [7.525, 20, 9.125],
			"to": [8.525, 21, 9.625],
			"rotation": {"angle": 0, "axis": "y", "origin": [9.775, 2.75, 10.125]},
			"faces": {
				"north": {"uv": [0, 0, 0, 0], "texture": "#0"},
				"east": {"uv": [8, 6, 6, 7], "rotation": 90, "texture": "#0"},
				"south": {"uv": [0, 0, 0, 0], "texture": "#0"},
				"west": {"uv": [6, 6, 8, 7], "rotation": 90, "texture": "#0"},
				"up": {"uv": [6, 6, 8, 7], "texture": "#0"},
				"down": {"uv": [8, 6, 6, 7], "texture": "#0"}
			}
		},
		{
			"from": [7.525, -5, 6.125],
			"to": [8.525, -4, 8.125],
			"rotation": {"angle": 0, "axis": "y", "origin": [9.775, 2.75, 10.125]},
			"faces": {
				"north": {"uv": [5, 0, 6, 2], "texture": "#0"},
				"east": {"uv": [9, 0, 5, 2], "texture": "#0"},
				"south": {"uv": [5, 0, 6, 2], "texture": "#0"},
				"west": {"uv": [5, 0, 9, 2], "texture": "#0"},
				"up": {"uv": [5, 0, 9, 1], "rotation": 90, "texture": "#0"},
				"down": {"uv": [5, 1, 9, 2], "rotation": 270, "texture": "#0"}
			}
		},
		{
			"from": [8.025, -5.75, 5.625],
			"to": [8.025, -3.25, 6.625],
			"rotation": {"angle": 0, "axis": "y", "origin": [9.775, 2.75, 10.125]},
			"faces": {
				"north": {"uv": [0, 0, 0, 5], "texture": "#0"},
				"east": {"uv": [12, 10, 14, 15], "texture": "#0"},
				"south": {"uv": [0, 0, 0, 5], "texture": "#0"},
				"west": {"uv": [14, 10, 12, 15], "texture": "#0"},
				"up": {"uv": [0, 0, 2, 0], "rotation": 90, "texture": "#0"},
				"down": {"uv": [0, 0, 2, 0], "rotation": 270, "texture": "#0"}
			}
		},
		{
			"from": [7.61079, 3.06066, 8.375],
			"to": [9.11079, 4.56066, 8.875],
			"rotation": {"angle": 45, "axis": "z", "origin": [9.775, 2.75, 10.125]},
			"faces": {
				"north": {"uv": [0, 5, 3, 8], "texture": "#0"},
				"east": {"uv": [0, 5, 1, 8], "texture": "#0"},
				"south": {"uv": [0, 5, 3, 8], "rotation": 90, "texture": "#0"},
				"west": {"uv": [2, 5, 3, 8], "texture": "#0"},
				"up": {"uv": [3, 5, 0, 6], "texture": "#0"},
				"down": {"uv": [3, 7, 0, 8], "texture": "#0"}
			}
		},
		{
			"from": [7.775, 3.20711, 8.81434],
			"to": [8.275, 3.70711, 9.31434],
			"rotation": {"angle": -45, "axis": "x", "origin": [9.775, 2.75, 10.125]},
			"faces": {
				"north": {"uv": [8, 1, 7, 0], "texture": "#0"},
				"east": {"uv": [8, 1, 7, 0], "texture": "#0"},
				"south": {"uv": [8, 1, 7, 0], "texture": "#0"},
				"west": {"uv": [8, 1, 7, 0], "texture": "#0"},
				"up": {"uv": [8, 1, 7, 0], "rotation": 90, "texture": "#0"},
				"down": {"uv": [8, 1, 7, 0], "rotation": 270, "texture": "#0"}
			}
		},
		{
			"from": [6.775, 1.249, 5.875],
			"to": [9.275, 1.249, 8.375],
			"rotation": {"angle": 0, "axis": "y", "origin": [9.775, 2.75, 10.125]},
			"faces": {
				"north": {"uv": [0, 0, 0, 0], "texture": "#0"},
				"east": {"uv": [0, 0, 0, 0], "texture": "#0"},
				"south": {"uv": [0, 0, 0, 0], "texture": "#0"},
				"west": {"uv": [0, 0, 0, 0], "texture": "#0"},
				"up": {"uv": [7, 10, 12, 15], "rotation": 90, "texture": "#0"},
				"down": {"uv": [7, 10, 12, 15], "rotation": 270, "texture": "#0"}
			}
		},
		{
			"from": [6.775, 3.749, 5.875],
			"to": [9.275, 3.749, 8.375],
			"rotation": {"angle": 0, "axis": "y", "origin": [9.775, 2.75, 10.125]},
			"faces": {
				"north": {"uv": [0, 0, 0, 0], "texture": "#0"},
				"east": {"uv": [0, 0, 0, 0], "texture": "#0"},
				"south": {"uv": [0, 0, 0, 0], "texture": "#0"},
				"west": {"uv": [0, 0, 0, 0], "texture": "#0"},
				"up": {"uv": [7, 10, 12, 15], "rotation": 90, "texture": "#0"},
				"down": {"uv": [7, 10, 12, 15], "rotation": 270, "texture": "#0"}
			}
		},
		{
			"from": [7.525, 2, 7.875],
			"to": [8.525, 3, 8.375],
			"rotation": {"angle": 0, "axis": "y", "origin": [9.775, 2.75, 10.125]},
			"faces": {
				"north": {"uv": [0, 0, 0, 0], "texture": "#0"},
				"east": {"uv": [8, 6, 6, 7], "rotation": 90, "texture": "#0"},
				"south": {"uv": [0, 0, 0, 0], "texture": "#0"},
				"west": {"uv": [6, 6, 8, 7], "rotation": 90, "texture": "#0"},
				"up": {"uv": [6, 6, 8, 7], "texture": "#0"},
				"down": {"uv": [8, 6, 6, 7], "texture": "#0"}
			}
		}
	],
	"display": {
		"thirdperson_righthand": {
			"translation": [0, 12, 1.5],
			"scale": [1.5, 1.5, 1.5]
		},
		"thirdperson_lefthand": {
			"translation": [0, 12, 1.5],
			"scale": [1.5, 1.5, 1.5]
		},
		"firstperson_righthand": {
			"rotation": [0, 0, 2],
			"translation": [9, 5, -9],
			"scale": [2, 2, 2]
		},
		"firstperson_lefthand": {
			"rotation": [0, 0, 2],
			"translation": [9, 5, -9],
			"scale": [2, 2, 2]
		},
		"ground": {
			"rotation": [45, -45, 45],
			"translation": [0, 6, 0]
		},
		"gui": {
			"rotation": [-45, -45, -45],
			"translation": [0, 1, 0]
		}
	},
	"groups": [
		0,
		1,
		2,
		3,
		4,
		{
			"name": "connector",
			"origin": [8, 7.25, 8],
			"color": 0,
			"children": [5, 6, 7, 8]
		},
		{
			"name": "connector",
			"origin": [8, 7.25, 8],
			"color": 0,
			"children": [9, 10, 11, 12]
		},
		13,
		14,
		15,
		16,
		17,
		18,
		19,
		20,
		21,
		22,
		23,
		24
	]
}