{
	"credit": "Made by Raycifer",
	"textures": {
		"0": "./freedom_sworn"
	},
	"elements": [
		{
			"from": [6.75, 5.25, 8],
			"to": [9.25, 21.25, 8.001],
			"rotation": {"angle": 0, "axis": "y", "origin": [7.25, 4.75, 8]},
			"faces": {
				"north": {"uv": [0, 0, 2.5, 16], "texture": "#0"},
				"east": {"uv": [0, 0, 0, 0], "texture": "#0"},
				"south": {"uv": [2.5, 0, 0, 16], "texture": "#0"},
				"west": {"uv": [0, 0, 0, 0], "texture": "#0"},
				"up": {"uv": [0, 0, 0, 0], "texture": "#0"},
				"down": {"uv": [0, 0, 0, 0], "texture": "#0"}
			}
		},
		{
			"from": [7.75, 5.25, 7.75],
			"to": [8.25, 7.25, 8.25],
			"rotation": {"angle": 0, "axis": "y", "origin": [7.25, 4.75, 7.75]},
			"faces": {
				"north": {"uv": [3, 7.5, 3.5, 9.5], "texture": "#0"},
				"east": {"uv": [1, 5.9375, 1.5, 7.9375], "texture": "#0"},
				"south": {"uv": [3, 7.5, 3.5, 9.5], "texture": "#0"},
				"west": {"uv": [1, 5.9375, 1.5, 7.9375], "texture": "#0"},
				"up": {"uv": [3, 7.5, 3.5, 8], "texture": "#0"},
				"down": {"uv": [0, 0, 0, 0], "texture": "#0"}
			}
		},
		{
			"from": [8.25, 5.75, 7.75],
			"to": [8.75, 6.25, 8.25],
			"rotation": {"angle": 0, "axis": "y", "origin": [7.25, 4.75, 7.75]},
			"faces": {
				"north": {"uv": [2.5, 8.5, 3, 9], "texture": "#0"},
				"east": {"uv": [0, 0, 0, 0], "texture": "#0"},
				"south": {"uv": [2.5, 8.5, 3, 9], "texture": "#0"},
				"west": {"uv": [0, 0, 0, 0], "texture": "#0"},
				"up": {"uv": [2.5, 8.5, 3, 9], "texture": "#0"},
				"down": {"uv": [2.5, 8.5, 3, 9], "texture": "#0"}
			}
		},
		{
			"from": [7.25, 5.75, 7.75],
			"to": [7.75, 6.25, 8.25],
			"rotation": {"angle": 0, "axis": "y", "origin": [7.25, 4.75, 7.75]},
			"faces": {
				"north": {"uv": [3.5, 8.5, 4, 9], "texture": "#0"},
				"east": {"uv": [0, 0, 0, 0], "texture": "#0"},
				"south": {"uv": [3.5, 8.5, 4, 9], "texture": "#0"},
				"west": {"uv": [0, 0, 0, 0], "texture": "#0"},
				"up": {"uv": [3.5, 8.5, 4, 9], "texture": "#0"},
				"down": {"uv": [3.5, 8.5, 4, 9], "texture": "#0"}
			}
		},
		{
			"from": [7.5, 5.25, 7.75],
			"to": [7.501, 7.75, 8.25],
			"rotation": {"angle": 0, "axis": "y", "origin": [7.25, 4.75, 7.25]},
			"faces": {
				"north": {"uv": [0, 0, 0, 0], "texture": "#0"},
				"east": {"uv": [4, 7, 4.5, 9.5], "texture": "#0"},
				"south": {"uv": [0, 0, 0, 0], "texture": "#0"},
				"west": {"uv": [4, 7, 4.5, 9.5], "texture": "#0"},
				"up": {"uv": [0, 0, 0, 0], "texture": "#0"},
				"down": {"uv": [0, 0, 0, 0], "texture": "#0"}
			}
		},
		{
			"from": [8.5, 5.25, 7.75],
			"to": [8.501, 7.75, 8.25],
			"rotation": {"angle": 0, "axis": "y", "origin": [7.25, 4.75, 7.25]},
			"faces": {
				"north": {"uv": [0, 0, 0, 0], "texture": "#0"},
				"east": {"uv": [4, 7, 4.5, 9.5], "texture": "#0"},
				"south": {"uv": [0, 0, 0, 0], "texture": "#0"},
				"west": {"uv": [4, 7, 4.5, 9.5], "texture": "#0"},
				"up": {"uv": [0, 0, 0, 0], "texture": "#0"},
				"down": {"uv": [0, 0, 0, 0], "texture": "#0"}
			}
		},
		{
			"from": [7.75, 7.25, 7.75],
			"to": [7.751, 7.75, 8.25],
			"rotation": {"angle": 0, "axis": "y", "origin": [7.25, 4.75, 7.25]},
			"faces": {
				"north": {"uv": [0, 0, 0, 0], "texture": "#0"},
				"east": {"uv": [1, 5.5, 1.5, 6], "texture": "#0"},
				"south": {"uv": [0, 0, 0, 0], "texture": "#0"},
				"west": {"uv": [1, 5.5, 1.5, 6], "texture": "#0"},
				"up": {"uv": [0, 0, 0, 0], "texture": "#0"},
				"down": {"uv": [0, 0, 0, 0], "texture": "#0"}
			}
		},
		{
			"from": [8, 9.25, 7.75],
			"to": [8.001, 10.25, 8.25],
			"rotation": {"angle": 0, "axis": "y", "origin": [7.25, 4.75, 7.25]},
			"faces": {
				"north": {"uv": [0, 0, 0, 0], "texture": "#0"},
				"east": {"uv": [1, 5.5, 1.5, 6], "texture": "#0"},
				"south": {"uv": [0, 0, 0, 0], "texture": "#0"},
				"west": {"uv": [1, 5.5, 1.5, 6], "texture": "#0"},
				"up": {"uv": [0, 0, 0, 0], "texture": "#0"},
				"down": {"uv": [0, 0, 0, 0], "texture": "#0"}
			}
		},
		{
			"from": [8, 7.25, 7.75],
			"to": [8.001, 7.75, 8.25],
			"rotation": {"angle": 0, "axis": "y", "origin": [7.25, 4.75, 7.25]},
			"faces": {
				"north": {"uv": [0, 0, 0, 0], "texture": "#0"},
				"east": {"uv": [1, 5.5, 1.5, 6], "texture": "#0"},
				"south": {"uv": [0, 0, 0, 0], "texture": "#0"},
				"west": {"uv": [1, 5.5, 1.5, 6], "texture": "#0"},
				"up": {"uv": [0, 0, 0, 0], "texture": "#0"},
				"down": {"uv": [0, 0, 0, 0], "texture": "#0"}
			}
		},
		{
			"from": [8.25, 7.25, 7.75],
			"to": [8.251, 7.75, 8.25],
			"rotation": {"angle": 0, "axis": "y", "origin": [7.25, 4.75, 7.25]},
			"faces": {
				"north": {"uv": [0, 0, 0, 0], "texture": "#0"},
				"east": {"uv": [1, 5.5, 1.5, 6], "texture": "#0"},
				"south": {"uv": [0, 0, 0, 0], "texture": "#0"},
				"west": {"uv": [1, 5.5, 1.5, 6], "texture": "#0"},
				"up": {"uv": [0, 0, 0, 0], "texture": "#0"},
				"down": {"uv": [0, 0, 0, 0], "texture": "#0"}
			}
		},
		{
			"from": [7.25, 2.25, 7.5],
			"to": [8.75, 4.75, 8.5],
			"rotation": {"angle": 0, "axis": "y", "origin": [7.25, 4.25, 7.5]},
			"faces": {
				"north": {"uv": [2.5, 3, 4, 5.5], "texture": "#0"},
				"east": {"uv": [3, 3, 2.5, 5.5], "texture": "#0"},
				"south": {"uv": [4, 3, 2.5, 5.5], "texture": "#0"},
				"west": {"uv": [4, 3, 3.5, 5.5], "texture": "#0"},
				"up": {"uv": [4, 3, 2.5, 3.5], "texture": "#0"},
				"down": {"uv": [4, 5, 2.5, 5.5], "texture": "#0"}
			}
		},
		{
			"from": [6.85, 2.25, 7.75],
			"to": [7.35, 3.25, 8.25],
			"rotation": {"angle": 45, "axis": "z", "origin": [7, 2.75, 8]},
			"faces": {
				"north": {"uv": [3.5, 5.5, 4, 6.5], "texture": "#0"},
				"east": {"uv": [3.5, 5.5, 4, 6.5], "texture": "#0"},
				"south": {"uv": [3.5, 5.5, 4, 6.5], "texture": "#0"},
				"west": {"uv": [3.5, 5.5, 4, 6.5], "texture": "#0"},
				"up": {"uv": [0, 0, 0, 0], "texture": "#0"},
				"down": {"uv": [0, 0, 0, 0], "texture": "#0"}
			}
		},
		{
			"from": [8.65, 2.25, 7.75],
			"to": [9.15, 3.25, 8.25],
			"rotation": {"angle": -45, "axis": "z", "origin": [9, 2.75, 8]},
			"faces": {
				"north": {"uv": [4, 5.5, 3.5, 6.5], "texture": "#0"},
				"east": {"uv": [4, 5.5, 3.5, 6.5], "texture": "#0"},
				"south": {"uv": [4, 5.5, 3.5, 6.5], "texture": "#0"},
				"west": {"uv": [4, 5.5, 3.5, 6.5], "texture": "#0"},
				"up": {"uv": [0, 0, 0, 0], "texture": "#0"},
				"down": {"uv": [0, 0, 0, 0], "texture": "#0"}
			}
		},
		{
			"from": [8.15, 3.25, 7.5],
			"to": [9.15, 4.25, 8.5],
			"rotation": {"angle": -45, "axis": "z", "origin": [9, 2.75, 8]},
			"faces": {
				"north": {"uv": [2.5, 5.5, 3.5, 6.5], "texture": "#0"},
				"east": {"uv": [2.5, 5.5, 3, 6.5], "texture": "#0"},
				"south": {"uv": [3.5, 5.5, 2.5, 6.5], "texture": "#0"},
				"west": {"uv": [3, 5.5, 3.5, 6.5], "texture": "#0"},
				"up": {"uv": [3.5, 5.5, 2.5, 6], "texture": "#0"},
				"down": {"uv": [3.5, 6, 2.5, 6.5], "texture": "#0"}
			}
		},
		{
			"from": [6.85, 3.25, 7.5],
			"to": [7.85, 4.25, 8.5],
			"rotation": {"angle": 45, "axis": "z", "origin": [7, 2.75, 8]},
			"faces": {
				"north": {"uv": [3.5, 5.5, 2.5, 6.5], "texture": "#0"},
				"east": {"uv": [3.5, 5.5, 3, 6.5], "texture": "#0"},
				"south": {"uv": [2.5, 5.5, 3.5, 6.5], "texture": "#0"},
				"west": {"uv": [3, 5.5, 2.5, 6.5], "texture": "#0"},
				"up": {"uv": [2.5, 5.5, 3.5, 6], "texture": "#0"},
				"down": {"uv": [2.5, 6, 3.5, 6.5], "texture": "#0"}
			}
		},
		{
			"from": [6, 4.75, 7.75],
			"to": [10, 5.25, 8.25],
			"rotation": {"angle": 0, "axis": "y", "origin": [7.5, 4.75, 7.5]},
			"faces": {
				"north": {"uv": [5, 6, 9, 6.5], "texture": "#0"},
				"east": {"uv": [0, 0, 0, 0], "texture": "#0"},
				"south": {"uv": [9, 6, 5, 6.5], "texture": "#0"},
				"west": {"uv": [0, 0, 0, 0], "texture": "#0"},
				"up": {"uv": [9, 6, 5, 6.5], "texture": "#0"},
				"down": {"uv": [9, 6, 5, 6.5], "texture": "#0"}
			}
		},
		{
			"from": [4.31284, 1.78587, 7.75],
			"to": [4.81284, 3.28587, 8.25],
			"rotation": {"angle": -45, "axis": "z", "origin": [5.26284, 2.78587, 8]},
			"faces": {
				"north": {"uv": [5, 6, 4.5, 7.5], "texture": "#0"},
				"east": {"uv": [5, 6, 4.5, 7.5], "texture": "#0"},
				"south": {"uv": [5, 6, 4.5, 7.5], "texture": "#0"},
				"west": {"uv": [5, 6, 4.5, 7.5], "texture": "#0"},
				"up": {"uv": [0, 0, 0, 0], "texture": "#0"},
				"down": {"uv": [5, 7, 4.5, 7.5], "texture": "#0"}
			}
		},
		{
			"from": [5.55, 5.25, 7.5],
			"to": [6.05, 5.75, 8.5],
			"rotation": {"angle": -22.5, "axis": "z", "origin": [6.5, 5.25, 8]},
			"faces": {
				"north": {"uv": [4, 3, 4.5, 3.5], "texture": "#0"},
				"east": {"uv": [4, 3, 4.5, 3.5], "texture": "#0"},
				"south": {"uv": [4, 3, 4.5, 3.5], "texture": "#0"},
				"west": {"uv": [4, 3, 4.5, 3.5], "texture": "#0"},
				"up": {"uv": [4, 3, 4.5, 3.5], "texture": "#0"},
				"down": {"uv": [0, 0, 0, 0], "texture": "#0"}
			}
		},
		{
			"from": [4.81284, 2.28587, 7.75],
			"to": [5.31284, 3.28587, 8.25],
			"rotation": {"angle": -45, "axis": "z", "origin": [5.26284, 2.78587, 8]},
			"faces": {
				"north": {"uv": [4.5, 6, 4, 7], "texture": "#0"},
				"east": {"uv": [4.5, 6, 4, 7], "texture": "#0"},
				"south": {"uv": [4.5, 6, 4, 7], "texture": "#0"},
				"west": {"uv": [4.5, 6, 4, 7], "texture": "#0"},
				"up": {"uv": [0, 0, 0, 0], "texture": "#0"},
				"down": {"uv": [4.5, 6.5, 4, 7], "texture": "#0"}
			}
		},
		{
			"from": [5.55, 2.75, 7.5],
			"to": [6.55, 5.25, 8.5],
			"rotation": {"angle": -22.5, "axis": "z", "origin": [6.5, 5.25, 8]},
			"faces": {
				"north": {"uv": [4, 3.5, 5, 6], "texture": "#0"},
				"east": {"uv": [4.5, 3.5, 4, 6], "texture": "#0"},
				"south": {"uv": [5, 3.5, 4, 6], "texture": "#0"},
				"west": {"uv": [5, 3.5, 4.5, 6], "texture": "#0"},
				"up": {"uv": [5, 3.5, 4, 4], "texture": "#0"},
				"down": {"uv": [5, 5.5, 4, 6], "texture": "#0"}
			}
		},
		{
			"from": [9.45, 2.75, 7.5],
			"to": [10.45, 5.25, 8.5],
			"rotation": {"angle": 22.5, "axis": "z", "origin": [9.5, 5.25, 8]},
			"faces": {
				"north": {"uv": [5, 3.5, 4, 6], "texture": "#0"},
				"east": {"uv": [4.5, 3.5, 5, 6], "texture": "#0"},
				"south": {"uv": [4, 3.5, 5, 6], "texture": "#0"},
				"west": {"uv": [4, 3.5, 4.5, 6], "texture": "#0"},
				"up": {"uv": [4, 3.5, 5, 4], "texture": "#0"},
				"down": {"uv": [4, 5.5, 5, 6], "texture": "#0"}
			}
		},
		{
			"from": [10.68716, 2.28587, 7.75],
			"to": [11.18716, 3.28587, 8.25],
			"rotation": {"angle": 45, "axis": "z", "origin": [10.73716, 2.78587, 8]},
			"faces": {
				"north": {"uv": [4, 6, 4.5, 7], "texture": "#0"},
				"east": {"uv": [4, 6, 4.5, 7], "texture": "#0"},
				"south": {"uv": [4, 6, 4.5, 7], "texture": "#0"},
				"west": {"uv": [4, 6, 4.5, 7], "texture": "#0"},
				"up": {"uv": [0, 0, 0, 0], "texture": "#0"},
				"down": {"uv": [4, 6.5, 4.5, 7], "texture": "#0"}
			}
		},
		{
			"from": [11.18716, 1.78587, 7.75],
			"to": [11.68716, 3.28587, 8.25],
			"rotation": {"angle": 45, "axis": "z", "origin": [10.73716, 2.78587, 8]},
			"faces": {
				"north": {"uv": [4.5, 6, 5, 7.5], "texture": "#0"},
				"east": {"uv": [4.5, 6, 5, 7.5], "texture": "#0"},
				"south": {"uv": [4.5, 6, 5, 7.5], "texture": "#0"},
				"west": {"uv": [4.5, 6, 5, 7.5], "texture": "#0"},
				"up": {"uv": [0, 0, 0, 0], "texture": "#0"},
				"down": {"uv": [4.5, 7, 5, 7.5], "texture": "#0"}
			}
		},
		{
			"from": [9.95, 5.25, 7.5],
			"to": [10.45, 5.75, 8.5],
			"rotation": {"angle": 22.5, "axis": "z", "origin": [9.5, 5.25, 8]},
			"faces": {
				"north": {"uv": [4.5, 3, 4, 3.5], "texture": "#0"},
				"east": {"uv": [4.5, 3, 4, 3.5], "texture": "#0"},
				"south": {"uv": [4.5, 3, 4, 3.5], "texture": "#0"},
				"west": {"uv": [4.5, 3, 4, 3.5], "texture": "#0"},
				"up": {"uv": [4.5, 3, 4, 3.5], "texture": "#0"},
				"down": {"uv": [0, 0, 0, 0], "texture": "#0"}
			}
		},
		{
			"from": [7.5, -3.75, 7.5],
			"to": [8.5, 2.25, 8.5],
			"rotation": {"angle": 0, "axis": "y", "origin": [7.5, 4.75, 7.5]},
			"faces": {
				"north": {"uv": [7, 0, 6, 6], "texture": "#0"},
				"east": {"uv": [5, 0, 6, 6], "texture": "#0"},
				"south": {"uv": [7, 0, 8, 6], "texture": "#0"},
				"west": {"uv": [9, 0, 8, 6], "texture": "#0"},
				"up": {"uv": [0, 0, 0, 0], "texture": "#0"},
				"down": {"uv": [8, 5.5, 9, 6], "texture": "#0"}
			}
		},
		{
			"from": [7.5, 2.25, 7.25],
			"to": [8.5, 3.25, 8.75],
			"rotation": {"angle": 45, "axis": "z", "origin": [8, 2.75, 8]},
			"faces": {
				"north": {"uv": [2.5, 6.5, 3.5, 7.5], "texture": "#0"},
				"east": {"uv": [2.5, 6.5, 3, 7.5], "texture": "#0"},
				"south": {"uv": [2.5, 6.5, 3.5, 7.5], "rotation": 90, "texture": "#0"},
				"west": {"uv": [3, 6.5, 3.5, 7.5], "texture": "#0"},
				"up": {"uv": [3.5, 6.5, 2.5, 7], "texture": "#0"},
				"down": {"uv": [3.5, 7, 2.5, 7.5], "texture": "#0"}
			}
		},
		{
			"from": [8.75, 5.25, 7.75],
			"to": [9.25, 6.75, 8.25],
			"rotation": {"angle": 0, "axis": "y", "origin": [7.75, 4.75, 7.5]},
			"faces": {
				"north": {"uv": [3.5, 5.5, 4, 7], "texture": "#0"},
				"east": {"uv": [3.5, 5.5, 4, 7], "texture": "#0"},
				"south": {"uv": [3.5, 5.5, 4, 7], "texture": "#0"},
				"west": {"uv": [3.5, 5.5, 4, 7], "texture": "#0"},
				"up": {"uv": [3.5, 5.5, 4, 6], "texture": "#0"},
				"down": {"uv": [0, 0, 0, 0], "texture": "#0"}
			}
		},
		{
			"from": [6.75, 5.25, 7.75],
			"to": [7.25, 6.75, 8.25],
			"rotation": {"angle": 0, "axis": "y", "origin": [7.75, 4.75, 7.5]},
			"faces": {
				"north": {"uv": [3.5, 5.5, 4, 7], "texture": "#0"},
				"east": {"uv": [3.5, 5.5, 4, 7], "texture": "#0"},
				"south": {"uv": [3.5, 5.5, 4, 7], "texture": "#0"},
				"west": {"uv": [3.5, 5.5, 4, 7], "texture": "#0"},
				"up": {"uv": [3.5, 5.5, 4, 6], "texture": "#0"},
				"down": {"uv": [0, 0, 0, 0], "texture": "#0"}
			}
		},
		{
			"from": [7.75, -5.25, 8],
			"to": [8.25, -3.75, 8.001],
			"rotation": {"angle": 0, "axis": "y", "origin": [7.75, 4.75, 7]},
			"faces": {
				"north": {"uv": [3.5, 5.5, 4, 7], "texture": "#0"},
				"east": {"uv": [0, 0, 0, 0], "texture": "#0"},
				"south": {"uv": [3.5, 5.5, 4, 7], "texture": "#0"},
				"west": {"uv": [0, 0, 0, 0], "texture": "#0"},
				"up": {"uv": [0, 0, 0, 0], "texture": "#0"},
				"down": {"uv": [0, 0, 0, 0], "texture": "#0"}
			}
		},
		{
			"from": [8.25, -4.25, 7.75],
			"to": [8.75, -3.25, 8.25],
			"rotation": {"angle": 22.5, "axis": "z", "origin": [8.5, -3.75, 8]},
			"faces": {
				"north": {"uv": [4, 5.5, 3.5, 6.5], "texture": "#0"},
				"east": {"uv": [4, 5.5, 3.5, 6.5], "texture": "#0"},
				"south": {"uv": [4, 5.5, 3.5, 6.5], "texture": "#0"},
				"west": {"uv": [4, 5.5, 3.5, 6.5], "texture": "#0"},
				"up": {"uv": [4, 5.5, 3.5, 6], "texture": "#0"},
				"down": {"uv": [4, 6, 3.5, 6.5], "texture": "#0"}
			}
		},
		{
			"from": [7.25, -4.25, 7.75],
			"to": [7.75, -3.25, 8.25],
			"rotation": {"angle": -22.5, "axis": "z", "origin": [7.5, -3.75, 8]},
			"faces": {
				"north": {"uv": [3.5, 5.5, 4, 6.5], "texture": "#0"},
				"east": {"uv": [3.5, 5.5, 4, 6.5], "texture": "#0"},
				"south": {"uv": [3.5, 5.5, 4, 6.5], "texture": "#0"},
				"west": {"uv": [3.5, 5.5, 4, 6.5], "texture": "#0"},
				"up": {"uv": [3.5, 5.5, 4, 6], "texture": "#0"},
				"down": {"uv": [3.5, 6, 4, 6.5], "texture": "#0"}
			}
		},
		{
			"from": [7.75, -4, 7.2],
			"to": [8.25, -3, 7.7],
			"rotation": {"angle": 22.5, "axis": "x", "origin": [8, -3.75, 8]},
			"faces": {
				"north": {"uv": [3.5, 5.5, 4, 6.5], "texture": "#0"},
				"east": {"uv": [3.5, 5.5, 4, 6.5], "texture": "#0"},
				"south": {"uv": [3.5, 5.5, 4, 6.5], "texture": "#0"},
				"west": {"uv": [3.5, 5.5, 4, 6.5], "texture": "#0"},
				"up": {"uv": [3.5, 5.5, 4, 6], "texture": "#0"},
				"down": {"uv": [3.5, 6, 4, 6.5], "texture": "#0"}
			}
		},
		{
			"from": [7.75, -4, 8.3],
			"to": [8.25, -3, 8.8],
			"rotation": {"angle": -22.5, "axis": "x", "origin": [8, -3.75, 8]},
			"faces": {
				"north": {"uv": [4, 5.5, 3.5, 6.5], "texture": "#0"},
				"east": {"uv": [4, 5.5, 3.5, 6.5], "texture": "#0"},
				"south": {"uv": [4, 5.5, 3.5, 6.5], "texture": "#0"},
				"west": {"uv": [4, 5.5, 3.5, 6.5], "texture": "#0"},
				"up": {"uv": [3.5, 6, 4, 5.5], "texture": "#0"},
				"down": {"uv": [3.5, 6.5, 4, 6], "texture": "#0"}
			}
		}
	],
	"display": {
		"thirdperson_righthand": {
			"rotation": [0, -90, 0],
			"translation": [0, 10.25, 0.25],
			"scale": [1.5, 1.5, 1.5]
		},
		"thirdperson_lefthand": {
			"rotation": [0, -90, 0],
			"translation": [0, 10.25, 0.25],
			"scale": [1.5, 1.5, 1.5]
		},
		"firstperson_righthand": {
			"rotation": [-2, 90, 0],
			"translation": [9, 3.25, -9],
			"scale": [2, 2, 2]
		},
		"firstperson_lefthand": {
			"rotation": [-2, 90, 0],
			"translation": [9, 3.25, -9],
			"scale": [2, 2, 2]
		},
		"ground": {
			"rotation": [45, 45, 0],
			"translation": [0, 4, 0],
			"scale": [0.8, 0.8, 0.8]
		},
		"gui": {
			"rotation": [-20, 160, 30],
			"translation": [1, 3.75, 0]
		}
	},
	"groups": [
		0,
		{
			"name": "group",
			"origin": [7.25, 0, 7.25],
			"color": 0,
			"children": [1, 2, 3, 4, 5, 6, 7, 8, 9]
		},
		{
			"name": "guard",
			"origin": [7, -1.5, 8],
			"color": 0,
			"children": [
				10,
				11,
				12,
				13,
				14,
				15,
				{
					"name": "group",
					"origin": [6.5, 0.5, 8],
					"color": 0,
					"children": [16, 17, 18, 19]
				},
				{
					"name": "group",
					"origin": [6.5, 0.5, 8],
					"color": 0,
					"children": [20, 21, 22, 23]
				}
			]
		},
		24,
		25,
		26,
		27,
		28,
		29,
		30,
		31,
		32
	]
}