{
    "providers":[
		{
            "type": "bitmap",
            "file": "minecraft:gui/fishbar/001.png",
            "ascent": 13,
            "height": 16,
            "chars": [
                "\uEff8"
            ]
        },
		{
            "type": "bitmap",
            "file": "minecraft:gui/fishbar/002.png",
            "ascent": 13,
            "height": 16,
            "chars": [
                "\uEff9"
            ]
        },
		{
            "type": "bitmap",
            "file": "minecraft:gui/fishbar/003.png",
            "ascent": 13,
            "height": 16,
            "chars": [
                "\uEffA"
            ]
        },
		{
            "type": "bitmap",
            "file": "minecraft:gui/fishbar/004.png",
            "ascent": 13,
            "height": 16,
            "chars": [
                "\uEffB"
            ]
        },
		{
            "type": "bitmap",
            "file": "minecraft:gui/fishbar/005.png",
            "ascent": 13,
            "height": 16,
            "chars": [
                "\uEffC"
            ]
        },
		{
            "type": "bitmap",
            "file": "minecraft:gui/fishbar/006.png",
            "ascent": 13,
            "height": 16,
            "chars": [
                "\uEffD"
            ]
        },
		{
            "type": "bitmap",
            "file": "minecraft:gui/fishbar/007.png",
            "ascent": 13,
            "height": 16,
            "chars": [
                "\uEffE"
            ]
        },
		{
            "type": "bitmap",
            "file": "minecraft:gui/fishbar/008.png",
            "ascent": 13,
            "height": 16,
            "chars": [
                "\uF000"
            ]
        },
		{
            "type": "bitmap",
            "file": "minecraft:gui/fishbar/009.png",
            "ascent": 13,
            "height": 16,
            "chars": [
                "\uF001"
            ]
        },
		{
            "type": "bitmap",
            "file": "minecraft:gui/fishbar/010.png",
            "ascent": 13,
            "height": 16,
            "chars": [
                "\uF002"
            ]
        },
		{
            "type": "bitmap",
            "file": "minecraft:gui/fishbar/011.png",
            "ascent": 13,
            "height": 16,
            "chars": [
                "\uF003"
            ]
        },
		{
            "type": "bitmap",
            "file": "minecraft:gui/fishbar/101.png",
            "ascent": 13,
            "height": 16,
            "chars": [
                "\uF004"
            ]
        },
		{
            "type": "bitmap",
            "file": "minecraft:gui/fishbar/102.png",
            "ascent": 13,
            "height": 16,
            "chars": [
                "\uF005"
            ]
        },
		{
            "type": "bitmap",
            "file": "minecraft:gui/fishbar/103.png",
            "ascent": 13,
            "height": 16,
            "chars": [
                "\uF006"
            ]
        },
		{
            "type": "bitmap",
            "file": "minecraft:gui/fishbar/104.png",
            "ascent": 13,
            "height": 16,
            "chars": [
                "\uF007"
            ]
        },
		{
            "type": "bitmap",
            "file": "minecraft:gui/fishbar/105.png",
            "ascent": 13,
            "height": 16,
            "chars": [
                "\uF008"
            ]
        },
		{
            "type": "bitmap",
            "file": "minecraft:gui/fishbar/106.png",
            "ascent": 13,
            "height": 16,
            "chars": [
                "\uF009"
            ]
        },
		{
            "type": "bitmap",
            "file": "minecraft:gui/fishbar/107.png",
            "ascent": 13,
            "height": 16,
            "chars": [
                "\uF010"
            ]
        },
		{
            "type": "bitmap",
            "file": "minecraft:gui/fishbar/108.png",
            "ascent": 13,
            "height": 16,
            "chars": [
                "\uF011"
            ]
        },
		{
            "type": "bitmap",
            "file": "minecraft:gui/fishbar/109.png",
            "ascent": 13,
            "height": 16,
            "chars": [
                "\uF012"
            ]
        },
		{
            "type": "bitmap",
            "file": "minecraft:gui/fishbar/110.png",
            "ascent": 13,
            "height": 16,
            "chars": [
                "\uF013"
            ]
        },
		{
            "type": "bitmap",
            "file": "minecraft:gui/fishbar/111.png",
            "ascent": 13,
            "height": 16,
            "chars": [
                "\uF014"
            ]
        },
		{
            "type": "bitmap",
            "file": "minecraft:gui/fishbar/201.png",
            "ascent": 13,
            "height": 16,
            "chars": [
                "\uF015"
            ]
        },
		{
            "type": "bitmap",
            "file": "minecraft:gui/fishbar/202.png",
            "ascent": 13,
            "height": 16,
            "chars": [
                "\uF016"
            ]
        },
		{
            "type": "bitmap",
            "file": "minecraft:gui/fishbar/203.png",
            "ascent": 13,
            "height": 16,
            "chars": [
                "\uF017"
            ]
        },
		{
            "type": "bitmap",
            "file": "minecraft:gui/fishbar/204.png",
            "ascent": 13,
            "height": 16,
            "chars": [
                "\uF018"
            ]
        },
		{
            "type": "bitmap",
            "file": "minecraft:gui/fishbar/205.png",
            "ascent": 13,
            "height": 16,
            "chars": [
                "\uF019"
            ]
        },
		{
            "type": "bitmap",
            "file": "minecraft:gui/fishbar/206.png",
            "ascent": 13,
            "height": 16,
            "chars": [
                "\uF020"
            ]
        },
		{
            "type": "bitmap",
            "file": "minecraft:gui/fishbar/207.png",
            "ascent": 13,
            "height": 16,
            "chars": [
                "\uF021"
            ]
        },
		{
            "type": "bitmap",
            "file": "minecraft:gui/fishbar/208.png",
            "ascent": 13,
            "height": 16,
            "chars": [
                "\uF022"
            ]
        },
		{
            "type": "bitmap",
            "file": "minecraft:gui/fishbar/209.png",
            "ascent": 13,
            "height": 16,
            "chars": [
                "\uF023"
            ]
        },
		{
            "type": "bitmap",
            "file": "minecraft:gui/fishbar/210.png",
            "ascent": 13,
            "height": 16,
            "chars": [
                "\uF024"
            ]
        },
		{
            "type": "bitmap",
            "file": "minecraft:gui/fishbar/211.png",
            "ascent": 13,
            "height": 16,
            "chars": [
                "\uF025"
            ]
        },
		{
            "type": "bitmap",
            "file": "minecraft:gui/fishbar/deep_lore.png",
            "ascent": 13,
            "height": 16,
            "chars": [
                "\uF026"
            ]
        },
		{
            "type": "bitmap",
            "file": "minecraft:gui/fishbar/deep.png",
            "ascent": 13,
            "height": 16,
            "chars": [
                "\uF027"
            ]
        },
		{
            "type": "bitmap",
            "file": "minecraft:gui/fishbar/lore.png",
            "ascent": 13,
            "height": 16,
            "chars": [
                "\uF028"
            ]
        },
		{
            "type": "bitmap",
            "file": "minecraft:gui/menu/menu.png",
            "ascent": 13,
            "height": 135,
            "chars": [
                "\uF029"
            ]
        },
		{
            "type": "bitmap",
            "file": "minecraft:font/space_nosplit.png",
            "ascent": -32768,
            "height": -10,
            "chars": [
                "\uF818"
            ]
        },
		{
            "type": "bitmap",
            "file": "minecraft:gui/menu/workbench.png",
            "ascent": 13,
            "height": 135,
            "chars": [
                "\uF030"
            ]
        },
		{
            "type": "bitmap",
            "file": "minecraft:gui/menu/items.png",
            "ascent": 13,
            "height": 135,
            "chars": [
                "\uF031"
            ]
        }
    ]
}