{
	"credit": "Made with Blockbench",
	"texture_size": [32, 32],
	"textures": {
		"0": "item/sword2/amethyst_block",
		"1": "item/sword2/beacon",
		"3": "item/sword2/iron_block",
		"6": "item/sword2/anvil",
		"7": "item/sword2/nether_brick",
		"8": "item/sword2/budding_amethyst",
		"9": "item/sword2/black_shulker_box",
		"10": "item/sword2/diamond_block",
		"particle": "item/sword2/amethyst_block"
	},
	"elements": [
		{
			"from": [7.7, 1, 7.6],
			"to": [8.3, 7.7, 8.4],
			"rotation": {"angle": 0, "axis": "y", "origin": [6.3, 1, 6.3]},
			"faces": {
				"north": {"uv": [13, 0, 16, 16], "texture": "#9"},
				"east": {"uv": [13, 0, 16, 16], "texture": "#9"},
				"south": {"uv": [13, 0, 16, 16], "texture": "#9"},
				"west": {"uv": [13, 0, 16, 16], "texture": "#9"},
				"up": {"uv": [13, 0, 16, 16], "texture": "#9"},
				"down": {"uv": [13, 0, 16, 16], "texture": "#9"}
			}
		},
		{
			"from": [7.6, 0, 8.8],
			"to": [8.4, 1, 9.8],
			"rotation": {"angle": -45, "axis": "x", "origin": [8.4, -1, 8.4]},
			"faces": {
				"north": {"uv": [4.5, 4.5, 11, 11], "texture": "#7"},
				"east": {"uv": [3.5, 4.5, 11, 12], "texture": "#7"},
				"south": {"uv": [4.5, 4.5, 11, 11], "texture": "#7"},
				"west": {"uv": [4.5, 4.5, 11, 11], "texture": "#7"},
				"up": {"uv": [4.5, 4.5, 11, 11], "texture": "#7"},
				"down": {"uv": [4.5, 4.5, 11, 11], "texture": "#7"}
			}
		},
		{
			"from": [7.7, 6.75, 7],
			"to": [8.25, 15.75, 9],
			"rotation": {"angle": 0, "axis": "y", "origin": [6.25, 7.75, 7]},
			"faces": {
				"north": {"uv": [1, 1, 15, 15], "texture": "#3"},
				"east": {"uv": [1, 1, 15, 15], "texture": "#3"},
				"south": {"uv": [1, 1, 15, 15], "texture": "#3"},
				"west": {"uv": [1, 1, 15, 15], "texture": "#3"},
				"up": {"uv": [1, 1, 15, 15], "texture": "#3"},
				"down": {"uv": [1, 1, 15, 15], "texture": "#3"}
			}
		},
		{
			"from": [7.6, 7.65, 7.3],
			"to": [8.35, 16.05, 8.7],
			"rotation": {"angle": 0, "axis": "y", "origin": [6.25, 8.55, 7]},
			"faces": {
				"north": {"uv": [1, 1, 14.70313, 15.20313], "texture": "#10"},
				"east": {"uv": [1, 1, 14.70313, 15.20313], "texture": "#10"},
				"south": {"uv": [1, 1, 14.70313, 15.20313], "texture": "#10"},
				"west": {"uv": [5, 3, 14.70313, 15.20313], "texture": "#10"},
				"up": {"uv": [1, 1, 14.70313, 15.20313], "texture": "#10"},
				"down": {"uv": [1, 1, 14.70313, 15.20313], "texture": "#10"}
			}
		},
		{
			"from": [7.15, 6.25, 8.5],
			"to": [8.85, 7.7, 9.95],
			"rotation": {"angle": -45, "axis": "x", "origin": [8.4, 5.6, 8.3]},
			"faces": {
				"north": {"uv": [4, 5, 11.71875, 10.71875], "texture": "#7"},
				"east": {"uv": [4, 5, 11.71875, 10.71875], "texture": "#7"},
				"south": {"uv": [4, 5, 11.71875, 10.71875], "texture": "#7"},
				"west": {"uv": [4, 5, 11.71875, 10.71875], "texture": "#7"},
				"up": {"uv": [4, 5, 11.71875, 10.71875], "texture": "#7"},
				"down": {"uv": [4, 5, 11.71875, 10.71875], "texture": "#7"}
			}
		},
		{
			"from": [7.7, 16.65, 12.7],
			"to": [8.25, 17.65, 13.7],
			"rotation": {"angle": -45, "axis": "x", "origin": [6.25, 10.15, 12.3]},
			"faces": {
				"north": {"uv": [1, 2, 14.5, 14.5], "texture": "#3"},
				"east": {"uv": [1, 2, 14.5, 14.5], "texture": "#3"},
				"south": {"uv": [1, 2, 14.5, 14.5], "texture": "#3"},
				"west": {"uv": [1, 2, 14.5, 14.5], "texture": "#3"},
				"up": {"uv": [1, 2, 14.5, 14.5], "texture": "#3"},
				"down": {"uv": [1, 2, 14.5, 14.5], "texture": "#3"}
			}
		},
		{
			"from": [7.4, 6.65, 6.3],
			"to": [8.45, 7.75, 9.7],
			"rotation": {"angle": 0, "axis": "y", "origin": [6.35, 7.55, 7.1]},
			"faces": {
				"north": {"uv": [0, 0, 16, 16], "texture": "#6"},
				"east": {"uv": [0, 0, 16, 16], "texture": "#6"},
				"south": {"uv": [0, 0, 16, 16], "texture": "#6"},
				"west": {"uv": [0, 0, 16, 16], "texture": "#6"},
				"up": {"uv": [0, 0, 16, 16], "texture": "#6"},
				"down": {"uv": [0, 0, 16, 16], "texture": "#6"}
			}
		},
		{
			"from": [7.5, 6.5, 10.6],
			"to": [8.4, 7.3, 11.4],
			"rotation": {"angle": -45, "axis": "x", "origin": [8.5, 5.5, 10]},
			"faces": {
				"north": {"uv": [0, 0, 16, 16], "texture": "#6"},
				"east": {"uv": [0, 0, 16, 16], "texture": "#6"},
				"south": {"uv": [0, 0, 16, 16], "texture": "#6"},
				"west": {"uv": [0, 0, 16, 16], "texture": "#6"},
				"up": {"uv": [0, 0, 16, 16], "texture": "#6"},
				"down": {"uv": [0, 0, 16, 16], "texture": "#6"}
			}
		},
		{
			"from": [7.15, 6.25, 8.5],
			"to": [8.85, 7.7, 9.95],
			"rotation": {"angle": -45, "axis": "x", "origin": [8.4, 5.6, 8.3]},
			"color": 8,
			"faces": {
				"north": {"uv": [6, 5, 6.84375, 5.71875], "texture": "#missing"},
				"east": {"uv": [7, 4, 7.71875, 4.71875], "texture": "#missing"},
				"south": {"uv": [6, 6, 6.84375, 6.71875], "texture": "#missing"},
				"west": {"uv": [5, 7, 5.71875, 7.71875], "texture": "#missing"},
				"up": {"uv": [7.84375, 0.71875, 7, 0], "texture": "#missing"},
				"down": {"uv": [7.84375, 1, 7, 1.71875], "texture": "#missing"}
			}
		},
		{
			"from": [7.5, 6.5, 7.2],
			"to": [8.4, 7.3, 8],
			"rotation": {"angle": -45, "axis": "x", "origin": [8.4, 5.5, 6.6]},
			"faces": {
				"north": {"uv": [16, 16, 0, 0], "texture": "#6"},
				"east": {"uv": [16, 16, 0, 0], "texture": "#6"},
				"south": {"uv": [16, 16, 0, 0], "texture": "#6"},
				"west": {"uv": [16, 16, 0, 0], "texture": "#6"},
				"up": {"uv": [16, 16, 0, 0], "texture": "#6"},
				"down": {"uv": [16, 16, 0, 0], "texture": "#6"}
			}
		},
		{
			"from": [7.4, 5.9, 11.1],
			"to": [8.5, 7.1, 12.3],
			"rotation": {"angle": -45, "axis": "x", "origin": [8.4, 5.1, 10.7]},
			"faces": {
				"north": {"uv": [0, 0, 16, 16], "texture": "#8"},
				"east": {"uv": [0, 0, 16, 16], "texture": "#8"},
				"south": {"uv": [0, 0, 16, 16], "texture": "#8"},
				"west": {"uv": [0, 0, 16, 16], "texture": "#8"},
				"up": {"uv": [0, 0, 16, 16], "texture": "#8"},
				"down": {"uv": [0, 0, 16, 16], "texture": "#8"}
			}
		},
		{
			"from": [7.4, 5.9, 6.1],
			"to": [8.5, 7.1, 7.3],
			"rotation": {"angle": -45, "axis": "x", "origin": [8.4, 5.1, 5.7]},
			"faces": {
				"north": {"uv": [16, 16, 0, 0], "texture": "#8"},
				"east": {"uv": [16, 16, 0, 0], "texture": "#8"},
				"south": {"uv": [16, 16, 0, 0], "texture": "#8"},
				"west": {"uv": [16, 16, 0, 0], "texture": "#8"},
				"up": {"uv": [16, 16, 0, 0], "texture": "#8"},
				"down": {"uv": [16, 16, 0, 0], "texture": "#8"}
			}
		},
		{
			"from": [7.4, 15.85, 12.7],
			"to": [8.55, 16.85, 13.7],
			"rotation": {"angle": -45, "axis": "x", "origin": [6.25, 9.35, 12.3]},
			"faces": {
				"north": {"uv": [3.5, 3, 13, 13.5], "texture": "#1"},
				"east": {"uv": [3.5, 3, 13, 13.5], "texture": "#1"},
				"south": {"uv": [3.5, 3, 13, 13.5], "texture": "#1"},
				"west": {"uv": [3.5, 3, 13, 13.5], "texture": "#1"},
				"up": {"uv": [3.5, 3, 13, 13.5], "texture": "#1"},
				"down": {"uv": [3.5, 3, 13, 13.5], "texture": "#1"}
			}
		},
		{
			"from": [7.05, 6.45, 8.7],
			"to": [8.95, 7.3, 9.55],
			"rotation": {"angle": -45, "axis": "x", "origin": [8.5, 5.7, 8.1]},
			"faces": {
				"north": {"uv": [1.5, 3, 13.92188, 14.42188], "texture": "#0"},
				"east": {"uv": [1.5, 3, 13.92188, 14.42188], "texture": "#0"},
				"south": {"uv": [1.5, 3, 13.92188, 14.42188], "texture": "#0"},
				"west": {"uv": [1.5, 3, 13.92188, 14.42188], "texture": "#0"},
				"up": {"uv": [1.5, 3, 13.92188, 14.42188], "texture": "#0"},
				"down": {"uv": [1.5, 3, 13.92188, 14.42188], "texture": "#0"}
			}
		},
		{
			"from": [7.5, 7.65, 7.5],
			"to": [8.45, 14.95, 8.5],
			"rotation": {"angle": 0, "axis": "y", "origin": [6.35, 8.55, 7]},
			"faces": {
				"north": {"uv": [1, 1, 14.5, 14.65625], "texture": "#3"},
				"east": {"uv": [1, 1, 14.5, 14.65625], "texture": "#3"},
				"south": {"uv": [1, 1, 14.5, 14.65625], "texture": "#3"},
				"west": {"uv": [1, 1, 14.5, 14.65625], "texture": "#3"},
				"up": {"uv": [1, 1, 14.5, 14.65625], "texture": "#3"},
				"down": {"uv": [1, 1, 14.5, 14.65625], "texture": "#3"}
			}
		}
	],
	"display": {
		"thirdperson_righthand": {
			"translation": [0, 4.25, 1],
			"scale": [1, 1.3, 1]
		},
		"thirdperson_lefthand": {
			"translation": [0, 4, 0.5],
			"scale": [1, 1.3, 1]
		},
		"firstperson_righthand": {
			"rotation": [-31.25, 26.25, 0],
			"translation": [0, 4.5, 0]
		},
		"firstperson_lefthand": {
			"rotation": [-19.75, 20.25, 0],
			"translation": [0, 4.5, 0]
		},
		"ground": {
			"translation": [0, 5, 0]
		},
		"gui": {
			"rotation": [101, 45.39, -104.62]
		},
		"head": {
			"rotation": [114.12, 56.62, -110.54],
			"translation": [0.25, -10.25, 8.75],
			"scale": [1.04688, 2.1582, 1.15039]
		},
		"fixed": {
			"rotation": [-108.38, 56.64, 107.74],
			"translation": [0, 0.75, -1.5],
			"scale": [1, 1.7793, 1.16016]
		}
	},
	"groups": [
		{
			"name": "group",
			"origin": [8, 8, 8],
			"color": 0,
			"children": [0, 1, 2, 3, 4, 5, 6, 7, 8, 9, 10, 11, 12, 13, 14]
		}
	]
}