{
	"credit": "Made with Blockbench",
	"texture_size": [4, 4],
	"textures": {
		"1": "item/wand3/redstone",
		"2": "item/wand3/raw_gold",
		"3": "item/wand3/1",
		"4": "item/wand3/gold_ingot",
		"5": "item/wand3/2",
		"7": "item/wand3/red_nether_bricks",
		"particle": "item/wand3/raw_gold"
	},
	"elements": [
		{
			"from": [7.75, 0, 7.6],
			"to": [8.3, 0.2, 8.25],
			"rotation": {"angle": 0, "axis": "y", "origin": [8.65, 0, 7.25]},
			"faces": {
				"north": {"uv": [0, 0, 11, 10], "texture": "#7"},
				"east": {"uv": [0, 0, 11, 10], "texture": "#7"},
				"south": {"uv": [0, 0, 11, 10], "texture": "#7"},
				"west": {"uv": [0, 0, 11, 10], "texture": "#7"},
				"up": {"uv": [0, 0, 11, 10], "texture": "#7"},
				"down": {"uv": [0, 0, 11, 10], "texture": "#7"}
			}
		},
		{
			"from": [7.65, 0.2, 7.5],
			"to": [8.4, 0.4, 8.35],
			"rotation": {"angle": 0, "axis": "y", "origin": [8.65, 0.2, 7.25]},
			"faces": {
				"north": {"uv": [0, 0, 16, 16], "texture": "#7"},
				"east": {"uv": [0, 0, 16, 16], "texture": "#7"},
				"south": {"uv": [0, 0, 16, 16], "texture": "#7"},
				"west": {"uv": [0, 0, 16, 16], "texture": "#7"},
				"up": {"uv": [0, 0, 16, 16], "texture": "#7"},
				"down": {"uv": [0, 0, 16, 16], "texture": "#7"}
			}
		},
		{
			"from": [7.55, 0.4, 7.4],
			"to": [8.5, 0.6, 8.45],
			"rotation": {"angle": 0, "axis": "y", "origin": [8.65, 0.4, 7.25]},
			"faces": {
				"north": {"uv": [1, 5, 16, 13], "texture": "#7"},
				"east": {"uv": [1, 5, 16, 13], "texture": "#7"},
				"south": {"uv": [1, 5, 16, 13], "texture": "#7"},
				"west": {"uv": [1, 5, 16, 13], "texture": "#7"},
				"up": {"uv": [1, 5, 16, 13], "texture": "#7"},
				"down": {"uv": [1, 5, 16, 13], "texture": "#7"}
			}
		},
		{
			"from": [7.65, 0.6, 7.5],
			"to": [8.4, 21.3, 8.35],
			"rotation": {"angle": 0, "axis": "y", "origin": [8.65, 1.1, 7.25]},
			"faces": {
				"north": {"uv": [2, 5, 10, 13.01563], "texture": "#4"},
				"east": {"uv": [2, 5, 10, 13.01563], "texture": "#4"},
				"south": {"uv": [2, 5, 10, 13.01563], "texture": "#4"},
				"west": {"uv": [2, 5, 10, 12.01563], "texture": "#4"},
				"up": {"uv": [2, 5, 10, 13.01563], "texture": "#4"},
				"down": {"uv": [2, 5, 10, 13.01563], "texture": "#4"}
			}
		},
		{
			"from": [7, 23, 7.6],
			"to": [9, 25.1, 9.6],
			"rotation": {"angle": -45, "axis": "x", "origin": [7, 23, 7.6]},
			"faces": {
				"north": {"uv": [11, 11, 3.03281, 4.03125], "rotation": 270, "texture": "#2"},
				"east": {"uv": [11, 11, 3.03281, 4.03125], "rotation": 270, "texture": "#2"},
				"south": {"uv": [11, 11, 3.03281, 4.03125], "rotation": 270, "texture": "#2"},
				"west": {"uv": [11, 11, 3.03281, 4.03125], "rotation": 270, "texture": "#2"},
				"up": {"uv": [11, 11, 3.03281, 4.03125], "rotation": 270, "texture": "#2"},
				"down": {"uv": [11, 11, 3.03281, 4.03125], "rotation": 270, "texture": "#2"}
			}
		},
		{
			"from": [7.65, 21.9, 7.15],
			"to": [8.4, 22.65, 9.45],
			"rotation": {"angle": -22.5, "axis": "x", "origin": [7.4, 22.9, 10.65]},
			"faces": {
				"north": {"uv": [3, 4, 15.01563, 13.01563], "rotation": 270, "texture": "#2"},
				"east": {"uv": [3, 4, 15.01563, 13.01563], "rotation": 270, "texture": "#2"},
				"south": {"uv": [3, 4, 15.01563, 13.01563], "rotation": 270, "texture": "#2"},
				"west": {"uv": [3, 4, 15.01563, 13.01563], "rotation": 270, "texture": "#2"},
				"up": {"uv": [3, 4, 15.01563, 13.01563], "rotation": 270, "texture": "#2"},
				"down": {"uv": [3, 4, 15.01563, 13.01563], "rotation": 270, "texture": "#2"}
			}
		},
		{
			"from": [7.65, 23.6, 7.95],
			"to": [8.4, 24.35, 10.15],
			"rotation": {"angle": -45, "axis": "x", "origin": [7.4, 24.6, 11.45]},
			"faces": {
				"north": {"uv": [3, 14, 15.01562, 4.01563], "rotation": 270, "texture": "#2"},
				"east": {"uv": [3, 14, 15.01562, 4.01563], "rotation": 270, "texture": "#2"},
				"south": {"uv": [3, 14, 15.01562, 4.01563], "rotation": 270, "texture": "#2"},
				"west": {"uv": [3, 14, 15.01562, 4.01563], "rotation": 270, "texture": "#2"},
				"up": {"uv": [3, 14, 15.01562, 4.01563], "rotation": 270, "texture": "#2"},
				"down": {"uv": [3, 14, 15.01562, 4.01563], "rotation": 270, "texture": "#2"}
			}
		},
		{
			"from": [7.65, 23, 10.5],
			"to": [8.4, 25.4, 11.25],
			"rotation": {"angle": 0, "axis": "y", "origin": [7.4, 26.5, 10.25]},
			"faces": {
				"north": {"uv": [4, 3, 13, 11.01563], "texture": "#2"},
				"east": {"uv": [4, 3, 13, 11.01563], "texture": "#2"},
				"south": {"uv": [4, 3, 13, 11.01563], "texture": "#2"},
				"west": {"uv": [4, 3, 13, 11.01563], "texture": "#2"},
				"up": {"uv": [4, 3, 13, 11.01563], "texture": "#2"},
				"down": {"uv": [4, 3, 13, 11.01563], "texture": "#2"}
			}
		},
		{
			"from": [7.65, 24.7, 9.2],
			"to": [8.4, 26.9, 9.95],
			"rotation": {"angle": -22.5, "axis": "x", "origin": [7.4, 28.2, 8.95]},
			"faces": {
				"north": {"uv": [4, 3, 14, 13.01563], "texture": "#2"},
				"east": {"uv": [4, 3, 14, 13.01563], "texture": "#2"},
				"south": {"uv": [4, 3, 14, 13.01563], "texture": "#2"},
				"west": {"uv": [4, 3, 14, 13.01563], "texture": "#2"},
				"up": {"uv": [4, 3, 14, 13.01563], "texture": "#2"},
				"down": {"uv": [4, 3, 14, 13.01563], "texture": "#2"}
			}
		},
		{
			"from": [7.65, 28.05, 8.05],
			"to": [8.4, 28.8, 10.25],
			"rotation": {"angle": 22.5, "axis": "x", "origin": [7.4, 27.8, 6.75]},
			"faces": {
				"north": {"uv": [3, 4, 15, 13.01563], "texture": "#2"},
				"east": {"uv": [3, 4, 15, 13.01563], "texture": "#2"},
				"south": {"uv": [3, 4, 15, 13.01563], "texture": "#2"},
				"west": {"uv": [3, 4, 15, 13.01563], "texture": "#2"},
				"up": {"uv": [3, 4, 15, 13.01563], "texture": "#2"},
				"down": {"uv": [3, 4, 15, 13.01563], "texture": "#2"}
			}
		},
		{
			"from": [7.65, 27.45, 6.25],
			"to": [8.4, 28.2, 8.45],
			"rotation": {"angle": 0, "axis": "y", "origin": [7.4, 27.2, 4.95]},
			"faces": {
				"north": {"uv": [3, 4, 15, 13.01563], "texture": "#2"},
				"east": {"uv": [3, 4, 15, 13.01563], "texture": "#2"},
				"south": {"uv": [3, 4, 15, 13.01563], "texture": "#2"},
				"west": {"uv": [3, 4, 15, 13.01563], "texture": "#2"},
				"up": {"uv": [3, 4, 15, 13.01563], "texture": "#2"},
				"down": {"uv": [3, 4, 15, 13.01563], "texture": "#2"}
			}
		},
		{
			"from": [7.65, 25.25, 5.75],
			"to": [8.4, 26, 7.95],
			"rotation": {"angle": -45, "axis": "x", "origin": [7.4, 25, 4.45]},
			"faces": {
				"north": {"uv": [4, 3, 14, 13.01563], "texture": "#2"},
				"east": {"uv": [4, 3, 14, 13.01563], "texture": "#2"},
				"south": {"uv": [4, 3, 14, 13.01563], "texture": "#2"},
				"west": {"uv": [4, 3, 14, 13.01563], "texture": "#2"},
				"up": {"uv": [4, 3, 14, 13.01563], "texture": "#2"},
				"down": {"uv": [4, 3, 14, 13.01563], "texture": "#2"}
			}
		},
		{
			"from": [7.55, 8.2, 7.4],
			"to": [8.5, 8.6, 8.45],
			"rotation": {"angle": 0, "axis": "y", "origin": [8.65, 8.4, 7.25]},
			"faces": {
				"north": {"uv": [8, 4, 11.75, 5.5], "texture": "#5"},
				"east": {"uv": [0, 8, 4.25, 9.5], "texture": "#5"},
				"south": {"uv": [8, 8, 11.75, 9.5], "texture": "#5"},
				"west": {"uv": [8, 0, 12.25, 1.5], "texture": "#5"},
				"up": {"uv": [3.75, 4.25, 0, 0], "texture": "#5"},
				"down": {"uv": [7.75, 0, 4, 4.25], "texture": "#5"}
			}
		},
		{
			"from": [6.8, 23.5, 7.8],
			"to": [9.2, 25, 9.3],
			"rotation": {"angle": -45, "axis": "x", "origin": [7, 23.2, 7.8]},
			"faces": {
				"north": {"uv": [11, 13, 4.02344, 6.02344], "rotation": 90, "texture": "#1"},
				"east": {"uv": [11, 13, 4.02344, 6.02344], "rotation": 90, "texture": "#1"},
				"south": {"uv": [11, 13, 4.02344, 6.02344], "rotation": 90, "texture": "#1"},
				"west": {"uv": [11, 13, 4.02344, 6.02344], "rotation": 90, "texture": "#1"},
				"up": {"uv": [11, 13, 4.02344, 6.02344], "rotation": 90, "texture": "#1"},
				"down": {"uv": [11, 13, 4.02344, 6.02344], "rotation": 90, "texture": "#1"}
			}
		},
		{
			"from": [10, 25.6, 5.3],
			"to": [10.4, 26, 5.7],
			"rotation": {"angle": 0, "axis": "y", "origin": [8.7, 25.2, 4.8]},
			"faces": {
				"north": {"uv": [5, 6, 12.00625, 12.00625], "rotation": 270, "texture": "#1"},
				"east": {"uv": [5, 6, 12.00625, 12.00625], "rotation": 270, "texture": "#1"},
				"south": {"uv": [5, 6, 12.00625, 12.00625], "rotation": 270, "texture": "#1"},
				"west": {"uv": [5, 6, 12.00625, 12.00625], "rotation": 270, "texture": "#1"},
				"up": {"uv": [5, 6, 12.00625, 12.00625], "rotation": 270, "texture": "#1"},
				"down": {"uv": [5, 6, 12.00625, 12.00625], "rotation": 270, "texture": "#1"}
			}
		},
		{
			"from": [5.9, 23.7, 3],
			"to": [6.6, 24.3, 3.6],
			"rotation": {"angle": 45, "axis": "y", "origin": [7.9, 25.5, 1.6]},
			"faces": {
				"north": {"uv": [4, 4, 12.00938, 12.01094], "rotation": 90, "texture": "#2"},
				"east": {"uv": [4, 4, 12.00938, 12.01094], "rotation": 90, "texture": "#2"},
				"south": {"uv": [4, 4, 12.00938, 12.01094], "rotation": 90, "texture": "#2"},
				"west": {"uv": [4, 4, 12.00938, 12.01094], "rotation": 90, "texture": "#2"},
				"up": {"uv": [4, 4, 12.00938, 12.01094], "rotation": 90, "texture": "#2"},
				"down": {"uv": [4, 4, 12.00938, 12.01094], "rotation": 90, "texture": "#2"}
			}
		},
		{
			"from": [7.55, 20.4, 7.4],
			"to": [8.5, 20.8, 8.45],
			"rotation": {"angle": 0, "axis": "y", "origin": [8.65, 20.6, 7.25]},
			"faces": {
				"north": {"uv": [4, 6, 12, 13.01563], "texture": "#1"},
				"east": {"uv": [4, 6, 12, 13.01563], "texture": "#1"},
				"south": {"uv": [4, 6, 12, 13.01563], "texture": "#1"},
				"west": {"uv": [4, 6, 12, 13.01563], "texture": "#1"},
				"up": {"uv": [4, 6, 12, 13.01563], "texture": "#1"},
				"down": {"uv": [4, 6, 12, 13.01563], "texture": "#1"}
			}
		},
		{
			"from": [7.55, 19.2, 7.4],
			"to": [8.5, 19.6, 8.45],
			"rotation": {"angle": 0, "axis": "y", "origin": [8.65, 19.4, 7.25]},
			"faces": {
				"north": {"uv": [4, 6, 12, 12.01563], "texture": "#1"},
				"east": {"uv": [4, 6, 12, 12.01563], "texture": "#1"},
				"south": {"uv": [4, 6, 12, 12.01563], "texture": "#1"},
				"west": {"uv": [4, 6, 12, 12.01563], "texture": "#1"},
				"up": {"uv": [4, 6, 12, 12.01563], "texture": "#1"},
				"down": {"uv": [4, 6, 12, 12.01563], "texture": "#1"}
			}
		},
		{
			"from": [7.55, 19.6, 7.7],
			"to": [8.5, 20.4, 8.15],
			"rotation": {"angle": 0, "axis": "y", "origin": [9.15, 20.6, 7.25]},
			"faces": {
				"north": {"uv": [4, 6, 12, 13.01563], "texture": "#1"},
				"east": {"uv": [4, 6, 12, 13.01563], "texture": "#1"},
				"south": {"uv": [4, 6, 12, 13.01563], "texture": "#1"},
				"west": {"uv": [4, 6, 12, 13.01563], "texture": "#1"},
				"up": {"uv": [4, 6, 12, 13.01563], "texture": "#1"},
				"down": {"uv": [4, 6, 12, 13.01563], "texture": "#1"}
			}
		},
		{
			"from": [7.8, 19.6, 7.4],
			"to": [8.25, 20.4, 8.45],
			"rotation": {"angle": 0, "axis": "y", "origin": [7.35, 20.6, 6.75]},
			"faces": {
				"north": {"uv": [4, 6, 11, 13.01563], "texture": "#1"},
				"east": {"uv": [4, 6, 11, 13.01563], "texture": "#1"},
				"south": {"uv": [4, 6, 11, 13.01563], "texture": "#1"},
				"west": {"uv": [4, 6, 11, 13.01563], "texture": "#1"},
				"up": {"uv": [4, 6, 11, 13.01563], "texture": "#1"},
				"down": {"uv": [4, 6, 11, 13.01563], "texture": "#1"}
			}
		},
		{
			"from": [7.6, 18.3, 8.3],
			"to": [8.45, 19.9, 8.45],
			"rotation": {"angle": 22.5, "axis": "x", "origin": [7.65, 20, 6.75]},
			"faces": {
				"north": {"uv": [0, 0, 3.5, 6.5], "texture": "#3"},
				"east": {"uv": [0, 8, 0.5, 14.5], "texture": "#3"},
				"south": {"uv": [4, 0, 7.5, 6.5], "texture": "#3"},
				"west": {"uv": [8, 0, 8.5, 6.5], "texture": "#3"},
				"up": {"uv": [7.5, 8.5, 4, 8], "texture": "#3"},
				"down": {"uv": [11.5, 8, 8, 8.5], "texture": "#3"}
			}
		},
		{
			"from": [7.55, 19.2, 7.4],
			"to": [8.5, 19.6, 8.45],
			"rotation": {"angle": 0, "axis": "y", "origin": [8.65, 19.4, 7.25]},
			"color": 4,
			"faces": {
				"north": {"uv": [0, 0, 4, 4], "texture": "#missing"},
				"east": {"uv": [0, 0, 0, 4], "texture": "#missing"},
				"south": {"uv": [0, 0, 4, 4], "texture": "#missing"},
				"west": {"uv": [0, 0, 0, 4], "texture": "#missing"},
				"up": {"uv": [0, 0, 4, 0], "texture": "#missing"},
				"down": {"uv": [0, 0, 4, 0], "texture": "#missing"}
			}
		},
		{
			"from": [7.55, 17.7, 7.4],
			"to": [8.5, 18.1, 8.45],
			"rotation": {"angle": 0, "axis": "y", "origin": [8.65, 17.9, 7.25]},
			"faces": {
				"north": {"uv": [4, 6, 12, 12], "texture": "#1"},
				"east": {"uv": [4, 6, 12, 12], "texture": "#1"},
				"south": {"uv": [4, 6, 12, 12], "texture": "#1"},
				"west": {"uv": [4, 6, 12, 12], "texture": "#1"},
				"up": {"uv": [4, 6, 12, 12], "texture": "#1"},
				"down": {"uv": [4, 6, 12, 12], "texture": "#1"}
			}
		},
		{
			"from": [4.7, 23.5, 6.4],
			"to": [5.2, 24, 6.8],
			"rotation": {"angle": 22.5, "axis": "x", "origin": [6.6, 25.3, 8.3]},
			"faces": {
				"north": {"uv": [4, 6, 11.00781, 12.00781], "texture": "#1"},
				"east": {"uv": [4, 6, 11.00781, 12.00781], "texture": "#1"},
				"south": {"uv": [4, 6, 11.00781, 12.00781], "texture": "#1"},
				"west": {"uv": [4, 6, 11.00781, 12.00781], "texture": "#1"},
				"up": {"uv": [4, 6, 11.00781, 12.00781], "texture": "#1"},
				"down": {"uv": [4, 6, 11.00781, 12.00781], "texture": "#1"}
			}
		}
	],
	"display": {
		"thirdperson_righthand": {
			"translation": [0, 0, 1]
		},
		"thirdperson_lefthand": {
			"translation": [0, 1.25, 1.25]
		},
		"firstperson_righthand": {
			"rotation": [-8, 33, -3],
			"translation": [0, -5.5, 0]
		},
		"firstperson_lefthand": {
			"rotation": [-2, 19, 0],
			"translation": [0, -5.5, 0]
		},
		"ground": {
			"translation": [0, 6, 0]
		},
		"gui": {
			"rotation": [37, 45, -65],
			"translation": [-3.5, -3.5, -5.5],
			"scale": [1, 0.70703, 1]
		},
		"head": {
			"rotation": [-3.55, -1.48, -44.1],
			"translation": [-1.25, -16, 10]
		},
		"fixed": {
			"rotation": [43, -37, 64],
			"translation": [5, -3.25, -0.5]
		}
	}
}