{
	"credit": "Made by Raycifer",
	"textures": {
		"0": "./skyward_atlas"
	},
	"elements": [
		{
			"name": "bookmark",
			"from": [6.25, 0.5, 7.5],
			"to": [7.75, 2.5, 7.5],
			"rotation": {"angle": 45, "axis": "y", "origin": [8, 4, 8]},
			"faces": {
				"north": {"uv": [4, 10, 5.5, 8], "rotation": 180, "texture": "#0"},
				"east": {"uv": [0, 0, 0, 0], "rotation": 270, "texture": "#0"},
				"south": {"uv": [5.5, 8, 4, 10], "texture": "#0"},
				"west": {"uv": [0, 0, 0, 0], "rotation": 90, "texture": "#0"},
				"up": {"uv": [0, 0, 0, 0], "rotation": 180, "texture": "#0"},
				"down": {"uv": [0, 0, 0, 0], "texture": "#0"}
			}
		},
		{
			"name": "left",
			"from": [4.5, 2.25, 7.001],
			"to": [8, 6.75, 8.001],
			"rotation": {"angle": 45, "axis": "y", "origin": [8, 4, 8]},
			"faces": {
				"north": {"uv": [0, 0, 0, 0], "rotation": 180, "texture": "#0"},
				"east": {"uv": [4, 1.5, 8.5, 2.5], "rotation": 270, "texture": "#0"},
				"south": {"uv": [0.5, 6, 4, 10.5], "texture": "#0"},
				"west": {"uv": [4, 0.5, 8.5, 1.5], "rotation": 90, "texture": "#0"},
				"up": {"uv": [12, 0.5, 8.5, 1.5], "rotation": 180, "texture": "#0"},
				"down": {"uv": [4, 0.5, 0.5, 1.5], "texture": "#0"}
			}
		},
		{
			"name": "right",
			"from": [8, 2.25, 7.001],
			"to": [11.5, 6.75, 8.001],
			"rotation": {"angle": 0, "axis": "z", "origin": [8, 4, 8]},
			"faces": {
				"north": {"uv": [0, 0, 0, 0], "rotation": 180, "texture": "#0"},
				"east": {"uv": [4, 0.5, 8.5, 1.5], "rotation": 270, "texture": "#0"},
				"south": {"uv": [0.5, 1.5, 4, 6], "texture": "#0"},
				"west": {"uv": [4, 1.5, 8.5, 2.5], "rotation": 90, "texture": "#0"},
				"up": {"uv": [8.5, 0.5, 12, 1.5], "rotation": 180, "texture": "#0"},
				"down": {"uv": [0.5, 0.5, 4, 1.5], "texture": "#0"}
			}
		},
		{
			"name": "1",
			"from": [11.5, 6.75, 7],
			"to": [15.5, 8.25, 7.001],
			"rotation": {"angle": 45, "axis": "z", "origin": [12.75, 8.5, 7]},
			"faces": {
				"north": {"uv": [9.5, 9.5, 5.5, 8], "rotation": 180, "texture": "#0"},
				"east": {"uv": [0, 0, 0, 0], "rotation": 270, "texture": "#0"},
				"south": {"uv": [9.5, 8, 5.5, 9.5], "texture": "#0"},
				"west": {"uv": [0, 0, 0, 0], "rotation": 90, "texture": "#0"},
				"up": {"uv": [0, 0, 0, 0], "rotation": 180, "texture": "#0"},
				"down": {"uv": [0, 0, 0, 0], "texture": "#0"}
			}
		},
		{
			"name": "connector bottom",
			"from": [11.51777, 6.55, 6.75],
			"to": [13.51777, 7.05, 7.25],
			"rotation": {"angle": 22.5, "axis": "z", "origin": [11.5, 6.35, 7]},
			"faces": {
				"north": {"uv": [8, 15.5, 6, 15], "rotation": 180, "texture": "#0"},
				"east": {"uv": [6, 15, 6.5, 15.5], "rotation": 270, "texture": "#0"},
				"south": {"uv": [8, 15, 6, 15.5], "texture": "#0"},
				"west": {"uv": [7.5, 15, 8, 15.5], "rotation": 90, "texture": "#0"},
				"up": {"uv": [6, 15, 8, 15.5], "rotation": 180, "texture": "#0"},
				"down": {"uv": [8, 15, 6, 15.5], "texture": "#0"}
			}
		},
		{
			"name": "connector top",
			"from": [11.01777, 7.05, 6.75],
			"to": [14.01777, 7.55, 7.25],
			"rotation": {"angle": 22.5, "axis": "z", "origin": [11.5, 6.35, 7]},
			"faces": {
				"north": {"uv": [8.5, 15, 5.5, 14.5], "rotation": 180, "texture": "#0"},
				"east": {"uv": [5.5, 14.5, 6, 15], "rotation": 270, "texture": "#0"},
				"south": {"uv": [8.5, 14.5, 5.5, 15], "texture": "#0"},
				"west": {"uv": [8, 14.5, 8.5, 15], "rotation": 90, "texture": "#0"},
				"up": {"uv": [5.5, 14.5, 8.5, 15], "rotation": 180, "texture": "#0"},
				"down": {"uv": [8.5, 14.5, 5.5, 15], "texture": "#0"}
			}
		},
		{
			"name": "2",
			"from": [12.01777, 5.3, 7],
			"to": [15.01777, 6.3, 7.001],
			"rotation": {"angle": 22.5, "axis": "z", "origin": [11.5, 6.35, 7]},
			"faces": {
				"north": {"uv": [8.5, 10.5, 5.5, 9.5], "rotation": 180, "texture": "#0"},
				"east": {"uv": [0, 0, 0, 0], "rotation": 270, "texture": "#0"},
				"south": {"uv": [8.5, 9.5, 5.5, 10.5], "texture": "#0"},
				"west": {"uv": [0, 0, 0, 0], "rotation": 90, "texture": "#0"},
				"up": {"uv": [0, 0, 0, 0], "rotation": 180, "texture": "#0"},
				"down": {"uv": [0, 0, 0, 0], "texture": "#0"}
			}
		},
		{
			"name": "3",
			"from": [12.26777, 4.8, 7],
			"to": [14.76777, 5.8, 7.001],
			"rotation": {"angle": 0, "axis": "y", "origin": [11.5, 6.35, 7]},
			"faces": {
				"north": {"uv": [8, 11.5, 5.5, 10.5], "rotation": 180, "texture": "#0"},
				"east": {"uv": [0, 0, 0, 0], "rotation": 270, "texture": "#0"},
				"south": {"uv": [8, 10.5, 5.5, 11.5], "texture": "#0"},
				"west": {"uv": [0, 0, 0, 0], "rotation": 90, "texture": "#0"},
				"up": {"uv": [0, 0, 0, 0], "rotation": 180, "texture": "#0"},
				"down": {"uv": [0, 0, 0, 0], "texture": "#0"}
			}
		},
		{
			"name": "1",
			"from": [12.34309, 2.12857, 7],
			"to": [15.34309, 3.12857, 7.001],
			"rotation": {"angle": -22.5, "axis": "z", "origin": [14.84309, 3.87857, 7]},
			"faces": {
				"north": {"uv": [8.5, 10.5, 5.5, 9.5], "rotation": 180, "texture": "#0"},
				"east": {"uv": [0, 0, 0, 0], "rotation": 270, "texture": "#0"},
				"south": {"uv": [8.5, 9.5, 5.5, 10.5], "texture": "#0"},
				"west": {"uv": [0, 0, 0, 0], "rotation": 90, "texture": "#0"},
				"up": {"uv": [0, 0, 0, 0], "rotation": 180, "texture": "#0"},
				"down": {"uv": [0, 0, 0, 0], "texture": "#0"}
			}
		},
		{
			"name": "2",
			"from": [12.26777, 1.95, 7],
			"to": [14.26777, 2.95, 7.001],
			"rotation": {"angle": -45, "axis": "z", "origin": [12.51777, 2.95, 7]},
			"faces": {
				"north": {"uv": [7.5, 12.5, 5.5, 11.5], "rotation": 180, "texture": "#0"},
				"east": {"uv": [0, 0, 0, 0], "rotation": 270, "texture": "#0"},
				"south": {"uv": [7.5, 11.5, 5.5, 12.5], "texture": "#0"},
				"west": {"uv": [0, 0, 0, 0], "rotation": 90, "texture": "#0"},
				"up": {"uv": [0, 0, 0, 0], "rotation": 180, "texture": "#0"},
				"down": {"uv": [0, 0, 0, 0], "texture": "#0"}
			}
		},
		{
			"name": "left",
			"from": [4, 1.75, 7],
			"to": [8.5, 7.25, 7.001],
			"rotation": {"angle": 45, "axis": "y", "origin": [8, 4, 8]},
			"faces": {
				"north": {"uv": [4, 8, 8.5, 2.5], "rotation": 180, "texture": "#0"},
				"east": {"uv": [0, 0, 0, 0], "rotation": 270, "texture": "#0"},
				"south": {"uv": [4, 2.5, 8.5, 8], "texture": "#0"},
				"west": {"uv": [0, 0, 0, 0], "rotation": 90, "texture": "#0"},
				"up": {"uv": [0, 0, 0, 0], "rotation": 180, "texture": "#0"},
				"down": {"uv": [0, 0, 0, 0], "texture": "#0"}
			}
		},
		{
			"name": "right",
			"from": [7.5, 1.75, 7],
			"to": [12, 7.25, 7.001],
			"rotation": {"angle": 0, "axis": "y", "origin": [-1.25, 12, 6.5]},
			"faces": {
				"north": {"uv": [8.5, 8, 4, 2.5], "rotation": 180, "texture": "#0"},
				"east": {"uv": [0, 0, 0, 0], "rotation": 270, "texture": "#0"},
				"south": {"uv": [8.5, 2.5, 4, 8], "texture": "#0"},
				"west": {"uv": [0, 0, 0, 0], "rotation": 90, "texture": "#0"},
				"up": {"uv": [0, 0, 0, 0], "rotation": 180, "texture": "#0"},
				"down": {"uv": [0, 0, 0, 0], "texture": "#0"}
			}
		},
		{
			"name": "base",
			"from": [4, 3.75, 6.75],
			"to": [5.5, 5.25, 7.25],
			"rotation": {"angle": 45, "axis": "y", "origin": [8, 4, 8]},
			"faces": {
				"north": {"uv": [6.5, 14.5, 8, 13], "rotation": 270, "texture": "#0"},
				"east": {"uv": [6.5, 14, 8, 14.5], "rotation": 270, "texture": "#0"},
				"south": {"uv": [6.5, 14.5, 8, 13], "rotation": 90, "texture": "#0"},
				"west": {"uv": [6.5, 13, 8, 13.5], "rotation": 90, "texture": "#0"},
				"up": {"uv": [7.5, 13, 8, 14.5], "rotation": 270, "texture": "#0"},
				"down": {"uv": [6.5, 14.5, 7, 13], "rotation": 90, "texture": "#0"}
			}
		},
		{
			"name": "latch",
			"from": [4.67157, 4, 10.28553],
			"to": [4.67257, 5, 11.78553],
			"rotation": {"angle": 22.5, "axis": "y", "origin": [4.67157, 4.5, 10.32843]},
			"faces": {
				"north": {"uv": [4, 8, 8.5, 2.5], "rotation": 180, "texture": "#0"},
				"east": {"uv": [6.5, 13, 5.5, 14.5], "rotation": 270, "texture": "#0"},
				"south": {"uv": [4, 2.5, 8.5, 8], "texture": "#0"},
				"west": {"uv": [5.5, 13, 6.5, 14.5], "rotation": 90, "texture": "#0"},
				"up": {"uv": [0, 0, 0, 0], "rotation": 180, "texture": "#0"},
				"down": {"uv": [0, 0, 0, 0], "texture": "#0"}
			}
		},
		{
			"name": "gem",
			"from": [7.29, 6, 6.65],
			"to": [8.29, 7, 7.15],
			"rotation": {"angle": 22.5, "axis": "y", "origin": [7.75, 2.25, 7.5]},
			"faces": {
				"north": {"uv": [10, 9.5, 11, 8.5], "rotation": 180, "texture": "#0"},
				"east": {"uv": [11, 9.5, 10, 10], "rotation": 270, "texture": "#0"},
				"south": {"uv": [0, 0, 0, 0], "texture": "#0"},
				"west": {"uv": [10, 8, 11, 8.5], "rotation": 90, "texture": "#0"},
				"up": {"uv": [9.5, 8.5, 10, 9.5], "rotation": 270, "texture": "#0"},
				"down": {"uv": [11, 9.5, 11.5, 8.5], "rotation": 90, "texture": "#0"}
			}
		},
		{
			"name": "spine",
			"from": [7.04, 1.75, 6.9],
			"to": [8.54, 7.25, 7.4],
			"rotation": {"angle": 22.5, "axis": "y", "origin": [7.75, 2.25, 7.5]},
			"faces": {
				"north": {"uv": [4, 15.5, 5.5, 10], "rotation": 180, "texture": "#0"},
				"east": {"uv": [5, 10, 5.5, 15.5], "texture": "#0"},
				"south": {"uv": [4, 10, 5.5, 15.5], "texture": "#0"},
				"west": {"uv": [4, 15.5, 4.5, 10], "rotation": 180, "texture": "#0"},
				"up": {"uv": [5.5, 10, 4, 10.5], "rotation": 180, "texture": "#0"},
				"down": {"uv": [4, 15, 5.5, 15.5], "texture": "#0"}
			}
		}
	],
	"display": {
		"thirdperson_righthand": {
			"rotation": [-67.5, -22.5, 0],
			"translation": [-0.25, 0.5, -14.75],
			"scale": [2, 2, 2]
		},
		"thirdperson_lefthand": {
			"rotation": [-67.5, 22.5, 0],
			"translation": [-0.25, 0.5, -14.75],
			"scale": [2, 2, 2]
		},
		"firstperson_righthand": {
			"rotation": [-71.31, -58.16, -33.03],
			"translation": [20.75, 5.75, -11],
			"scale": [2, 2, 2]
		},
		"firstperson_lefthand": {
			"rotation": [-45.5, 0, 0],
			"translation": [7.25, 5.75, -15],
			"scale": [2, 2, 2]
		},
		"ground": {
			"rotation": [-58.26, 10.53, 68.24],
			"translation": [-4.25, 3.5, -1.75]
		},
		"gui": {
			"rotation": [-20, 160, 30],
			"translation": [4.25, 6.25, 0],
			"scale": [2, 2, 2]
		},
		"fixed": {
			"rotation": [0, -22.5, 0],
			"translation": [0, 6.5, -2.75],
			"scale": [2, 2, 2]
		}
	},
	"groups": [
		0,
		{
			"name": "pages",
			"origin": [6, 1, 8],
			"color": 0,
			"children": [1, 2]
		},
		{
			"name": "particles",
			"origin": [10.75, 0, 3.5],
			"color": 0,
			"children": [
				{
					"name": "top",
					"origin": [10.75, 0, 3.5],
					"color": 0,
					"children": [3, 4, 5, 6, 7]
				},
				{
					"name": "bottom",
					"origin": [12.84309, 0, 8.87143],
					"color": 0,
					"children": [8, 9]
				}
			]
		},
		{
			"name": "trim",
			"origin": [6, 1, 8],
			"color": 0,
			"children": [10, 11]
		},
		{
			"name": "latch",
			"origin": [2.67157, 3.32843, 7.5],
			"color": 0,
			"children": [12, 13]
		},
		{
			"name": "spine",
			"origin": [5.75, 0.5, 9.75],
			"color": 0,
			"children": [14, 15]
		}
	]
}