{
	"credit": "Made by Raycifer",
	"texture_size": [32, 32],
	"textures": {
		"0": "./surfs_up",
		"particle": "./surfs_up"
	},
	"elements": [
		{
			"from": [6.5, 1.15, 6.5],
			"to": [9.5, 2.15, 9.5],
			"rotation": {"angle": -22.5, "axis": "x", "origin": [8, 1.65, 8]},
			"faces": {
				"north": {"uv": [1.25, 1.5, 2.75, 2], "texture": "#0"},
				"east": {"uv": [1.25, 1.5, 2.75, 2], "texture": "#0"},
				"south": {"uv": [1.25, 1.5, 2.75, 2], "texture": "#0"},
				"west": {"uv": [1.25, 1.5, 2.75, 2], "texture": "#0"},
				"up": {"uv": [1.25, 0, 2.75, 1.5], "rotation": 270, "texture": "#0"},
				"down": {"uv": [1.25, 0, 2.75, 1.5], "rotation": 90, "texture": "#0"}
			}
		},
		{
			"from": [5.5, -0.85, 5.5],
			"to": [10.5, 1.15, 10.5],
			"rotation": {"angle": -22.5, "axis": "x", "origin": [8, 1.65, 8]},
			"faces": {
				"north": {"uv": [0, 7.5, 2.5, 8.5], "texture": "#0"},
				"east": {"uv": [0, 8.5, 2.5, 9.5], "texture": "#0"},
				"south": {"uv": [0, 0, 0.25, 0.25], "texture": "#0"},
				"west": {"uv": [2.5, 8.5, 0, 9.5], "texture": "#0"},
				"up": {"uv": [0, 5, 2.5, 7.5], "rotation": 270, "texture": "#0"},
				"down": {"uv": [2.5, 5, 5, 7.5], "rotation": 180, "texture": "#0"}
			}
		},
		{
			"from": [4.75, -0.02911, 9.88372],
			"to": [11.25, 6.47089, 13.38372],
			"rotation": {"angle": -22.5, "axis": "x", "origin": [8, 1.22089, 10.88372]},
			"faces": {
				"north": {"uv": [7, 0, 10.25, 3.25], "rotation": 90, "texture": "#0"},
				"east": {"uv": [7, 5, 10.25, 3.25], "rotation": 90, "texture": "#0"},
				"south": {"uv": [3.75, 0, 7, 3.25], "texture": "#0"},
				"west": {"uv": [7, 3.25, 10.25, 5], "rotation": 90, "texture": "#0"},
				"up": {"uv": [3.75, 3.25, 7, 5], "rotation": 180, "texture": "#0"},
				"down": {"uv": [10.25, 3.25, 13.5, 5], "texture": "#0"}
			}
		},
		{
			"from": [8, -1.6665, 11.2067],
			"to": [8, -0.6665, 13.2067],
			"rotation": {"angle": 22.5, "axis": "x", "origin": [8, -0.6665, 12.2067]},
			"faces": {
				"north": {"uv": [0, 0, 0.25, 0.25], "texture": "#0"},
				"east": {"uv": [5.5, 7.5, 5, 6.5], "rotation": 90, "texture": "#0"},
				"south": {"uv": [0, 0, 0.25, 0.25], "texture": "#0"},
				"west": {"uv": [5.5, 6.5, 5, 7.5], "rotation": 90, "texture": "#0"},
				"up": {"uv": [0, 0, 0.25, 0.25], "texture": "#0"},
				"down": {"uv": [0, 0, 0.25, 0.25], "texture": "#0"}
			}
		},
		{
			"from": [8, -3.1665, 10.2067],
			"to": [8, -1.6665, 11.2067],
			"rotation": {"angle": 22.5, "axis": "x", "origin": [8, -0.9165, 12.2067]},
			"faces": {
				"north": {"uv": [0, 0, 0.25, 0.25], "texture": "#0"},
				"east": {"uv": [5, 7.25, 5.5, 6.5], "texture": "#0"},
				"south": {"uv": [0, 0, 0.25, 0.25], "texture": "#0"},
				"west": {"uv": [5, 6.5, 5.5, 7.25], "rotation": 180, "texture": "#0"},
				"up": {"uv": [0, 0, 0.25, 0.25], "texture": "#0"},
				"down": {"uv": [0, 0, 0.25, 0.25], "texture": "#0"}
			}
		},
		{
			"from": [7.25, -1.27911, 9.13372],
			"to": [8.75, 0.22089, 10.63372],
			"rotation": {"angle": -22.5, "axis": "x", "origin": [8, 1.22089, 10.88372]},
			"faces": {
				"north": {"uv": [5, 6.5, 5.75, 6.25], "rotation": 90, "texture": "#0"},
				"east": {"uv": [5, 6.5, 5.75, 5.75], "rotation": 90, "texture": "#0"},
				"south": {"uv": [5, 6, 5.75, 5.75], "rotation": 90, "texture": "#0"},
				"west": {"uv": [5, 5.75, 5.75, 6.5], "rotation": 90, "texture": "#0"},
				"up": {"uv": [5.25, 6.5, 5, 5.75], "texture": "#0"},
				"down": {"uv": [5.75, 5.75, 5.5, 6.5], "texture": "#0"}
			}
		},
		{
			"from": [5, 6.22089, 8.38372],
			"to": [11, 6.22089, 9.88372],
			"rotation": {"angle": -22.5, "axis": "x", "origin": [8, 1.22089, 10.88372]},
			"faces": {
				"north": {"uv": [0.25, 0, 0, 0.25], "texture": "#0"},
				"east": {"uv": [0.25, 0, 0, 0.25], "texture": "#0"},
				"south": {"uv": [0.25, 0, 0, 0.25], "texture": "#0"},
				"west": {"uv": [0.25, 0, 0, 0.25], "texture": "#0"},
				"up": {"uv": [0, 4.25, 3, 5], "rotation": 180, "texture": "#0"},
				"down": {"uv": [3, 4.25, 0, 5], "texture": "#0"}
			}
		},
		{
			"from": [5, 2.02059, 7.55352],
			"to": [5, 6.02059, 8.55352],
			"rotation": {"angle": -22.5, "axis": "x", "origin": [5, 4.67059, 9.60352]},
			"faces": {
				"north": {"uv": [0, 0, 0.25, 0.25], "texture": "#0"},
				"east": {"uv": [0, 5, 2, 4.5], "rotation": 90, "texture": "#0"},
				"south": {"uv": [0, 0, 0.25, 0.25], "texture": "#0"},
				"west": {"uv": [2, 5, 0, 4.5], "rotation": 270, "texture": "#0"},
				"up": {"uv": [0, 0, 0.25, 0.25], "texture": "#0"},
				"down": {"uv": [0, 0, 0.25, 0.25], "texture": "#0"}
			}
		},
		{
			"from": [11, 2.02059, 7.55352],
			"to": [11, 6.02059, 8.55352],
			"rotation": {"angle": -22.5, "axis": "x", "origin": [11, 4.67059, 9.60352]},
			"faces": {
				"north": {"uv": [0.25, 0, 0, 0.25], "texture": "#0"},
				"east": {"uv": [2, 4.5, 0, 5], "rotation": 270, "texture": "#0"},
				"south": {"uv": [0.25, 0, 0, 0.25], "texture": "#0"},
				"west": {"uv": [0, 4.5, 2, 5], "rotation": 90, "texture": "#0"},
				"up": {"uv": [0.25, 0, 0, 0.25], "texture": "#0"},
				"down": {"uv": [0.25, 0, 0, 0.25], "texture": "#0"}
			}
		},
		{
			"from": [7, 1.75, 7],
			"to": [9, 3.75, 9],
			"rotation": {"angle": 0, "axis": "y", "origin": [8, 1.75, 7]},
			"faces": {
				"north": {"uv": [1, 3, 2, 4], "texture": "#0"},
				"east": {"uv": [0, 3, 1, 4], "texture": "#0"},
				"south": {"uv": [2, 3, 3, 4], "texture": "#0"},
				"west": {"uv": [1, 3, 0, 4], "texture": "#0"},
				"up": {"uv": [2, 3, 1, 2], "texture": "#0"},
				"down": {"uv": [0, 0, 0.25, 0.25], "texture": "#0"}
			}
		},
		{
			"from": [7.25, 3.5, 7.75],
			"to": [7.75, 4.5, 7.75],
			"rotation": {"angle": 22.5, "axis": "z", "origin": [7.5, 4, 7.75]},
			"faces": {
				"north": {"uv": [0.5, 2.25, 0.75, 2.75], "texture": "#0"},
				"east": {"uv": [0, 0, 0.25, 0.25], "texture": "#0"},
				"south": {"uv": [0.5, 2.25, 0.75, 2.75], "texture": "#0"},
				"west": {"uv": [0, 0, 0.25, 0.25], "texture": "#0"},
				"up": {"uv": [0, 0, 0.25, 0.25], "texture": "#0"},
				"down": {"uv": [0, 0, 0.25, 0.25], "texture": "#0"}
			}
		},
		{
			"from": [8.25, 3.5, 7.75],
			"to": [8.75, 4.5, 7.75],
			"rotation": {"angle": -22.5, "axis": "z", "origin": [8.5, 4, 7.75]},
			"faces": {
				"north": {"uv": [0.75, 2.25, 0.5, 2.75], "texture": "#0"},
				"east": {"uv": [0.25, 0, 0, 0.25], "texture": "#0"},
				"south": {"uv": [0.75, 2.25, 0.5, 2.75], "texture": "#0"},
				"west": {"uv": [0.25, 0, 0, 0.25], "texture": "#0"},
				"up": {"uv": [0.25, 0, 0, 0.25], "texture": "#0"},
				"down": {"uv": [0.25, 0, 0, 0.25], "texture": "#0"}
			}
		},
		{
			"from": [7.75, 2.5, 6.75],
			"to": [8.25, 3, 7.25],
			"rotation": {"angle": 0, "axis": "y", "origin": [7.25, 2.5, 6.75]},
			"faces": {
				"north": {"uv": [0, 2.5, 0.25, 2.75], "texture": "#0"},
				"east": {"uv": [0, 2.5, 0.25, 2.75], "texture": "#0"},
				"south": {"uv": [0, 2.5, 0.25, 2.75], "texture": "#0"},
				"west": {"uv": [0, 2.5, 0.25, 2.75], "texture": "#0"},
				"up": {"uv": [0, 2.5, 0.25, 2.75], "texture": "#0"},
				"down": {"uv": [0, 2.5, 0.25, 2.75], "texture": "#0"}
			}
		},
		{
			"from": [6.2, 2.25, 8],
			"to": [7.2, 3.25, 8],
			"rotation": {"angle": -45, "axis": "z", "origin": [6.7, 2.75, 8]},
			"faces": {
				"north": {"uv": [2, 2.5, 2.5, 3], "texture": "#0"},
				"east": {"uv": [0, 0, 0.25, 0.25], "texture": "#0"},
				"south": {"uv": [2, 3, 2.5, 2.5], "rotation": 180, "texture": "#0"},
				"west": {"uv": [0, 0, 0.25, 0.25], "texture": "#0"},
				"up": {"uv": [0, 0, 0.25, 0.25], "texture": "#0"},
				"down": {"uv": [0, 0, 0.25, 0.25], "texture": "#0"}
			}
		},
		{
			"from": [8.8, 2.25, 8],
			"to": [9.8, 3.25, 8],
			"rotation": {"angle": 45, "axis": "z", "origin": [9.3, 2.75, 8]},
			"faces": {
				"north": {"uv": [2.5, 2.5, 2, 3], "texture": "#0"},
				"east": {"uv": [0.25, 0, 0, 0.25], "texture": "#0"},
				"south": {"uv": [2.5, 3, 2, 2.5], "rotation": 180, "texture": "#0"},
				"west": {"uv": [0.25, 0, 0, 0.25], "texture": "#0"},
				"up": {"uv": [0.25, 0, 0, 0.25], "texture": "#0"},
				"down": {"uv": [0.25, 0, 0, 0.25], "texture": "#0"}
			}
		},
		{
			"from": [8.75, 0, 6],
			"to": [10.25, 1.5, 6],
			"rotation": {"angle": -22.5, "axis": "x", "origin": [9.5, 0.75, 6]},
			"faces": {
				"north": {"uv": [0, 5, 0.75, 4.25], "texture": "#0"},
				"east": {"uv": [0.25, 0, 0, 0.25], "texture": "#0"},
				"south": {"uv": [0.75, 5, 0, 4.25], "texture": "#0"},
				"west": {"uv": [0.25, 0, 0, 0.25], "texture": "#0"},
				"up": {"uv": [0.25, 0, 0, 0.25], "texture": "#0"},
				"down": {"uv": [0.25, 0, 0, 0.25], "texture": "#0"}
			}
		},
		{
			"from": [5.75, 0, 6],
			"to": [7.25, 1.5, 6],
			"rotation": {"angle": -22.5, "axis": "x", "origin": [9.5, 0.75, 6]},
			"faces": {
				"north": {"uv": [0, 5, 0.75, 4.25], "texture": "#0"},
				"east": {"uv": [0.25, 0, 0, 0.25], "texture": "#0"},
				"south": {"uv": [0.75, 5, 0, 4.25], "texture": "#0"},
				"west": {"uv": [0.25, 0, 0, 0.25], "texture": "#0"},
				"up": {"uv": [0.25, 0, 0, 0.25], "texture": "#0"},
				"down": {"uv": [0.25, 0, 0, 0.25], "texture": "#0"}
			}
		},
		{
			"from": [5.75, 0, 7.5],
			"to": [5.75, 1.5, 9],
			"rotation": {"angle": -22.5, "axis": "x", "origin": [6.5, 0.75, 6]},
			"faces": {
				"north": {"uv": [0.25, 0, 0, 0.25], "texture": "#0"},
				"east": {"uv": [0.75, 5, 0, 4.25], "texture": "#0"},
				"south": {"uv": [0.25, 0, 0, 0.25], "texture": "#0"},
				"west": {"uv": [0.75, 5, 0, 4.25], "texture": "#0"},
				"up": {"uv": [0.25, 0, 0, 0.25], "texture": "#0"},
				"down": {"uv": [0.25, 0, 0, 0.25], "texture": "#0"}
			}
		},
		{
			"from": [10.25, 0, 7.5],
			"to": [10.25, 1.5, 9],
			"rotation": {"angle": -22.5, "axis": "x", "origin": [9.5, 0.75, 6]},
			"faces": {
				"north": {"uv": [0.25, 0, 0, 0.25], "texture": "#0"},
				"east": {"uv": [0, 5, 0.75, 4.25], "texture": "#0"},
				"south": {"uv": [0.25, 0, 0, 0.25], "texture": "#0"},
				"west": {"uv": [0, 5, 0.75, 4.25], "texture": "#0"},
				"up": {"uv": [0.25, 0, 0, 0.25], "texture": "#0"},
				"down": {"uv": [0.25, 0, 0, 0.25], "texture": "#0"}
			}
		},
		{
			"from": [4.25, 3, 10.5],
			"to": [4.75, 4, 11.5],
			"rotation": {"angle": 0, "axis": "y", "origin": [13.25, 0, 7.5]},
			"faces": {
				"north": {"uv": [6, 5, 6.25, 5.5], "texture": "#0"},
				"east": {"uv": [5.75, 5, 6.25, 5.5], "texture": "#0"},
				"south": {"uv": [5.75, 5, 6, 5.5], "texture": "#0"},
				"west": {"uv": [5.75, 5, 6.25, 5.5], "rotation": 90, "texture": "#0"},
				"up": {"uv": [5.75, 5.5, 6, 5], "texture": "#0"},
				"down": {"uv": [6, 5, 6.25, 5.5], "texture": "#0"}
			}
		},
		{
			"from": [11.25, 3, 10.5],
			"to": [11.75, 4, 11.5],
			"rotation": {"angle": 0, "axis": "y", "origin": [2.75, 0, 7.5]},
			"faces": {
				"north": {"uv": [6.25, 5, 6, 5.5], "texture": "#0"},
				"east": {"uv": [5.75, 5.5, 6.25, 5], "rotation": 90, "texture": "#0"},
				"south": {"uv": [6, 5, 5.75, 5.5], "texture": "#0"},
				"west": {"uv": [6.25, 5, 5.75, 5.5], "texture": "#0"},
				"up": {"uv": [6, 5.5, 5.75, 5], "texture": "#0"},
				"down": {"uv": [6.25, 5, 6, 5.5], "texture": "#0"}
			}
		},
		{
			"from": [10.5, 1, 9],
			"to": [11.5, 2.5, 10.5],
			"rotation": {"angle": -45, "axis": "x", "origin": [11, 1.75, 9.75]},
			"faces": {
				"north": {"uv": [5.75, 5, 5.5, 5.75], "texture": "#0"},
				"east": {"uv": [5, 5.75, 5.75, 5], "rotation": 90, "texture": "#0"},
				"south": {"uv": [5.25, 5, 5, 5.75], "texture": "#0"},
				"west": {"uv": [5.75, 5, 5, 5.75], "texture": "#0"},
				"up": {"uv": [5.25, 5, 5, 5.75], "texture": "#0"},
				"down": {"uv": [5.75, 5, 5.5, 5.75], "texture": "#0"}
			}
		},
		{
			"from": [4.5, 1, 9],
			"to": [5.5, 2.5, 10.5],
			"rotation": {"angle": -45, "axis": "x", "origin": [11, 1.75, 9.75]},
			"faces": {
				"north": {"uv": [5.75, 5, 5.5, 5.75], "texture": "#0"},
				"east": {"uv": [5, 5.75, 5.75, 5], "rotation": 90, "texture": "#0"},
				"south": {"uv": [5.25, 5, 5, 5.75], "texture": "#0"},
				"west": {"uv": [5.75, 5, 5, 5.75], "texture": "#0"},
				"up": {"uv": [5.25, 5, 5, 5.75], "texture": "#0"},
				"down": {"uv": [5.75, 5, 5.5, 5.75], "texture": "#0"}
			}
		},
		{
			"from": [12.5, 0, 6],
			"to": [12.5, 2.5, 8.5],
			"rotation": {"angle": -45, "axis": "x", "origin": [12.5, 1.25, 7.25]},
			"faces": {
				"north": {"uv": [0, 0, 0.25, 0.25], "texture": "#0"},
				"east": {"uv": [0, 0.25, 1.25, 1.5], "texture": "#0"},
				"south": {"uv": [0, 0, 0.25, 0.25], "texture": "#0"},
				"west": {"uv": [1.25, 0.25, 0, 1.5], "texture": "#0"},
				"up": {"uv": [0, 0, 0.25, 0.25], "texture": "#0"},
				"down": {"uv": [0, 0, 0.25, 0.25], "texture": "#0"}
			}
		},
		{
			"from": [3.5, 0, 7],
			"to": [3.5, 2.5, 9.5],
			"rotation": {"angle": -45, "axis": "x", "origin": [3.5, 1.25, 8.25]},
			"faces": {
				"north": {"uv": [0, 0, 0.25, 0.25], "texture": "#0"},
				"east": {"uv": [0, 1.5, 1.25, 0.25], "rotation": 90, "texture": "#0"},
				"south": {"uv": [0, 0, 0.25, 0.25], "texture": "#0"},
				"west": {"uv": [1.25, 1.5, 0, 0.25], "rotation": 270, "texture": "#0"},
				"up": {"uv": [0, 0, 0.25, 0.25], "texture": "#0"},
				"down": {"uv": [0, 0, 0.25, 0.25], "texture": "#0"}
			}
		},
		{
			"from": [8.25, 0, 15.25],
			"to": [10.75, 2.5, 15.25],
			"rotation": {"angle": -45, "axis": "z", "origin": [9.5, 1.25, 15.25]},
			"faces": {
				"north": {"uv": [1.25, 0.25, 0, 1.5], "texture": "#0"},
				"east": {"uv": [0, 0, 0.25, 0.25], "texture": "#0"},
				"south": {"uv": [1.25, 1.5, 0, 0.25], "rotation": 180, "texture": "#0"},
				"west": {"uv": [0, 0, 0.25, 0.25], "texture": "#0"},
				"up": {"uv": [0, 0, 0.25, 0.25], "rotation": 270, "texture": "#0"},
				"down": {"uv": [0, 0, 0.25, 0.25], "rotation": 90, "texture": "#0"}
			}
		},
		{
			"from": [8, 0.97089, 13.13372],
			"to": [8, 3.47089, 15.13372],
			"rotation": {"angle": -22.5, "axis": "x", "origin": [8, 1.22089, 10.88372]},
			"faces": {
				"north": {"uv": [0, 0, 0.25, 0.25], "texture": "#0"},
				"east": {"uv": [2.5, 3, 3.75, 2], "rotation": 90, "texture": "#0"},
				"south": {"uv": [0, 0, 0.25, 0.25], "texture": "#0"},
				"west": {"uv": [2.5, 2, 3.75, 3], "rotation": 90, "texture": "#0"},
				"up": {"uv": [0, 0, 0.25, 0.25], "texture": "#0"},
				"down": {"uv": [0, 0, 0.25, 0.25], "texture": "#0"}
			}
		},
		{
			"from": [2, 1.25, 9.75],
			"to": [4.5, 2.75, 9.75],
			"rotation": {"angle": 0, "axis": "y", "origin": [8.5, 0, 8]},
			"faces": {
				"north": {"uv": [5.75, 5.5, 7, 6.25], "texture": "#0"},
				"east": {"uv": [0, 0, 0.25, 0.25], "rotation": 270, "texture": "#0"},
				"south": {"uv": [7, 5.5, 5.75, 6.25], "texture": "#0"},
				"west": {"uv": [0, 0, 0.25, 0.25], "rotation": 270, "texture": "#0"},
				"up": {"uv": [0, 0, 0.25, 0.25], "rotation": 270, "texture": "#0"},
				"down": {"uv": [0, 0, 0.25, 0.25], "rotation": 270, "texture": "#0"}
			}
		},
		{
			"from": [11.5, 1.25, 9.75],
			"to": [14, 2.75, 9.75],
			"rotation": {"angle": 0, "axis": "y", "origin": [7.5, 0, 8]},
			"faces": {
				"north": {"uv": [7, 5.5, 5.75, 6.25], "texture": "#0"},
				"east": {"uv": [0, 0, 0.25, 0.25], "rotation": 270, "texture": "#0"},
				"south": {"uv": [5.75, 5.5, 7, 6.25], "texture": "#0"},
				"west": {"uv": [0, 0, 0.25, 0.25], "rotation": 270, "texture": "#0"},
				"up": {"uv": [0, 0, 0.25, 0.25], "rotation": 270, "texture": "#0"},
				"down": {"uv": [0, 0, 0.25, 0.25], "rotation": 270, "texture": "#0"}
			}
		},
		{
			"from": [9, -1.5, 9.75],
			"to": [9, 0, 10.75],
			"rotation": {"angle": 22.5, "axis": "z", "origin": [9, -0.75, 10.25]},
			"faces": {
				"north": {"uv": [0, 0, 0.25, 0.25], "texture": "#0"},
				"east": {"uv": [6.25, 6, 7, 5.5], "rotation": 90, "texture": "#0"},
				"south": {"uv": [0, 0, 0.25, 0.25], "texture": "#0"},
				"west": {"uv": [6.25, 5.5, 7, 6], "rotation": 90, "texture": "#0"},
				"up": {"uv": [0, 0, 0.25, 0.25], "texture": "#0"},
				"down": {"uv": [0, 0, 0.25, 0.25], "texture": "#0"}
			}
		},
		{
			"from": [7, -1.5, 9.75],
			"to": [7, 0, 10.75],
			"rotation": {"angle": -22.5, "axis": "z", "origin": [7, -0.75, 10.25]},
			"faces": {
				"north": {"uv": [0.25, 0, 0, 0.25], "texture": "#0"},
				"east": {"uv": [6.25, 6, 7, 5.5], "rotation": 90, "texture": "#0"},
				"south": {"uv": [0.25, 0, 0, 0.25], "texture": "#0"},
				"west": {"uv": [6.25, 5.5, 7, 6], "rotation": 90, "texture": "#0"},
				"up": {"uv": [0.25, 0, 0, 0.25], "texture": "#0"},
				"down": {"uv": [0.25, 0, 0, 0.25], "texture": "#0"}
			}
		},
		{
			"from": [8, 0, 12],
			"to": [8, 1, 13],
			"rotation": {"angle": 22.5, "axis": "x", "origin": [8, 0.5, 12.5]},
			"faces": {
				"north": {"uv": [0, 0, 0.25, 0.25], "rotation": 270, "texture": "#0"},
				"east": {"uv": [6.25, 5, 6.75, 5.5], "texture": "#0"},
				"south": {"uv": [0, 0, 0.25, 0.25], "rotation": 270, "texture": "#0"},
				"west": {"uv": [6.25, 5, 6.75, 5.5], "rotation": 90, "texture": "#0"},
				"up": {"uv": [0, 0, 0.25, 0.25], "rotation": 270, "texture": "#0"},
				"down": {"uv": [0, 0, 0.25, 0.25], "rotation": 270, "texture": "#0"}
			}
		}
	],
	"display": {
		"thirdperson_righthand": {
			"rotation": [67.5, 0, 0],
			"translation": [0, 7.75, 6],
			"scale": [0.7, 0.7, 0.7]
		},
		"thirdperson_lefthand": {
			"rotation": [67.5, 0, 0],
			"translation": [0, 7.75, 6],
			"scale": [0.7, 0.7, 0.7]
		},
		"firstperson_righthand": {
			"rotation": [-22.5, 122, 0],
			"translation": [0, 7.75, 0.5],
			"scale": [0.7, 0.7, 0.7]
		},
		"firstperson_lefthand": {
			"rotation": [-22.5, 122, 0],
			"translation": [0, 7.75, 0.5],
			"scale": [0.7, 0.7, 0.7]
		},
		"ground": {
			"translation": [1, 8, -0.5]
		},
		"gui": {
			"rotation": [-20, 160, 30],
			"translation": [4.75, 9, 0],
			"scale": [1.7, 1.7, 1.7]
		},
		"head": {
			"rotation": [-31.25, 0, 0],
			"translation": [0, 12.5, -2.75],
			"scale": [2.5, 2.5, 2.5]
		},
		"fixed": {
			"translation": [0, 5.75, -2.75]
		}
	}
}