{
	"credit": "Made by Raycifer",
	"texture_size": [32, 32],
	"textures": {
		"0": "./absolution"
	},
	"elements": [
		{
			"from": [8, 1.3, 7.5],
			"to": [8.001, 14.3, 8.5],
			"rotation": {"angle": 0, "axis": "y", "origin": [7.45, 2.55, 8]},
			"faces": {
				"north": {"uv": [0.25, 0, 0, 0.25], "texture": "#0"},
				"east": {"uv": [8.25, 0, 8.75, 6.5], "texture": "#0"},
				"south": {"uv": [0.25, 0, 0, 0.25], "texture": "#0"},
				"west": {"uv": [8.25, 0, 8.75, 6.5], "texture": "#0"},
				"up": {"uv": [0.25, 0, 0, 0.25], "texture": "#0"},
				"down": {"uv": [0.25, 0, 0, 0.25], "texture": "#0"}
			}
		},
		{
			"from": [7.75, 2.66784, 8.67126],
			"to": [8.25, 4.16784, 9.67126],
			"rotation": {"angle": -22.5, "axis": "x", "origin": [7.45, 2.55, 8]},
			"faces": {
				"north": {"uv": [1.25, 0.25, 1.5, 1], "texture": "#0"},
				"east": {"uv": [1, 0.25, 1.5, 1], "texture": "#0"},
				"south": {"uv": [1, 0.25, 1.25, 1], "texture": "#0"},
				"west": {"uv": [1.5, 0.25, 1, 1], "texture": "#0"},
				"up": {"uv": [1, 0.25, 1.25, 0.75], "texture": "#0"},
				"down": {"uv": [1, 0.25, 1.25, 0.75], "texture": "#0"}
			}
		},
		{
			"from": [7.75, 2.66784, 6.32874],
			"to": [8.25, 4.16784, 7.32874],
			"rotation": {"angle": 22.5, "axis": "x", "origin": [7.45, 2.55, 8]},
			"faces": {
				"north": {"uv": [1.25, 0.25, 1, 1], "texture": "#0"},
				"east": {"uv": [1.5, 0.25, 1, 1], "texture": "#0"},
				"south": {"uv": [1.5, 0.25, 1.25, 1], "texture": "#0"},
				"west": {"uv": [1, 0.25, 1.5, 1], "texture": "#0"},
				"up": {"uv": [1, 0.75, 1.25, 0.25], "texture": "#0"},
				"down": {"uv": [1, 0.75, 1.25, 0.25], "texture": "#0"}
			}
		},
		{
			"from": [7.75, -1.3, 4.5],
			"to": [8.25, -0.3, 6.5],
			"rotation": {"angle": 0, "axis": "y", "origin": [7.25, -1.3, 5]},
			"faces": {
				"north": {"uv": [6.25, 1.5, 6.5, 2], "texture": "#0"},
				"east": {"uv": [6.25, 1.5, 7.25, 2], "texture": "#0"},
				"south": {"uv": [6.25, 1.5, 6.5, 2], "texture": "#0"},
				"west": {"uv": [6.25, 1.5, 7.25, 2], "texture": "#0"},
				"up": {"uv": [6.25, 1.5, 7.25, 1.75], "rotation": 90, "texture": "#0"},
				"down": {"uv": [6.25, 1.5, 7.25, 1.75], "rotation": 90, "texture": "#0"}
			}
		},
		{
			"from": [8, -1.55, 3],
			"to": [8.001, -0.05, 4.5],
			"rotation": {"angle": -45, "axis": "x", "origin": [8, -0.8, 3.75]},
			"faces": {
				"north": {"uv": [0.25, 0, 0, 0.25], "texture": "#0"},
				"east": {"uv": [2.25, 1, 3, 1.75], "rotation": 90, "texture": "#0"},
				"south": {"uv": [0.25, 0, 0, 0.25], "texture": "#0"},
				"west": {"uv": [2.25, 1, 3, 1.75], "texture": "#0"},
				"up": {"uv": [0.25, 0, 0, 0.25], "texture": "#0"},
				"down": {"uv": [0.25, 0, 0, 0.25], "texture": "#0"}
			}
		},
		{
			"from": [7.75, -1.3, 9.5],
			"to": [8.25, -0.3, 11.5],
			"rotation": {"angle": 0, "axis": "y", "origin": [7.25, -1.3, 11]},
			"faces": {
				"north": {"uv": [6.5, 1.5, 6.25, 2], "texture": "#0"},
				"east": {"uv": [7.25, 1.5, 6.25, 2], "texture": "#0"},
				"south": {"uv": [6.5, 1.5, 6.25, 2], "texture": "#0"},
				"west": {"uv": [7.25, 1.5, 6.25, 2], "texture": "#0"},
				"up": {"uv": [7.25, 1.5, 6.25, 1.75], "rotation": 90, "texture": "#0"},
				"down": {"uv": [7.25, 1.5, 6.25, 1.75], "rotation": 90, "texture": "#0"}
			}
		},
		{
			"from": [8, -1.55, 11.5],
			"to": [8.001, -0.05, 13],
			"rotation": {"angle": 45, "axis": "x", "origin": [8, -0.8, 12.25]},
			"faces": {
				"north": {"uv": [0.25, 0, 0, 0.25], "texture": "#0"},
				"east": {"uv": [2.25, 1.75, 3, 1], "rotation": 90, "texture": "#0"},
				"south": {"uv": [0.25, 0, 0, 0.25], "texture": "#0"},
				"west": {"uv": [3, 1, 2.25, 1.75], "texture": "#0"},
				"up": {"uv": [0.25, 0, 0, 0.25], "texture": "#0"},
				"down": {"uv": [0.25, 0, 0, 0.25], "texture": "#0"}
			}
		},
		{
			"from": [6.65, -2.8, 5.7],
			"to": [6.651, -0.3, 8.2],
			"rotation": {"angle": -22.5, "axis": "y", "origin": [6.65, -1.55, 6.95]},
			"faces": {
				"north": {"uv": [0, 0, 0, 1.25], "texture": "#0"},
				"east": {"uv": [5.25, 6.5, 4, 5.25], "texture": "#0"},
				"south": {"uv": [0, 0, 0, 1.25], "texture": "#0"},
				"west": {"uv": [4, 6.5, 5.25, 5.25], "texture": "#0"},
				"up": {"uv": [0, 1.25, 0, 0], "texture": "#0"},
				"down": {"uv": [0, 1.25, 0, 0], "texture": "#0"}
			}
		},
		{
			"from": [7.75, 10.25495, -0.45495],
			"to": [8.25, 11.25495, 0.54505],
			"rotation": {"angle": 45, "axis": "x", "origin": [7.45, 2.8, 8]},
			"faces": {
				"north": {"uv": [8.25, 0.25, 8.5, 0.75], "texture": "#0"},
				"east": {"uv": [8.75, 0.25, 8.25, 0.75], "texture": "#0"},
				"south": {"uv": [8.5, 0.25, 8.75, 0.75], "texture": "#0"},
				"west": {"uv": [8.25, 0.25, 8.75, 0.75], "texture": "#0"},
				"up": {"uv": [8.25, 0.25, 8.75, 0.5], "rotation": 90, "texture": "#0"},
				"down": {"uv": [8.75, 0.25, 8.25, 0.5], "rotation": 90, "texture": "#0"}
			}
		},
		{
			"from": [8, 1, 7.75],
			"to": [10.5, 3.5, 8.25],
			"rotation": {"angle": -45, "axis": "z", "origin": [8, 3.5, 8]},
			"faces": {
				"north": {"uv": [1.5, 5.75, 2.75, 7], "rotation": 90, "texture": "#0"},
				"east": {"uv": [2.5, 5.75, 2.75, 7], "texture": "#0"},
				"south": {"uv": [1.5, 5.75, 2.75, 7], "texture": "#0"},
				"west": {"uv": [1.5, 5.75, 1.75, 7], "texture": "#0"},
				"up": {"uv": [1.5, 5.75, 2.75, 6], "texture": "#0"},
				"down": {"uv": [1.5, 6.75, 2.75, 7], "texture": "#0"}
			}
		},
		{
			"from": [7.75, 1, 8],
			"to": [8.25, 3.5, 10.5],
			"rotation": {"angle": 45, "axis": "x", "origin": [8, 3.5, 8]},
			"faces": {
				"north": {"uv": [1.5, 5.75, 1.75, 7], "texture": "#0"},
				"east": {"uv": [1.5, 5.75, 2.75, 7], "rotation": 90, "texture": "#0"},
				"south": {"uv": [2.5, 5.75, 2.75, 7], "texture": "#0"},
				"west": {"uv": [1.5, 5.75, 2.75, 7], "texture": "#0"},
				"up": {"uv": [1.5, 5.75, 2.75, 6], "rotation": 90, "texture": "#0"},
				"down": {"uv": [1.5, 6.75, 2.75, 7], "rotation": 270, "texture": "#0"}
			}
		},
		{
			"from": [8, 2.75, 7.25],
			"to": [8.001, 4.25, 8.75],
			"rotation": {"angle": 0, "axis": "y", "origin": [8, 3.25, 7.25]},
			"faces": {
				"north": {"uv": [0.25, 0, 0, 0.25], "texture": "#0"},
				"east": {"uv": [5.75, 5, 6.5, 5.75], "texture": "#0"},
				"south": {"uv": [0.25, 0, 0, 0.25], "texture": "#0"},
				"west": {"uv": [5.75, 5, 6.5, 5.75], "texture": "#0"},
				"up": {"uv": [0.25, 0, 0, 0.25], "texture": "#0"},
				"down": {"uv": [0.25, 0, 0, 0.25], "texture": "#0"}
			}
		},
		{
			"from": [6.25, -2.75, 6.54289],
			"to": [8.75, -0.25, 6.54389],
			"rotation": {"angle": 45, "axis": "y", "origin": [8, -1, 7.29289]},
			"faces": {
				"north": {"uv": [12, 1.25, 10.75, 2.5], "texture": "#0"},
				"east": {"uv": [0.25, 0, 0, 0.25], "texture": "#0"},
				"south": {"uv": [12, 1.25, 10.75, 2.5], "texture": "#0"},
				"west": {"uv": [0.25, 0, 0, 0.25], "texture": "#0"},
				"up": {"uv": [0.25, 0, 0, 0.25], "texture": "#0"},
				"down": {"uv": [0.25, 0, 0, 0.25], "texture": "#0"}
			}
		},
		{
			"from": [6.25, -2.75, 9.04289],
			"to": [8.75, -0.25, 9.04389],
			"rotation": {"angle": 45, "axis": "y", "origin": [8, -1, 7.29289]},
			"faces": {
				"north": {"uv": [12, 1.25, 10.75, 2.5], "texture": "#0"},
				"east": {"uv": [0.25, 0, 0, 0.25], "texture": "#0"},
				"south": {"uv": [12, 2.5, 13.25, 3.75], "texture": "#0"},
				"west": {"uv": [0.25, 0, 0, 0.25], "texture": "#0"},
				"up": {"uv": [0.25, 0, 0, 0.25], "texture": "#0"},
				"down": {"uv": [0.25, 0, 0, 0.25], "texture": "#0"}
			}
		},
		{
			"from": [6.25, -0.25, 6.54289],
			"to": [8.75, -0.249, 9.04289],
			"rotation": {"angle": 45, "axis": "y", "origin": [8, -1, 7.29289]},
			"faces": {
				"north": {"uv": [0.25, 0, 0, 0.25], "texture": "#0"},
				"east": {"uv": [0.25, 0, 0, 0.25], "texture": "#0"},
				"south": {"uv": [0.25, 0, 0, 0.25], "texture": "#0"},
				"west": {"uv": [0.25, 0, 0, 0.25], "texture": "#0"},
				"up": {"uv": [9.5, 1.25, 10.75, 2.5], "texture": "#0"},
				"down": {"uv": [9.5, 1.25, 10.75, 2.5], "texture": "#0"}
			}
		},
		{
			"from": [8.75, -2.75, 6.54289],
			"to": [8.751, -0.25, 9.04289],
			"rotation": {"angle": 45, "axis": "y", "origin": [8, -1, 7.29289]},
			"faces": {
				"north": {"uv": [0.25, 0, 0, 0.25], "texture": "#0"},
				"east": {"uv": [12, 2.5, 10.75, 3.75], "texture": "#0"},
				"south": {"uv": [0.25, 0, 0, 0.25], "texture": "#0"},
				"west": {"uv": [12, 1.25, 10.75, 2.5], "texture": "#0"},
				"up": {"uv": [0.25, 0, 0, 0.25], "texture": "#0"},
				"down": {"uv": [0.25, 0, 0, 0.25], "texture": "#0"}
			}
		},
		{
			"from": [6.25, -2.75, 6.54289],
			"to": [6.251, -0.25, 9.04289],
			"rotation": {"angle": 45, "axis": "y", "origin": [8, -1, 7.29289]},
			"faces": {
				"north": {"uv": [0.25, 0, 0, 0.25], "texture": "#0"},
				"east": {"uv": [12, 1.25, 10.75, 2.5], "texture": "#0"},
				"south": {"uv": [0.25, 0, 0, 0.25], "texture": "#0"},
				"west": {"uv": [13.25, 1.25, 12, 2.5], "texture": "#0"},
				"up": {"uv": [0.25, 0, 0, 0.25], "texture": "#0"},
				"down": {"uv": [0.25, 0, 0, 0.25], "texture": "#0"}
			}
		},
		{
			"from": [6.1, -2.75, 7.45],
			"to": [6.101, -1.25, 8.95],
			"rotation": {"angle": -22.5, "axis": "x", "origin": [6.1, -2, 8.2]},
			"faces": {
				"north": {"uv": [0, 0, 0, 0.75], "texture": "#0"},
				"east": {"uv": [6.25, 6.5, 5.5, 5.75], "texture": "#0"},
				"south": {"uv": [0, 0, 0, 0.75], "texture": "#0"},
				"west": {"uv": [5.5, 6.5, 6.25, 5.75], "texture": "#0"},
				"up": {"uv": [0, 0, 0, 0.75], "texture": "#0"},
				"down": {"uv": [0, 0, 0, 0.75], "texture": "#0"}
			}
		},
		{
			"from": [6.6, -4.5, 5.75],
			"to": [9.6, -1.5, 5.751],
			"rotation": {"angle": 22.5, "axis": "y", "origin": [8.1, -3, 5.75]},
			"faces": {
				"north": {"uv": [11.5, 5.5, 13, 7], "texture": "#0"},
				"east": {"uv": [0.25, 0, 0, 0.25], "texture": "#0"},
				"south": {"uv": [13, 5.5, 11.5, 7], "texture": "#0"},
				"west": {"uv": [0.25, 0, 0, 0.25], "texture": "#0"},
				"up": {"uv": [0.25, 0, 0, 0.25], "texture": "#0"},
				"down": {"uv": [0.25, 0, 0, 0.25], "texture": "#0"}
			}
		},
		{
			"from": [8.85, -5.5, 5.5],
			"to": [9.85, -4, 5.501],
			"rotation": {"angle": -22.5, "axis": "x", "origin": [9.35, -4, 5.5]},
			"faces": {
				"north": {"uv": [9, 5.5, 9.5, 6.25], "texture": "#0"},
				"east": {"uv": [0.25, 0, 0, 0.25], "texture": "#0"},
				"south": {"uv": [9, 5.5, 9.5, 6.25], "texture": "#0"},
				"west": {"uv": [0.25, 0, 0, 0.25], "texture": "#0"},
				"up": {"uv": [0.25, 0, 0, 0.25], "texture": "#0"},
				"down": {"uv": [0.25, 0, 0, 0.25], "texture": "#0"}
			}
		},
		{
			"from": [8.85, -6.88582, 6.07403],
			"to": [9.85, -5.38582, 6.07503],
			"rotation": {"angle": -45, "axis": "x", "origin": [9.35, -5.38582, 6.07403]},
			"faces": {
				"north": {"uv": [9, 6.25, 9.5, 7], "texture": "#0"},
				"east": {"uv": [0.25, 0, 0, 0.25], "texture": "#0"},
				"south": {"uv": [9, 6.25, 9.5, 7], "texture": "#0"},
				"west": {"uv": [0.25, 0, 0, 0.25], "texture": "#0"},
				"up": {"uv": [0.25, 0, 0, 0.25], "texture": "#0"},
				"down": {"uv": [0.25, 0, 0, 0.25], "texture": "#0"}
			}
		},
		{
			"from": [8.85, -7.94648, 7.13469],
			"to": [9.85, -6.44648, 7.13569],
			"rotation": {"angle": -22.5, "axis": "x", "origin": [9.35, -6.44648, 7.13469]},
			"faces": {
				"north": {"uv": [9, 7, 9.5, 7.75], "texture": "#0"},
				"east": {"uv": [0.25, 0, 0, 0.25], "texture": "#0"},
				"south": {"uv": [9, 7, 9.5, 7.75], "texture": "#0"},
				"west": {"uv": [0.25, 0, 0, 0.25], "texture": "#0"},
				"up": {"uv": [0.25, 0, 0, 0.25], "texture": "#0"},
				"down": {"uv": [0.25, 0, 0, 0.25], "texture": "#0"}
			}
		},
		{
			"from": [7.5, 0.75, 7.5],
			"to": [8.5, 2.75, 8.5],
			"rotation": {"angle": 45, "axis": "y", "origin": [8, 1.75, 8]},
			"faces": {
				"north": {"uv": [7.5, 5.75, 8, 6.75], "texture": "#0"},
				"east": {"uv": [7.5, 5.75, 8, 6.75], "texture": "#0"},
				"south": {"uv": [7.5, 5.75, 8, 6.75], "texture": "#0"},
				"west": {"uv": [7.5, 5.75, 8, 6.75], "texture": "#0"},
				"up": {"uv": [7.5, 5.75, 8, 6.25], "texture": "#0"},
				"down": {"uv": [7.5, 7, 8, 7.5], "texture": "#0"}
			}
		},
		{
			"from": [7.5, -7.75, 7.5],
			"to": [8.5, -0.25, 8.5],
			"rotation": {"angle": 0, "axis": "y", "origin": [7.5, -7.75, 7.5]},
			"faces": {
				"north": {"uv": [3.75, 1, 4, 4.75], "texture": "#0"},
				"east": {"uv": [4.25, 1, 3.75, 4.75], "texture": "#0"},
				"south": {"uv": [3.75, 1, 4, 4.75], "texture": "#0"},
				"west": {"uv": [3.75, 1, 4.25, 4.75], "texture": "#0"},
				"up": {"uv": [0, 0, 0.25, 0.25], "texture": "#0"},
				"down": {"uv": [3.75, 4.25, 4.25, 4.75], "texture": "#0"}
			}
		},
		{
			"from": [7.25, -8.25, 8.5],
			"to": [8.75, -7.25, 9],
			"rotation": {"angle": -45, "axis": "x", "origin": [8, -7.75, 8.75]},
			"faces": {
				"north": {"uv": [6.5, 7.5, 5.75, 8], "texture": "#0"},
				"east": {"uv": [6, 7.5, 5.75, 8], "texture": "#0"},
				"south": {"uv": [6.5, 7.5, 5.75, 8], "texture": "#0"},
				"west": {"uv": [6, 7.5, 5.75, 8], "texture": "#0"},
				"up": {"uv": [5.75, 7.75, 6.5, 7.5], "texture": "#0"},
				"down": {"uv": [5.75, 7.75, 6.5, 7.5], "texture": "#0"}
			}
		},
		{
			"from": [7.5, -9.25, 8.5],
			"to": [8.5, -7.75, 9],
			"rotation": {"angle": -22.5, "axis": "x", "origin": [8, -8.5, 8.75]},
			"faces": {
				"north": {"uv": [5, 7.5, 5.5, 8.25], "texture": "#0"},
				"east": {"uv": [5, 7.5, 5.25, 8.25], "texture": "#0"},
				"south": {"uv": [5, 7.5, 5.5, 8.25], "texture": "#0"},
				"west": {"uv": [5, 7.5, 5.25, 8.25], "texture": "#0"},
				"up": {"uv": [5, 7.5, 5.5, 7.75], "texture": "#0"},
				"down": {"uv": [5, 7.5, 5.5, 7.75], "texture": "#0"}
			}
		},
		{
			"from": [7.5, -9.75, 7.5],
			"to": [8.5, -7.75, 8.5],
			"rotation": {"angle": 45, "axis": "y", "origin": [8, -8.75, 8]},
			"faces": {
				"north": {"uv": [7.5, 5.75, 8, 6.75], "texture": "#0"},
				"east": {"uv": [7.5, 5.75, 8, 6.75], "texture": "#0"},
				"south": {"uv": [7.5, 5.75, 8, 6.75], "texture": "#0"},
				"west": {"uv": [7.5, 5.75, 8, 6.75], "texture": "#0"},
				"up": {"uv": [7.5, 5.75, 8, 6.25], "texture": "#0"},
				"down": {"uv": [7.5, 7, 8, 7.5], "texture": "#0"}
			}
		},
		{
			"from": [7.5, -9.25, 7],
			"to": [8.5, -7.75, 7.5],
			"rotation": {"angle": 22.5, "axis": "x", "origin": [8, -8.5, 7.25]},
			"faces": {
				"north": {"uv": [5.5, 7.5, 5, 8.25], "texture": "#0"},
				"east": {"uv": [5.25, 7.5, 5, 8.25], "texture": "#0"},
				"south": {"uv": [5.5, 7.5, 5, 8.25], "texture": "#0"},
				"west": {"uv": [5.25, 7.5, 5, 8.25], "texture": "#0"},
				"up": {"uv": [5, 7.75, 5.5, 7.5], "texture": "#0"},
				"down": {"uv": [5, 7.75, 5.5, 7.5], "texture": "#0"}
			}
		},
		{
			"from": [7.25, -8.25, 7],
			"to": [8.75, -7.25, 7.5],
			"rotation": {"angle": 45, "axis": "x", "origin": [8, -7.75, 7.25]},
			"faces": {
				"north": {"uv": [5.75, 7.5, 6.5, 8], "texture": "#0"},
				"east": {"uv": [5.75, 7.5, 6, 8], "texture": "#0"},
				"south": {"uv": [5.75, 7.5, 6.5, 8], "texture": "#0"},
				"west": {"uv": [5.75, 7.5, 6, 8], "texture": "#0"},
				"up": {"uv": [5.75, 7.5, 6.5, 7.75], "texture": "#0"},
				"down": {"uv": [5.75, 7.5, 6.5, 7.75], "texture": "#0"}
			}
		},
		{
			"from": [7.25, -4, 7.75],
			"to": [8.75, -3.5, 8.25],
			"rotation": {"angle": 45, "axis": "x", "origin": [8, -3.75, 8]},
			"faces": {
				"north": {"uv": [3, 1.75, 3.75, 2], "texture": "#0"},
				"east": {"uv": [3.25, 1.5, 3.5, 1.75], "texture": "#0"},
				"south": {"uv": [3, 1.75, 3.75, 2], "texture": "#0"},
				"west": {"uv": [3.25, 1.5, 3.5, 1.75], "texture": "#0"},
				"up": {"uv": [3, 1.75, 3.75, 2], "texture": "#0"},
				"down": {"uv": [3, 1.75, 3.75, 2], "texture": "#0"}
			}
		},
		{
			"from": [7.5, -0.25, 7.5],
			"to": [8.5, 0.75, 8.5],
			"rotation": {"angle": 0, "axis": "y", "origin": [7.5, -0.25, 7.5]},
			"faces": {
				"north": {"uv": [2, 5, 1.5, 5.5], "texture": "#0"},
				"east": {"uv": [1.5, 5, 2, 5.5], "texture": "#0"},
				"south": {"uv": [2, 5, 1.5, 5.5], "texture": "#0"},
				"west": {"uv": [1.5, 5, 2, 5.5], "texture": "#0"},
				"up": {"uv": [1.5, 5, 2, 5.25], "texture": "#0"},
				"down": {"uv": [1.5, 5, 2, 5.5], "texture": "#0"}
			}
		}
	],
	"display": {
		"thirdperson_righthand": {
			"translation": [0, 17.25, 0.25],
			"scale": [1.5, 1.5, 1.5]
		},
		"thirdperson_lefthand": {
			"translation": [0, 17.25, 0.25],
			"scale": [1.5, 1.5, 1.5]
		},
		"firstperson_righthand": {
			"rotation": [0, 0, 10],
			"translation": [12.25, 11.25, -9],
			"scale": [2, 2, 2]
		},
		"firstperson_lefthand": {
			"rotation": [0, 0, 10],
			"translation": [12.25, 11.25, -9],
			"scale": [2, 2, 2]
		},
		"ground": {
			"rotation": [45, -45, 45],
			"translation": [-5, 10.5, 0]
		},
		"gui": {
			"rotation": [45, 45, -45],
			"translation": [4.5, 5, 0]
		},
		"fixed": {
			"rotation": [0, 90, 0],
			"translation": [0, 5.75, -1]
		}
	},
	"groups": [
		0,
		1,
		2,
		3,
		4,
		5,
		6,
		7,
		8,
		9,
		10,
		11,
		{
			"name": "group",
			"origin": [8, -1, 7.29289],
			"color": 0,
			"children": [12, 13, 14, 15, 16]
		},
		17,
		18,
		19,
		20,
		21,
		22,
		{
			"name": "handle",
			"origin": [8, -7.75, 7.25],
			"color": 0,
			"children": [23, 24, 25, 26, 27, 28]
		},
		29,
		30
	]
}