{
	"credit": "Made by Raycifer",
	"texture_size": [32, 32],
	"textures": {
		"0": "./lumidouce_elegy"
	},
	"elements": [
		{
			"from": [7.25, 0, 7.5],
			"to": [8.75, 15.5, 8.5],
			"rotation": {"angle": 0, "axis": "y", "origin": [7.25, 0, 8]},
			"faces": {
				"north": {"uv": [0, 0, 0.75, 7.75], "texture": "#0"},
				"east": {"uv": [0, 0, 0.25, 7.75], "texture": "#0"},
				"south": {"uv": [0, 0, 0.75, 7.75], "texture": "#0"},
				"west": {"uv": [0, 0, 0.25, 7.75], "texture": "#0"},
				"up": {"uv": [0, 0, 0.75, 0.5], "texture": "#0"},
				"down": {"uv": [0, 0, 0.75, 0.5], "texture": "#0"}
			}
		},
		{
			"from": [6.9, 11.75, 9.4],
			"to": [11.9, 16.25, 9.401],
			"rotation": {"angle": -22.5, "axis": "y", "origin": [9.4, 14, 9.4]},
			"faces": {
				"north": {"uv": [7.25, 4, 9.75, 6.25], "texture": "#0"},
				"east": {"uv": [0.75, 0, 1, 0.25], "texture": "#0"},
				"south": {"uv": [9.75, 4, 7.25, 6.25], "texture": "#0"},
				"west": {"uv": [0.75, 0, 1, 0.25], "texture": "#0"},
				"up": {"uv": [0.75, 0, 1, 0.25], "texture": "#0"},
				"down": {"uv": [0.75, 0, 1, 0.25], "texture": "#0"}
			}
		},
		{
			"from": [6.9, 11.75, 6.6],
			"to": [11.9, 16.25, 6.601],
			"rotation": {"angle": 22.5, "axis": "y", "origin": [9.4, 14, 6.6]},
			"faces": {
				"north": {"uv": [7.25, 4, 9.75, 6.25], "texture": "#0"},
				"east": {"uv": [0.75, 0, 1, 0.25], "texture": "#0"},
				"south": {"uv": [9.75, 4, 7.25, 6.25], "texture": "#0"},
				"west": {"uv": [0.75, 0, 1, 0.25], "texture": "#0"},
				"up": {"uv": [0.75, 0, 1, 0.25], "texture": "#0"},
				"down": {"uv": [0.75, 0, 1, 0.25], "texture": "#0"}
			}
		},
		{
			"from": [7.5, 22.65, 7.25],
			"to": [9, 25.15, 8.75],
			"rotation": {"angle": 45, "axis": "y", "origin": [8.25, 23.9, 8]},
			"faces": {
				"north": {"uv": [4, 7.25, 4.75, 8.5], "texture": "#0"},
				"east": {"uv": [4.75, 7.25, 4, 8.5], "texture": "#0"},
				"south": {"uv": [4, 7.25, 4.75, 8.5], "texture": "#0"},
				"west": {"uv": [4.75, 7.25, 4, 8.5], "texture": "#0"},
				"up": {"uv": [5, 7.25, 5.75, 8], "texture": "#0"},
				"down": {"uv": [4, 7.25, 5, 8.25], "texture": "#0"}
			}
		},
		{
			"from": [6.45, 21.65, 7.5],
			"to": [10.95, 22.65, 8.5],
			"rotation": {"angle": 0, "axis": "y", "origin": [7.95, -3.35, 7]},
			"faces": {
				"north": {"uv": [2.75, 2.25, 5, 2.75], "texture": "#0"},
				"east": {"uv": [2.75, 2.25, 5, 2.75], "texture": "#0"},
				"south": {"uv": [2.75, 2.25, 5, 2.75], "texture": "#0"},
				"west": {"uv": [2.75, 2.25, 5, 2.75], "texture": "#0"},
				"up": {"uv": [2.75, 2.25, 5, 2.75], "texture": "#0"},
				"down": {"uv": [2.75, 2.25, 5, 2.75], "texture": "#0"}
			}
		},
		{
			"from": [7.75, 19.2, 7.5],
			"to": [8.75, 21.7, 8.5],
			"rotation": {"angle": 0, "axis": "y", "origin": [7.75, 2.2, 7.5]},
			"faces": {
				"north": {"uv": [4, 9.25, 4.5, 10.5], "texture": "#0"},
				"east": {"uv": [4.5, 9.25, 4, 10.5], "texture": "#0"},
				"south": {"uv": [4, 9.25, 4.5, 10.5], "texture": "#0"},
				"west": {"uv": [4.5, 9.25, 4, 10.5], "texture": "#0"},
				"up": {"uv": [4, 9.25, 4.5, 9.75], "texture": "#0"},
				"down": {"uv": [4, 10.75, 4.5, 11.25], "texture": "#0"}
			}
		},
		{
			"from": [8.25, 19.05, 7.75],
			"to": [8.75, 19.55, 8.25],
			"rotation": {"angle": 45, "axis": "z", "origin": [8.5, 18.95, 8]},
			"faces": {
				"north": {"uv": [4.25, 10.25, 4, 10.5], "texture": "#0"},
				"east": {"uv": [4.25, 10.25, 4, 10.5], "texture": "#0"},
				"south": {"uv": [4.25, 10.25, 4, 10.5], "texture": "#0"},
				"west": {"uv": [4.25, 10.25, 4, 10.5], "texture": "#0"},
				"up": {"uv": [4.25, 10.25, 4, 10.5], "texture": "#0"},
				"down": {"uv": [4.25, 10.25, 4, 10.5], "texture": "#0"}
			}
		},
		{
			"from": [7.5, -2.5, 7.5],
			"to": [8.5, 0, 8.5],
			"rotation": {"angle": 0, "axis": "y", "origin": [7.5, 3.2, 7.5]},
			"faces": {
				"north": {"uv": [4, 9.25, 4.5, 10.5], "texture": "#0"},
				"east": {"uv": [4.5, 9.25, 4, 10.5], "texture": "#0"},
				"south": {"uv": [4, 9.25, 4.5, 10.5], "texture": "#0"},
				"west": {"uv": [4.5, 9.25, 4, 10.5], "texture": "#0"},
				"up": {"uv": [4, 9.25, 4.5, 9.75], "texture": "#0"},
				"down": {"uv": [4, 10.75, 4.5, 11.25], "texture": "#0"}
			}
		},
		{
			"from": [7.25, 15.5, 7.25],
			"to": [11.75, 16.5, 8.75],
			"rotation": {"angle": 22.5, "axis": "z", "origin": [8.75, 15.5, 8]},
			"faces": {
				"north": {"uv": [2.75, 2.75, 5, 3.25], "texture": "#0"},
				"east": {"uv": [3.5, 1.75, 4.25, 2.25], "texture": "#0"},
				"south": {"uv": [5, 2.75, 2.75, 3.25], "texture": "#0"},
				"west": {"uv": [4.25, 1.75, 5, 2.25], "texture": "#0"},
				"up": {"uv": [5, 2.25, 2.75, 3], "texture": "#0"},
				"down": {"uv": [5, 3, 2.75, 3.75], "texture": "#0"}
			}
		},
		{
			"from": [10.25, 19, 7.25],
			"to": [11.25, 22.5, 8.75],
			"rotation": {"angle": 22.5, "axis": "z", "origin": [11.25, 22, 8]},
			"faces": {
				"north": {"uv": [2.75, 2.75, 5, 2.25], "rotation": 270, "texture": "#0"},
				"east": {"uv": [2.75, 3.75, 5, 3], "rotation": 90, "texture": "#0"},
				"south": {"uv": [5, 2.75, 2.75, 2.25], "rotation": 90, "texture": "#0"},
				"west": {"uv": [5, 3, 2.75, 2.25], "rotation": 90, "texture": "#0"},
				"up": {"uv": [4.25, 2.25, 5, 1.75], "rotation": 90, "texture": "#0"},
				"down": {"uv": [3.5, 2.25, 4.25, 1.75], "rotation": 90, "texture": "#0"}
			}
		},
		{
			"from": [10.3303, 16.35999, 7],
			"to": [11.8303, 19.85999, 9],
			"rotation": {"angle": -22.5, "axis": "z", "origin": [11.3303, 17.10999, 8]},
			"faces": {
				"north": {"uv": [2.75, 5, 4.5, 5.75], "rotation": 90, "texture": "#0"},
				"east": {"uv": [4.5, 4.25, 2.75, 5.25], "rotation": 270, "texture": "#0"},
				"south": {"uv": [4.5, 5, 2.75, 5.75], "rotation": 270, "texture": "#0"},
				"west": {"uv": [4.5, 5.75, 2.75, 6.75], "rotation": 270, "texture": "#0"},
				"up": {"uv": [3.5, 1.75, 4.25, 2.25], "rotation": 270, "texture": "#0"},
				"down": {"uv": [4.75, 5, 5.5, 6], "texture": "#0"}
			}
		},
		{
			"from": [8.1, -2.9, 7.75],
			"to": [8.6, -2.4, 8.25],
			"rotation": {"angle": 45, "axis": "z", "origin": [8, -3, 8]},
			"faces": {
				"north": {"uv": [4, 10.25, 4.25, 10.5], "texture": "#0"},
				"east": {"uv": [4, 10.25, 4.25, 10.5], "texture": "#0"},
				"south": {"uv": [4, 10.25, 4.25, 10.5], "texture": "#0"},
				"west": {"uv": [4, 10.25, 4.25, 10.5], "texture": "#0"},
				"up": {"uv": [4, 10.25, 4.25, 10.5], "texture": "#0"},
				"down": {"uv": [4, 10.25, 4.25, 10.5], "texture": "#0"}
			}
		},
		{
			"from": [8, 25, 7.75],
			"to": [8.5, 27, 8.25],
			"rotation": {"angle": 0, "axis": "y", "origin": [8, -1, 7.75]},
			"faces": {
				"north": {"uv": [5.75, 7.25, 6, 8.25], "texture": "#0"},
				"east": {"uv": [5.75, 7.25, 6, 8.25], "texture": "#0"},
				"south": {"uv": [5.75, 7.25, 6, 8.25], "texture": "#0"},
				"west": {"uv": [5.75, 7.25, 6, 8.25], "texture": "#0"},
				"up": {"uv": [5.75, 7.25, 6, 7.5], "texture": "#0"},
				"down": {"uv": [5.75, 7.25, 6, 7.5], "texture": "#0"}
			}
		},
		{
			"from": [5.75, 20.25, 8.75],
			"to": [7.25, 22.25, 8.751],
			"rotation": {"angle": -45, "axis": "z", "origin": [6.5, 21.75, 8]},
			"faces": {
				"north": {"uv": [5.75, 2.25, 6.5, 3.25], "texture": "#0"},
				"east": {"uv": [0.75, 0, 1, 0.25], "texture": "#0"},
				"south": {"uv": [5.75, 2.25, 6.5, 3.25], "texture": "#0"},
				"west": {"uv": [0.75, 0, 1, 0.25], "texture": "#0"},
				"up": {"uv": [0.75, 0, 1, 0.25], "texture": "#0"},
				"down": {"uv": [0.75, 0, 1, 0.25], "texture": "#0"}
			}
		},
		{
			"from": [5.75, 20.25, 7.25],
			"to": [7.25, 22.25, 7.251],
			"rotation": {"angle": -45, "axis": "z", "origin": [6.5, 21.75, 8]},
			"faces": {
				"north": {"uv": [5.75, 2.25, 6.5, 3.25], "texture": "#0"},
				"east": {"uv": [0.75, 0, 1, 0.25], "texture": "#0"},
				"south": {"uv": [5.75, 2.25, 6.5, 3.25], "texture": "#0"},
				"west": {"uv": [0.75, 0, 1, 0.25], "texture": "#0"},
				"up": {"uv": [0.75, 0, 1, 0.25], "texture": "#0"},
				"down": {"uv": [0.75, 0, 1, 0.25], "texture": "#0"}
			}
		},
		{
			"from": [5.75, 20.25, 7.25],
			"to": [5.751, 22.25, 8.75],
			"rotation": {"angle": -45, "axis": "z", "origin": [6.5, 21.75, 8]},
			"faces": {
				"north": {"uv": [0.75, 0, 1, 0.25], "texture": "#0"},
				"east": {"uv": [6.5, 2.25, 7.25, 3.25], "texture": "#0"},
				"south": {"uv": [0.75, 0, 1, 0.25], "texture": "#0"},
				"west": {"uv": [6.5, 2.25, 7.25, 3.25], "texture": "#0"},
				"up": {"uv": [0.75, 0, 1, 0.25], "texture": "#0"},
				"down": {"uv": [0.75, 0, 1, 0.25], "texture": "#0"}
			}
		},
		{
			"from": [7.25, 20.25, 7.25],
			"to": [7.251, 22.25, 8.75],
			"rotation": {"angle": -45, "axis": "z", "origin": [6.5, 21.75, 8]},
			"faces": {
				"north": {"uv": [0.75, 0, 1, 0.25], "texture": "#0"},
				"east": {"uv": [6.5, 2.25, 7.25, 3.25], "texture": "#0"},
				"south": {"uv": [0.75, 0, 1, 0.25], "texture": "#0"},
				"west": {"uv": [6.5, 2.25, 7.25, 3.25], "texture": "#0"},
				"up": {"uv": [0.75, 0, 1, 0.25], "texture": "#0"},
				"down": {"uv": [0.75, 0, 1, 0.25], "texture": "#0"}
			}
		},
		{
			"from": [5.75, 22.25, 7.25],
			"to": [7.25, 22.25, 8.75],
			"rotation": {"angle": -45, "axis": "z", "origin": [6.5, 21.75, 8]},
			"faces": {
				"north": {"uv": [0, 0, 0.75, 0], "texture": "#0"},
				"east": {"uv": [0, 0, 0.75, 0], "texture": "#0"},
				"south": {"uv": [0, 0, 0.75, 0], "texture": "#0"},
				"west": {"uv": [0, 0, 0.75, 0], "texture": "#0"},
				"up": {"uv": [5.75, 1.25, 6.5, 2], "rotation": 90, "texture": "#0"},
				"down": {"uv": [5.75, 1.25, 6.5, 2], "texture": "#0"}
			}
		},
		{
			"from": [5.25, 20.25, 6.75],
			"to": [7.75, 20.251, 9.25],
			"rotation": {"angle": -45, "axis": "z", "origin": [6.5, 21.75, 8]},
			"faces": {
				"north": {"uv": [0.75, 0, 1, 0.25], "texture": "#0"},
				"east": {"uv": [0.75, 0, 1, 0.25], "texture": "#0"},
				"south": {"uv": [0.75, 0, 1, 0.25], "texture": "#0"},
				"west": {"uv": [0.75, 0, 1, 0.25], "texture": "#0"},
				"up": {"uv": [7.5, 2, 8.75, 3.25], "rotation": 90, "texture": "#0"},
				"down": {"uv": [7.5, 2, 8.75, 3.25], "texture": "#0"}
			}
		},
		{
			"from": [6.25, 19.75, 7.75],
			"to": [6.75, 22.25, 8.25],
			"rotation": {"angle": -45, "axis": "z", "origin": [6.5, 21.75, 8]},
			"faces": {
				"north": {"uv": [9, 3.25, 9.25, 2], "texture": "#0"},
				"east": {"uv": [9, 3.25, 9.25, 2], "texture": "#0"},
				"south": {"uv": [9, 3.25, 9.25, 2], "texture": "#0"},
				"west": {"uv": [9, 3.25, 9.25, 2], "texture": "#0"},
				"up": {"uv": [9, 3.25, 9.25, 3], "texture": "#0"},
				"down": {"uv": [9, 2.25, 9.25, 2], "texture": "#0"}
			}
		},
		{
			"from": [10.5, 18, 9],
			"to": [12.5, 19.5, 9.001],
			"rotation": {"angle": 22.5, "axis": "x", "origin": [11.5, 18, 9]},
			"faces": {
				"north": {"uv": [9, 0.25, 10, 1], "texture": "#0"},
				"east": {"uv": [0.75, 0, 1, 0.25], "texture": "#0"},
				"south": {"uv": [9, 0.25, 10, 1], "texture": "#0"},
				"west": {"uv": [0.75, 0, 1, 0.25], "texture": "#0"},
				"up": {"uv": [0.75, 0, 1, 0.25], "texture": "#0"},
				"down": {"uv": [0.75, 0, 1, 0.25], "texture": "#0"}
			}
		},
		{
			"from": [10.75, 18.25, 9],
			"to": [12.25, 19.25, 9.001],
			"rotation": {"angle": 45, "axis": "x", "origin": [11.5, 18.25, 9]},
			"faces": {
				"north": {"uv": [8.25, 0.25, 9, 0.75], "texture": "#0"},
				"east": {"uv": [0.75, 0, 1, 0.25], "texture": "#0"},
				"south": {"uv": [8.25, 0.25, 9, 0.75], "texture": "#0"},
				"west": {"uv": [0.75, 0, 1, 0.25], "texture": "#0"},
				"up": {"uv": [0.75, 0, 1, 0.25], "texture": "#0"},
				"down": {"uv": [0.75, 0, 1, 0.25], "texture": "#0"}
			}
		},
		{
			"from": [10.25, 17.25, 9],
			"to": [11.25, 18.75, 9.001],
			"rotation": {"angle": 45, "axis": "y", "origin": [11.25, 18, 9]},
			"faces": {
				"north": {"uv": [8.25, 0.25, 9, 0.75], "rotation": 90, "texture": "#0"},
				"east": {"uv": [0.75, 0, 1, 0.25], "texture": "#0"},
				"south": {"uv": [8.25, 0.25, 9, 0.75], "rotation": 270, "texture": "#0"},
				"west": {"uv": [0.75, 0, 1, 0.25], "texture": "#0"},
				"up": {"uv": [0.75, 0, 1, 0.25], "texture": "#0"},
				"down": {"uv": [0.75, 0, 1, 0.25], "texture": "#0"}
			}
		},
		{
			"from": [11.75, 17.25, 9],
			"to": [12.75, 18.75, 9.001],
			"rotation": {"angle": -45, "axis": "y", "origin": [11.75, 18, 9]},
			"faces": {
				"north": {"uv": [8.25, 0.25, 9, 0.75], "rotation": 270, "texture": "#0"},
				"east": {"uv": [0.75, 0, 1, 0.25], "texture": "#0"},
				"south": {"uv": [8.25, 0.25, 9, 0.75], "rotation": 90, "texture": "#0"},
				"west": {"uv": [0.75, 0, 1, 0.25], "texture": "#0"},
				"up": {"uv": [0.75, 0, 1, 0.25], "texture": "#0"},
				"down": {"uv": [0.75, 0, 1, 0.25], "texture": "#0"}
			}
		},
		{
			"from": [10.75, 16.75, 9],
			"to": [12.25, 17.75, 9.001],
			"rotation": {"angle": -45, "axis": "x", "origin": [11.5, 17.75, 9]},
			"faces": {
				"north": {"uv": [8.25, 0.25, 9, 0.75], "rotation": 180, "texture": "#0"},
				"east": {"uv": [0.75, 0, 1, 0.25], "texture": "#0"},
				"south": {"uv": [8.25, 0.25, 9, 0.75], "rotation": 180, "texture": "#0"},
				"west": {"uv": [0.75, 0, 1, 0.25], "texture": "#0"},
				"up": {"uv": [0.75, 0, 1, 0.25], "texture": "#0"},
				"down": {"uv": [0.75, 0, 1, 0.25], "texture": "#0"}
			}
		},
		{
			"from": [10.5, 16.5, 9],
			"to": [12.5, 18, 9.001],
			"rotation": {"angle": -22.5, "axis": "x", "origin": [11.5, 18, 9]},
			"faces": {
				"north": {"uv": [9, 0.25, 10, 1], "rotation": 180, "texture": "#0"},
				"east": {"uv": [0.75, 0, 1, 0.25], "texture": "#0"},
				"south": {"uv": [9, 0.25, 10, 1], "rotation": 180, "texture": "#0"},
				"west": {"uv": [0.75, 0, 1, 0.25], "texture": "#0"},
				"up": {"uv": [0.75, 0, 1, 0.25], "texture": "#0"},
				"down": {"uv": [0.75, 0, 1, 0.25], "texture": "#0"}
			}
		},
		{
			"from": [10, 17, 9],
			"to": [11.5, 19, 9.001],
			"rotation": {"angle": 22.5, "axis": "y", "origin": [11.5, 18, 9]},
			"faces": {
				"north": {"uv": [9, 0.25, 10, 1], "rotation": 90, "texture": "#0"},
				"east": {"uv": [0.75, 0, 1, 0.25], "texture": "#0"},
				"south": {"uv": [9, 0.25, 10, 1], "rotation": 270, "texture": "#0"},
				"west": {"uv": [0.75, 0, 1, 0.25], "texture": "#0"},
				"up": {"uv": [0.75, 0, 1, 0.25], "texture": "#0"},
				"down": {"uv": [0.75, 0, 1, 0.25], "texture": "#0"}
			}
		},
		{
			"from": [11.5, 17, 9],
			"to": [13, 19, 9.001],
			"rotation": {"angle": -22.5, "axis": "y", "origin": [11.5, 18, 9]},
			"faces": {
				"north": {"uv": [9, 0.25, 10, 1], "rotation": 270, "texture": "#0"},
				"east": {"uv": [0.75, 0, 1, 0.25], "texture": "#0"},
				"south": {"uv": [9, 0.25, 10, 1], "rotation": 90, "texture": "#0"},
				"west": {"uv": [0.75, 0, 1, 0.25], "texture": "#0"},
				"up": {"uv": [0.75, 0, 1, 0.25], "texture": "#0"},
				"down": {"uv": [0.75, 0, 1, 0.25], "texture": "#0"}
			}
		},
		{
			"from": [10.75, 17.25, 9.25],
			"to": [12.25, 18.75, 9.251],
			"rotation": {"angle": 0, "axis": "y", "origin": [10.75, 17.25, 9.25]},
			"faces": {
				"north": {"uv": [10, 0.25, 10.75, 1], "texture": "#0"},
				"east": {"uv": [0.75, 0, 1, 0.25], "texture": "#0"},
				"south": {"uv": [10, 0.25, 10.75, 1], "texture": "#0"},
				"west": {"uv": [0.75, 0, 1, 0.25], "texture": "#0"},
				"up": {"uv": [0.75, 0, 1, 0.25], "texture": "#0"},
				"down": {"uv": [0.75, 0, 1, 0.25], "texture": "#0"}
			}
		},
		{
			"from": [8.75, 15.75, 7.15],
			"to": [10.25, 17.25, 7.151],
			"rotation": {"angle": 0, "axis": "y", "origin": [8.75, 15.75, 7.15]},
			"faces": {
				"north": {"uv": [10, 0.25, 10.75, 1], "texture": "#0"},
				"east": {"uv": [0.75, 0, 1, 0.25], "texture": "#0"},
				"south": {"uv": [10, 0.25, 10.75, 1], "texture": "#0"},
				"west": {"uv": [0.75, 0, 1, 0.25], "texture": "#0"},
				"up": {"uv": [0.75, 0, 1, 0.25], "texture": "#0"},
				"down": {"uv": [0.75, 0, 1, 0.25], "texture": "#0"}
			}
		},
		{
			"from": [8.75, 16.5, 7.25],
			"to": [10.25, 17.5, 7.251],
			"rotation": {"angle": -22.5, "axis": "x", "origin": [9.5, 16.5, 7.25]},
			"faces": {
				"north": {"uv": [8.25, 0.25, 9, 0.75], "texture": "#0"},
				"east": {"uv": [0.75, 0, 1, 0.25], "texture": "#0"},
				"south": {"uv": [8.25, 0.25, 9, 0.75], "texture": "#0"},
				"west": {"uv": [0.75, 0, 1, 0.25], "texture": "#0"},
				"up": {"uv": [0.75, 0, 1, 0.25], "texture": "#0"},
				"down": {"uv": [0.75, 0, 1, 0.25], "texture": "#0"}
			}
		},
		{
			"from": [8.5, 15.75, 7.25],
			"to": [9.5, 17.25, 7.251],
			"rotation": {"angle": -22.5, "axis": "y", "origin": [9.5, 16.5, 7.25]},
			"faces": {
				"north": {"uv": [8.25, 0.25, 9, 0.75], "rotation": 90, "texture": "#0"},
				"east": {"uv": [0.75, 0, 1, 0.25], "texture": "#0"},
				"south": {"uv": [8.25, 0.25, 9, 0.75], "rotation": 270, "texture": "#0"},
				"west": {"uv": [0.75, 0, 1, 0.25], "texture": "#0"},
				"up": {"uv": [0.75, 0, 1, 0.25], "texture": "#0"},
				"down": {"uv": [0.75, 0, 1, 0.25], "texture": "#0"}
			}
		},
		{
			"from": [8.75, 15.5, 7.25],
			"to": [10.25, 16.5, 7.251],
			"rotation": {"angle": 22.5, "axis": "x", "origin": [9.5, 16.5, 7.25]},
			"faces": {
				"north": {"uv": [8.25, 0.25, 9, 0.75], "rotation": 180, "texture": "#0"},
				"east": {"uv": [0.75, 0, 1, 0.25], "texture": "#0"},
				"south": {"uv": [8.25, 0.25, 9, 0.75], "rotation": 180, "texture": "#0"},
				"west": {"uv": [0.75, 0, 1, 0.25], "texture": "#0"},
				"up": {"uv": [0.75, 0, 1, 0.25], "texture": "#0"},
				"down": {"uv": [0.75, 0, 1, 0.25], "texture": "#0"}
			}
		},
		{
			"from": [9.5, 15.75, 7.25],
			"to": [10.5, 17.25, 7.25],
			"rotation": {"angle": 22.5, "axis": "y", "origin": [9.5, 16.5, 7.25]},
			"faces": {
				"north": {"uv": [8.25, 0.25, 9, 0.75], "rotation": 270, "texture": "#0"},
				"east": {"uv": [0, 0, 0.75, 0], "rotation": 90, "texture": "#0"},
				"south": {"uv": [8.25, 0.25, 9, 0.75], "rotation": 90, "texture": "#0"},
				"west": {"uv": [0, 0, 0.75, 0], "rotation": 90, "texture": "#0"},
				"up": {"uv": [0, 0, 0, 0.5], "rotation": 90, "texture": "#0"},
				"down": {"uv": [0, 0, 0, 0.5], "rotation": 90, "texture": "#0"}
			}
		},
		{
			"from": [6, 15, 7.5],
			"to": [7, 17.5, 8.5],
			"rotation": {"angle": -22.5, "axis": "z", "origin": [6.5, 14.75, 8]},
			"faces": {
				"north": {"uv": [1.75, 0.5, 2.25, 1.75], "texture": "#0"},
				"east": {"uv": [1.75, 0.5, 2.25, 1.75], "texture": "#0"},
				"south": {"uv": [1.75, 0.5, 2.25, 1.75], "texture": "#0"},
				"west": {"uv": [1.75, 0.5, 2.25, 1.75], "texture": "#0"},
				"up": {"uv": [1.75, 0.5, 2.25, 1], "texture": "#0"},
				"down": {"uv": [1.75, 0.5, 2.25, 1], "texture": "#0"}
			}
		},
		{
			"from": [5, 11.5, 8],
			"to": [8.5, 17, 8.001],
			"rotation": {"angle": -22.5, "axis": "y", "origin": [5, 11.5, 8]},
			"faces": {
				"north": {"uv": [13, 1.25, 14.75, 4], "texture": "#0"},
				"east": {"uv": [0.75, 0, 1, 0.25], "texture": "#0"},
				"south": {"uv": [14.75, 1.25, 13, 4], "texture": "#0"},
				"west": {"uv": [0.75, 0, 1, 0.25], "texture": "#0"},
				"up": {"uv": [0.75, 0, 1, 0.25], "texture": "#0"},
				"down": {"uv": [0.75, 0, 1, 0.25], "texture": "#0"}
			}
		},
		{
			"from": [5, 11.5, 8],
			"to": [8.5, 17, 8.001],
			"rotation": {"angle": 22.5, "axis": "y", "origin": [5, 11.5, 8]},
			"faces": {
				"north": {"uv": [13, 1.25, 14.75, 4], "texture": "#0"},
				"east": {"uv": [0.75, 0, 1, 0.25], "texture": "#0"},
				"south": {"uv": [14.75, 1.25, 13, 4], "texture": "#0"},
				"west": {"uv": [0.75, 0, 1, 0.25], "texture": "#0"},
				"up": {"uv": [0.75, 0, 1, 0.25], "texture": "#0"},
				"down": {"uv": [0.75, 0, 1, 0.25], "texture": "#0"}
			}
		},
		{
			"from": [12.65, 19.5, 7],
			"to": [12.651, 21, 9],
			"rotation": {"angle": -22.5, "axis": "z", "origin": [12.65, 19.5, 8]},
			"faces": {
				"north": {"uv": [0.75, 0, 1, 0.25], "texture": "#0"},
				"east": {"uv": [9, 1, 10, 1.75], "texture": "#0"},
				"south": {"uv": [0.75, 0, 1, 0.25], "texture": "#0"},
				"west": {"uv": [9, 1, 10, 1.75], "texture": "#0"},
				"up": {"uv": [0.75, 0, 1, 0.25], "texture": "#0"},
				"down": {"uv": [0.75, 0, 1, 0.25], "texture": "#0"}
			}
		},
		{
			"from": [12.65, 19.75, 7.25],
			"to": [12.651, 20.75, 8.75],
			"rotation": {"angle": -45, "axis": "z", "origin": [12.65, 19.75, 8]},
			"faces": {
				"north": {"uv": [0.75, 0, 1, 0.25], "texture": "#0"},
				"east": {"uv": [8.25, 1, 9, 1.5], "texture": "#0"},
				"south": {"uv": [0.75, 0, 1, 0.25], "texture": "#0"},
				"west": {"uv": [8.25, 1, 9, 1.5], "texture": "#0"},
				"up": {"uv": [0.75, 0, 1, 0.25], "texture": "#0"},
				"down": {"uv": [0.75, 0, 1, 0.25], "texture": "#0"}
			}
		},
		{
			"from": [12.65, 18.75, 8.25],
			"to": [12.651, 20.25, 9.25],
			"rotation": {"angle": 45, "axis": "y", "origin": [12.65, 19.5, 8.25]},
			"faces": {
				"north": {"uv": [0.75, 0, 1, 0.25], "texture": "#0"},
				"east": {"uv": [8.25, 1, 9, 1.5], "rotation": 270, "texture": "#0"},
				"south": {"uv": [0.75, 0, 1, 0.25], "texture": "#0"},
				"west": {"uv": [8.25, 1, 9, 1.5], "rotation": 90, "texture": "#0"},
				"up": {"uv": [0.75, 0, 1, 0.25], "texture": "#0"},
				"down": {"uv": [0.75, 0, 1, 0.25], "texture": "#0"}
			}
		},
		{
			"from": [12.65, 18.75, 6.75],
			"to": [12.651, 20.25, 7.75],
			"rotation": {"angle": -45, "axis": "y", "origin": [12.65, 19.5, 7.75]},
			"faces": {
				"north": {"uv": [0.75, 0, 1, 0.25], "texture": "#0"},
				"east": {"uv": [8.25, 1, 9, 1.5], "rotation": 90, "texture": "#0"},
				"south": {"uv": [0.75, 0, 1, 0.25], "texture": "#0"},
				"west": {"uv": [8.25, 1, 9, 1.5], "rotation": 270, "texture": "#0"},
				"up": {"uv": [0.75, 0, 1, 0.25], "texture": "#0"},
				"down": {"uv": [0.75, 0, 1, 0.25], "texture": "#0"}
			}
		},
		{
			"from": [12.65, 18.25, 7.25],
			"to": [12.651, 19.25, 8.75],
			"rotation": {"angle": 45, "axis": "z", "origin": [12.65, 19.25, 8]},
			"faces": {
				"north": {"uv": [0.75, 0, 1, 0.25], "texture": "#0"},
				"east": {"uv": [8.25, 1, 9, 1.5], "rotation": 180, "texture": "#0"},
				"south": {"uv": [0.75, 0, 1, 0.25], "texture": "#0"},
				"west": {"uv": [8.25, 1, 9, 1.5], "rotation": 180, "texture": "#0"},
				"up": {"uv": [0.75, 0, 1, 0.25], "texture": "#0"},
				"down": {"uv": [0.75, 0, 1, 0.25], "texture": "#0"}
			}
		},
		{
			"from": [12.65, 18, 7],
			"to": [12.651, 19.5, 9],
			"rotation": {"angle": 22.5, "axis": "z", "origin": [12.65, 19.5, 8]},
			"faces": {
				"north": {"uv": [0.75, 0, 1, 0.25], "texture": "#0"},
				"east": {"uv": [9, 1, 10, 1.75], "rotation": 180, "texture": "#0"},
				"south": {"uv": [0.75, 0, 1, 0.25], "texture": "#0"},
				"west": {"uv": [9, 1, 10, 1.75], "rotation": 180, "texture": "#0"},
				"up": {"uv": [0.75, 0, 1, 0.25], "texture": "#0"},
				"down": {"uv": [0.75, 0, 1, 0.25], "texture": "#0"}
			}
		},
		{
			"from": [12.65, 18.5, 8],
			"to": [12.651, 20.5, 9.5],
			"rotation": {"angle": 22.5, "axis": "y", "origin": [12.65, 19.5, 8]},
			"faces": {
				"north": {"uv": [0.75, 0, 1, 0.25], "texture": "#0"},
				"east": {"uv": [9, 1, 10, 1.75], "rotation": 270, "texture": "#0"},
				"south": {"uv": [0.75, 0, 1, 0.25], "texture": "#0"},
				"west": {"uv": [9, 1, 10, 1.75], "rotation": 90, "texture": "#0"},
				"up": {"uv": [0.75, 0, 1, 0.25], "texture": "#0"},
				"down": {"uv": [0.75, 0, 1, 0.25], "texture": "#0"}
			}
		},
		{
			"from": [12.65, 18.5, 6.5],
			"to": [12.651, 20.5, 8],
			"rotation": {"angle": -22.5, "axis": "y", "origin": [12.65, 19.5, 8]},
			"faces": {
				"north": {"uv": [0.75, 0, 1, 0.25], "texture": "#0"},
				"east": {"uv": [9, 1, 10, 1.75], "rotation": 90, "texture": "#0"},
				"south": {"uv": [0.75, 0, 1, 0.25], "texture": "#0"},
				"west": {"uv": [9, 1, 10, 1.75], "rotation": 270, "texture": "#0"},
				"up": {"uv": [0.75, 0, 1, 0.25], "texture": "#0"},
				"down": {"uv": [0.75, 0, 1, 0.25], "texture": "#0"}
			}
		},
		{
			"from": [12.9, 18.75, 7.25],
			"to": [12.901, 20.25, 8.75],
			"rotation": {"angle": 0, "axis": "y", "origin": [12.9, 18.75, 8.75]},
			"faces": {
				"north": {"uv": [0.75, 0, 1, 0.25], "texture": "#0"},
				"east": {"uv": [10, 1, 10.75, 1.75], "texture": "#0"},
				"south": {"uv": [0.75, 0, 1, 0.25], "texture": "#0"},
				"west": {"uv": [10, 1, 10.75, 1.75], "texture": "#0"},
				"up": {"uv": [0.75, 0, 1, 0.25], "texture": "#0"},
				"down": {"uv": [0.75, 0, 1, 0.25], "texture": "#0"}
			}
		},
		{
			"from": [6.54567, 16.25, 7.25],
			"to": [6.54667, 17.75, 8.75],
			"rotation": {"angle": 0, "axis": "y", "origin": [6.54567, 16.25, 8.75]},
			"faces": {
				"north": {"uv": [0.75, 0, 1, 0.25], "texture": "#0"},
				"east": {"uv": [10, 0.25, 10.75, 1], "texture": "#0"},
				"south": {"uv": [0.75, 0, 1, 0.25], "texture": "#0"},
				"west": {"uv": [10, 0.25, 10.75, 1], "texture": "#0"},
				"up": {"uv": [0.75, 0, 1, 0.25], "texture": "#0"},
				"down": {"uv": [0.75, 0, 1, 0.25], "texture": "#0"}
			}
		},
		{
			"from": [6.64567, 17, 7.25],
			"to": [6.64667, 18, 8.75],
			"rotation": {"angle": 22.5, "axis": "z", "origin": [6.64567, 17, 8]},
			"faces": {
				"north": {"uv": [0.75, 0, 1, 0.25], "texture": "#0"},
				"east": {"uv": [8.25, 0.25, 9, 0.75], "texture": "#0"},
				"south": {"uv": [0.75, 0, 1, 0.25], "texture": "#0"},
				"west": {"uv": [8.25, 0.25, 9, 0.75], "texture": "#0"},
				"up": {"uv": [0.75, 0, 1, 0.25], "texture": "#0"},
				"down": {"uv": [0.75, 0, 1, 0.25], "texture": "#0"}
			}
		},
		{
			"from": [6.64567, 16.25, 8],
			"to": [6.64667, 17.75, 9],
			"rotation": {"angle": -22.5, "axis": "y", "origin": [6.64567, 17, 8]},
			"faces": {
				"north": {"uv": [0.75, 0, 1, 0.25], "texture": "#0"},
				"east": {"uv": [8.25, 0.25, 9, 0.75], "rotation": 270, "texture": "#0"},
				"south": {"uv": [0.75, 0, 1, 0.25], "texture": "#0"},
				"west": {"uv": [8.25, 0.25, 9, 0.75], "rotation": 90, "texture": "#0"},
				"up": {"uv": [0.75, 0, 1, 0.25], "texture": "#0"},
				"down": {"uv": [0.75, 0, 1, 0.25], "texture": "#0"}
			}
		},
		{
			"from": [6.64567, 16, 7.25],
			"to": [6.64667, 17, 8.75],
			"rotation": {"angle": -22.5, "axis": "z", "origin": [6.64567, 17, 8]},
			"faces": {
				"north": {"uv": [0.75, 0, 1, 0.25], "texture": "#0"},
				"east": {"uv": [8.25, 0.25, 9, 0.75], "rotation": 180, "texture": "#0"},
				"south": {"uv": [0.75, 0, 1, 0.25], "texture": "#0"},
				"west": {"uv": [8.25, 0.25, 9, 0.75], "rotation": 180, "texture": "#0"},
				"up": {"uv": [0.75, 0, 1, 0.25], "texture": "#0"},
				"down": {"uv": [0.75, 0, 1, 0.25], "texture": "#0"}
			}
		},
		{
			"from": [6.64567, 16.25, 7],
			"to": [6.64667, 17.75, 8],
			"rotation": {"angle": 22.5, "axis": "y", "origin": [6.64567, 17, 8]},
			"faces": {
				"north": {"uv": [0.75, 0, 1, 0.25], "texture": "#0"},
				"east": {"uv": [8.25, 0.25, 9, 0.75], "rotation": 90, "texture": "#0"},
				"south": {"uv": [0.75, 0, 1, 0.25], "texture": "#0"},
				"west": {"uv": [8.25, 0.25, 9, 0.75], "rotation": 270, "texture": "#0"},
				"up": {"uv": [0.75, 0, 1, 0.25], "texture": "#0"},
				"down": {"uv": [0.75, 0, 1, 0.25], "texture": "#0"}
			}
		},
		{
			"from": [10.75, 22, 7.499],
			"to": [11.75, 23, 8.501],
			"rotation": {"angle": 45, "axis": "z", "origin": [11.25, 22.5, 8]},
			"faces": {
				"north": {"uv": [7.75, 0.75, 7.25, 1.25], "rotation": 270, "texture": "#0"},
				"east": {"uv": [7.25, 0.25, 7.751, 0.75], "texture": "#0"},
				"south": {"uv": [7.75, 0.75, 7.25, 1.25], "rotation": 90, "texture": "#0"},
				"west": {"uv": [7.25, 0.75, 7.751, 1.25], "texture": "#0"},
				"up": {"uv": [7.25, 0.75, 7.751, 1.25], "rotation": 90, "texture": "#0"},
				"down": {"uv": [7.25, 0.75, 7.751, 1.25], "rotation": 90, "texture": "#0"}
			}
		}
	],
	"display": {
		"thirdperson_righthand": {
			"rotation": [0, -90, 0],
			"translation": [0, -4.5, 0],
			"scale": [1.5, 1.5, 1.5]
		},
		"thirdperson_lefthand": {
			"rotation": [0, 90, 0],
			"translation": [0, -4.5, 0],
			"scale": [1.5, 1.5, 1.5]
		},
		"firstperson_righthand": {
			"rotation": [10, -90, 0],
			"translation": [7, -5, -5],
			"scale": [1.4, 1.4, 1.4]
		},
		"firstperson_lefthand": {
			"rotation": [10, 90, 0],
			"translation": [7, -5, -5],
			"scale": [1.4, 1.4, 1.4]
		},
		"ground": {
			"rotation": [45, 45, 0],
			"translation": [0, 4, 0],
			"scale": [0.8, 0.8, 0.8]
		},
		"gui": {
			"rotation": [-20, 160, 30],
			"translation": [-2.25, -3.5, 0]
		},
		"fixed": {
			"translation": [0, -3, -0.75]
		}
	},
	"groups": [
		0,
		1,
		2,
		3,
		4,
		5,
		6,
		7,
		8,
		9,
		10,
		11,
		12,
		{
			"name": "group",
			"origin": [7.25, 21.5, 7.25],
			"color": 0,
			"children": [13, 14, 15, 16, 17, 18, 19]
		},
		{
			"name": "group",
			"origin": [12.75, 13, 14],
			"color": 0,
			"children": [20, 21, 22, 23, 24, 25, 26, 27, 28]
		},
		{
			"name": "group",
			"origin": [12, 5, 8],
			"color": 0,
			"children": [29, 30, 31, 32]
		},
		33,
		34,
		{
			"name": "group",
			"origin": [5.25, 11.5, 8],
			"color": 0,
			"children": [35, 36]
		},
		{
			"name": "group",
			"origin": [12.75, 13, 14],
			"color": 0,
			"children": [37, 38, 39, 40, 41, 42, 43, 44, 45]
		},
		{
			"name": "group",
			"origin": [13.29567, 5, 9.6],
			"color": 0,
			"children": [46, 47, 48, 49, 50]
		},
		51
	]
}