{
	"credit": "Made by Raycifer",
	"textures": {
		"0": "./toukabu_shigure"
	},
	"elements": [
		{
			"name": "handle",
			"from": [7.5, -5.5, 7.5],
			"to": [8.5, 1.5, 8.5],
			"faces": {
				"north": {"uv": [1, 9, 2, 16], "texture": "#0"},
				"east": {"uv": [1, 9, 0.5, 16], "texture": "#0"},
				"south": {"uv": [2, 9, 1, 16], "texture": "#0"},
				"west": {"uv": [2, 9, 1.5, 16], "texture": "#0"},
				"up": {"uv": [0, 0, 0, 0], "texture": "#0"},
				"down": {"uv": [1, 15.5, 1.5, 16], "texture": "#0"}
			}
		},
		{
			"from": [7.25, 4, 6.75],
			"to": [8.75, 12, 9.25],
			"rotation": {"angle": 0, "axis": "y", "origin": [8, 8, 7.25]},
			"faces": {
				"north": {"uv": [3, 0, 4.5, 8], "texture": "#0"},
				"east": {"uv": [6, 0, 8.5, 8], "texture": "#0"},
				"south": {"uv": [4.5, 0, 6, 8], "texture": "#0"},
				"west": {"uv": [8.5, 0, 11, 8], "texture": "#0"},
				"up": {"uv": [11, 0, 12.5, 2.5], "texture": "#0"},
				"down": {"uv": [11, 2.5, 12.5, 5], "texture": "#0"}
			}
		},
		{
			"from": [7, 4.75, 6.25],
			"to": [8, 7.25, 6.75],
			"rotation": {"angle": 0, "axis": "y", "origin": [0, -1, 1.75]},
			"faces": {
				"north": {"uv": [8.5, 13, 9.5, 16], "texture": "#0"},
				"east": {"uv": [8.5, 13, 9, 16], "texture": "#0"},
				"south": {"uv": [8.5, 13, 9.5, 16], "texture": "#0"},
				"west": {"uv": [9, 13, 9.5, 16], "texture": "#0"},
				"up": {"uv": [9.5, 13, 8.5, 13.5], "texture": "#0"},
				"down": {"uv": [9.5, 15.5, 8.5, 16], "texture": "#0"}
			}
		},
		{
			"from": [7.25, 8.75, 6.5],
			"to": [8.75, 10.25, 7.5],
			"rotation": {"angle": 45, "axis": "z", "origin": [8, 9.5, 6.5]},
			"faces": {
				"north": {"uv": [3.5, 10.5, 5, 12], "texture": "#0"},
				"east": {"uv": [3.5, 10.5, 4, 12], "texture": "#0"},
				"south": {"uv": [0, 0, 0, 0], "texture": "#0"},
				"west": {"uv": [4.5, 10.5, 5, 12], "texture": "#0"},
				"up": {"uv": [5, 10.5, 3.5, 11], "texture": "#0"},
				"down": {"uv": [5, 11.5, 3.5, 12], "texture": "#0"}
			}
		},
		{
			"from": [7, 9.56, 6.25],
			"to": [9, 10.56, 7.25],
			"rotation": {"angle": 0, "axis": "y", "origin": [0, -0.75, 1.75]},
			"faces": {
				"north": {"uv": [2, 15, 4, 16], "texture": "#0"},
				"east": {"uv": [2, 15.5, 2.5, 16], "texture": "#0"},
				"south": {"uv": [0, 0, 0, 0], "texture": "#0"},
				"west": {"uv": [2, 15.5, 2.5, 16], "texture": "#0"},
				"up": {"uv": [4, 15, 2, 15.5], "texture": "#0"},
				"down": {"uv": [2, 15.5, 3.5, 16], "texture": "#0"}
			}
		},
		{
			"from": [8.25, 10.75, 6.5],
			"to": [9.25, 11.25, 7],
			"rotation": {"angle": 45, "axis": "z", "origin": [8, 11, 6.5]},
			"faces": {
				"north": {"uv": [3.5, 10, 4.5, 10.5], "texture": "#0"},
				"east": {"uv": [3.5, 10, 4, 10.5], "texture": "#0"},
				"south": {"uv": [3.5, 10, 4.5, 10.5], "texture": "#0"},
				"west": {"uv": [3.5, 10, 4.5, 10.5], "texture": "#0"},
				"up": {"uv": [4.5, 10, 3.5, 10.5], "texture": "#0"},
				"down": {"uv": [4.5, 10, 3.5, 10.5], "texture": "#0"}
			}
		},
		{
			"from": [7.75, 10.75, 6.5],
			"to": [8.25, 12.25, 7],
			"rotation": {"angle": 45, "axis": "z", "origin": [8, 11, 6.5]},
			"faces": {
				"north": {"uv": [4.5, 9, 5, 10.5], "texture": "#0"},
				"east": {"uv": [4.5, 9, 5, 10.5], "texture": "#0"},
				"south": {"uv": [4.5, 9, 5, 10.5], "texture": "#0"},
				"west": {"uv": [4.5, 9, 5, 10.5], "texture": "#0"},
				"up": {"uv": [4.5, 9, 5, 9.5], "texture": "#0"},
				"down": {"uv": [4.5, 10, 5, 10.5], "texture": "#0"}
			}
		},
		{
			"from": [6.75, 4, 7.25],
			"to": [7.25, 12, 8.75],
			"rotation": {"angle": 0, "axis": "y", "origin": [8, 8, 7.25]},
			"faces": {
				"north": {"uv": [2.5, 0, 3, 8], "texture": "#0"},
				"east": {"uv": [0, 0, 0, 0], "texture": "#0"},
				"south": {"uv": [1, 0, 0.5, 8], "texture": "#0"},
				"west": {"uv": [2.5, 0, 1, 8], "texture": "#0"},
				"up": {"uv": [2.5, 0.5, 1, 0], "rotation": 90, "texture": "#0"},
				"down": {"uv": [1, 7.5, 2.5, 8], "rotation": 90, "texture": "#0"}
			}
		},
		{
			"from": [8.75, 4, 7.25],
			"to": [9.25, 12, 8.75],
			"rotation": {"angle": 0, "axis": "y", "origin": [8, 8, 7.25]},
			"faces": {
				"north": {"uv": [0.5, 0, 1, 8], "texture": "#0"},
				"east": {"uv": [2.5, 0, 1, 8], "texture": "#0"},
				"south": {"uv": [3, 0, 2.5, 8], "texture": "#0"},
				"west": {"uv": [0, 0, 0, 0], "texture": "#0"},
				"up": {"uv": [1, 0.5, 2.5, 0], "rotation": 90, "texture": "#0"},
				"down": {"uv": [1, 7.5, 2.5, 8], "rotation": 90, "texture": "#0"}
			}
		},
		{
			"from": [7.25, 12, 7.25],
			"to": [8.75, 16.5, 8.75],
			"rotation": {"angle": 0, "axis": "y", "origin": [0, 2.5, 0]},
			"faces": {
				"north": {"uv": [5, 11.5, 6.5, 16], "texture": "#0"},
				"east": {"uv": [6.5, 11.5, 5, 16], "texture": "#0"},
				"south": {"uv": [8, 11.5, 6.5, 16], "texture": "#0"},
				"west": {"uv": [6.5, 11.5, 8, 16], "texture": "#0"},
				"up": {"uv": [0, 0, 0, 0], "texture": "#0"},
				"down": {"uv": [0, 0, 0, 0], "texture": "#0"}
			}
		},
		{
			"from": [7.25, 16.5, 8.5],
			"to": [8.75, 19, 9],
			"faces": {
				"north": {"uv": [8, 9, 9.5, 11.5], "texture": "#0"},
				"east": {"uv": [8, 9, 8.5, 11.5], "texture": "#0"},
				"south": {"uv": [9.5, 9, 8, 11.5], "texture": "#0"},
				"west": {"uv": [9, 9, 9.5, 11.5], "texture": "#0"},
				"up": {"uv": [8, 9, 9.5, 9.5], "texture": "#0"},
				"down": {"uv": [8, 11, 9.5, 11.5], "texture": "#0"}
			}
		},
		{
			"from": [7.25, 16.5, 7],
			"to": [8.75, 19, 7.5],
			"faces": {
				"north": {"uv": [5, 9, 6.5, 11.5], "texture": "#0"},
				"east": {"uv": [5, 9, 5.5, 11.5], "texture": "#0"},
				"south": {"uv": [6.5, 9, 5, 11.5], "texture": "#0"},
				"west": {"uv": [6, 9, 6.5, 11.5], "texture": "#0"},
				"up": {"uv": [5, 9, 6.5, 9.5], "texture": "#0"},
				"down": {"uv": [5, 11, 6.5, 11.5], "texture": "#0"}
			}
		},
		{
			"from": [7, 16.5, 7.25],
			"to": [7.5, 19, 8.75],
			"faces": {
				"north": {"uv": [6.5, 9, 7, 11.5], "texture": "#0"},
				"east": {"uv": [8, 9, 6.5, 11.5], "texture": "#0"},
				"south": {"uv": [7.5, 9, 8, 11.5], "texture": "#0"},
				"west": {"uv": [6.5, 9, 8, 11.5], "texture": "#0"},
				"up": {"uv": [6.5, 9, 8, 9.5], "rotation": 90, "texture": "#0"},
				"down": {"uv": [6.5, 11, 8, 11.5], "rotation": 90, "texture": "#0"}
			}
		},
		{
			"from": [8.5, 16.5, 7.25],
			"to": [9, 19, 8.75],
			"faces": {
				"north": {"uv": [6.5, 9, 7, 11.5], "texture": "#0"},
				"east": {"uv": [8, 9, 6.5, 11.5], "texture": "#0"},
				"south": {"uv": [7.5, 9, 8, 11.5], "texture": "#0"},
				"west": {"uv": [8, 9, 6.5, 11.5], "texture": "#0"},
				"up": {"uv": [6.5, 9, 8, 9.5], "rotation": 90, "texture": "#0"},
				"down": {"uv": [6.5, 11, 8, 11.5], "rotation": 90, "texture": "#0"}
			}
		},
		{
			"from": [7.25, 3, 6.75],
			"to": [8.75, 4, 6.751],
			"faces": {
				"north": {"uv": [3.5, 14, 5, 15], "texture": "#0"},
				"east": {"uv": [0, 0, 0, 0], "texture": "#0"},
				"south": {"uv": [3.5, 14, 5, 15], "texture": "#0"},
				"west": {"uv": [0, 0, 0, 0], "texture": "#0"},
				"up": {"uv": [0, 0, 0, 0], "texture": "#0"},
				"down": {"uv": [0, 0, 0, 0], "texture": "#0"}
			}
		},
		{
			"from": [7.25, 3, 9.25],
			"to": [8.75, 4, 9.251],
			"faces": {
				"north": {"uv": [3.5, 14, 5, 15], "texture": "#0"},
				"east": {"uv": [0, 0, 0, 0], "texture": "#0"},
				"south": {"uv": [3.5, 14, 5, 15], "texture": "#0"},
				"west": {"uv": [0, 0, 0, 0], "texture": "#0"},
				"up": {"uv": [0, 0, 0, 0], "texture": "#0"},
				"down": {"uv": [0, 0, 0, 0], "texture": "#0"}
			}
		},
		{
			"from": [6.75, 3, 7.25],
			"to": [6.751, 4, 8.75],
			"faces": {
				"north": {"uv": [0, 0, 0, 0], "texture": "#0"},
				"east": {"uv": [3.5, 14, 5, 15], "texture": "#0"},
				"south": {"uv": [0, 0, 0, 0], "texture": "#0"},
				"west": {"uv": [3.5, 14, 5, 15], "texture": "#0"},
				"up": {"uv": [0, 0, 0, 0], "texture": "#0"},
				"down": {"uv": [0, 0, 0, 0], "texture": "#0"}
			}
		},
		{
			"from": [9.25, 3, 7.25],
			"to": [9.251, 4, 8.75],
			"faces": {
				"north": {"uv": [0, 0, 0, 0], "texture": "#0"},
				"east": {"uv": [3.5, 14, 5, 15], "texture": "#0"},
				"south": {"uv": [0, 0, 0, 0], "texture": "#0"},
				"west": {"uv": [3.5, 14, 5, 15], "texture": "#0"},
				"up": {"uv": [0, 0, 0, 0], "texture": "#0"},
				"down": {"uv": [0, 0, 0, 0], "texture": "#0"}
			}
		},
		{
			"from": [7.25, 19, 7.25],
			"to": [8.75, 19.5, 8.75],
			"faces": {
				"north": {"uv": [9.5, 15.5, 11, 16], "texture": "#0"},
				"east": {"uv": [11, 15.5, 9.5, 16], "texture": "#0"},
				"south": {"uv": [12.5, 15.5, 11, 16], "texture": "#0"},
				"west": {"uv": [11, 15.5, 12.5, 16], "texture": "#0"},
				"up": {"uv": [9.5, 13, 8, 11.5], "texture": "#0"},
				"down": {"uv": [0, 0, 0, 0], "texture": "#0"}
			}
		},
		{
			"from": [7.75, 3, 7],
			"to": [8.25, 3.5, 7.5],
			"faces": {
				"north": {"uv": [3.5, 12.5, 4, 13], "texture": "#0"},
				"east": {"uv": [3.5, 12.5, 4, 13], "texture": "#0"},
				"south": {"uv": [3.5, 12.5, 4, 13], "texture": "#0"},
				"west": {"uv": [3.5, 12.5, 4, 13], "texture": "#0"},
				"up": {"uv": [3.5, 12.5, 4, 13], "texture": "#0"},
				"down": {"uv": [3.5, 12.5, 4, 13], "texture": "#0"}
			}
		},
		{
			"from": [7.75, 3, 8.5],
			"to": [8.25, 3.5, 9],
			"faces": {
				"north": {"uv": [3.5, 12.5, 4, 13], "texture": "#0"},
				"east": {"uv": [3.5, 12.5, 4, 13], "texture": "#0"},
				"south": {"uv": [3.5, 12.5, 4, 13], "texture": "#0"},
				"west": {"uv": [3.5, 12.5, 4, 13], "texture": "#0"},
				"up": {"uv": [3.5, 12.5, 4, 13], "texture": "#0"},
				"down": {"uv": [3.5, 12.5, 4, 13], "texture": "#0"}
			}
		},
		{
			"from": [7, 3, 7.75],
			"to": [7.5, 3.5, 8.25],
			"faces": {
				"north": {"uv": [3.5, 12.5, 4, 13], "texture": "#0"},
				"east": {"uv": [3.5, 12.5, 4, 13], "texture": "#0"},
				"south": {"uv": [3.5, 12.5, 4, 13], "texture": "#0"},
				"west": {"uv": [3.5, 12.5, 4, 13], "texture": "#0"},
				"up": {"uv": [3.5, 12.5, 4, 13], "texture": "#0"},
				"down": {"uv": [3.5, 12.5, 4, 13], "texture": "#0"}
			}
		},
		{
			"from": [8.5, 3, 7.75],
			"to": [9, 3.5, 8.25],
			"faces": {
				"north": {"uv": [3.5, 12.5, 4, 13], "texture": "#0"},
				"east": {"uv": [3.5, 12.5, 4, 13], "texture": "#0"},
				"south": {"uv": [3.5, 12.5, 4, 13], "texture": "#0"},
				"west": {"uv": [3.5, 12.5, 4, 13], "texture": "#0"},
				"up": {"uv": [3.5, 12.5, 4, 13], "texture": "#0"},
				"down": {"uv": [3.5, 12.5, 4, 13], "texture": "#0"}
			}
		},
		{
			"from": [7.25, 1.5, 7.25],
			"to": [8.75, 3, 8.75],
			"faces": {
				"north": {"uv": [3.5, 12, 5, 13.5], "texture": "#0"},
				"east": {"uv": [3.5, 12, 5, 13.5], "texture": "#0"},
				"south": {"uv": [3.5, 12, 5, 13.5], "texture": "#0"},
				"west": {"uv": [3.5, 12, 5, 13.5], "texture": "#0"},
				"up": {"uv": [2, 10.5, 3.5, 12], "texture": "#0"},
				"down": {"uv": [2, 12, 3.5, 13.5], "texture": "#0"}
			}
		},
		{
			"from": [7.5, 3, 7.5],
			"to": [8.5, 4, 8.5],
			"faces": {
				"north": {"uv": [1, 8, 2, 9], "texture": "#0"},
				"east": {"uv": [0.5, 8, 1, 9], "texture": "#0"},
				"south": {"uv": [2, 8, 1, 9], "texture": "#0"},
				"west": {"uv": [1.5, 8, 2, 9], "texture": "#0"},
				"up": {"uv": [0, 0, 0, 0], "texture": "#0"},
				"down": {"uv": [0, 0, 0, 0], "texture": "#0"}
			}
		},
		{
			"from": [7.75, -6, 7],
			"to": [8.25, -5, 7.5],
			"faces": {
				"north": {"uv": [2, 9, 2.5, 10], "texture": "#0"},
				"east": {"uv": [2, 9, 2.5, 10], "texture": "#0"},
				"south": {"uv": [2, 9, 2.5, 10], "texture": "#0"},
				"west": {"uv": [2, 9, 2.5, 10], "texture": "#0"},
				"up": {"uv": [2, 9, 2.5, 9.5], "texture": "#0"},
				"down": {"uv": [2, 9.5, 2.5, 10], "texture": "#0"}
			}
		},
		{
			"from": [7.75, -6.5, 7.25],
			"to": [8.25, -6, 7.251],
			"faces": {
				"north": {"uv": [2, 10, 2.5, 10.5], "texture": "#0"},
				"east": {"uv": [0, 0, 0, 0], "texture": "#0"},
				"south": {"uv": [2, 10, 2.5, 10.5], "texture": "#0"},
				"west": {"uv": [0, 0, 0, 0], "texture": "#0"},
				"up": {"uv": [0, 0, 0, 0], "texture": "#0"},
				"down": {"uv": [0, 0, 0, 0], "texture": "#0"}
			}
		},
		{
			"from": [7.75, -6.5, 8.75],
			"to": [8.25, -6, 8.751],
			"faces": {
				"north": {"uv": [3, 10, 3.5, 10.5], "texture": "#0"},
				"east": {"uv": [0, 0, 0, 0], "texture": "#0"},
				"south": {"uv": [3, 10, 3.5, 10.5], "texture": "#0"},
				"west": {"uv": [0, 0, 0, 0], "texture": "#0"},
				"up": {"uv": [0, 0, 0, 0], "texture": "#0"},
				"down": {"uv": [0, 0, 0, 0], "texture": "#0"}
			}
		},
		{
			"from": [7.75, -6, 8.5],
			"to": [8.25, -5, 9],
			"faces": {
				"north": {"uv": [2, 9, 2.5, 10], "texture": "#0"},
				"east": {"uv": [2, 9, 2.5, 10], "texture": "#0"},
				"south": {"uv": [2, 9, 2.5, 10], "texture": "#0"},
				"west": {"uv": [2, 9, 2.5, 10], "texture": "#0"},
				"up": {"uv": [2, 9, 2.5, 9.5], "texture": "#0"},
				"down": {"uv": [2, 9.5, 2.5, 10], "texture": "#0"}
			}
		},
		{
			"from": [7, -6, 7.75],
			"to": [7.5, -5, 8.25],
			"faces": {
				"north": {"uv": [2, 9, 2.5, 10], "texture": "#0"},
				"east": {"uv": [2, 9, 2.5, 10], "texture": "#0"},
				"south": {"uv": [2, 9, 2.5, 10], "texture": "#0"},
				"west": {"uv": [2, 9, 2.5, 10], "texture": "#0"},
				"up": {"uv": [2, 9, 2.5, 9.5], "texture": "#0"},
				"down": {"uv": [2, 9.5, 2.5, 10], "texture": "#0"}
			}
		},
		{
			"from": [7.25, -6.5, 7.75],
			"to": [7.251, -6, 8.25],
			"faces": {
				"north": {"uv": [0, 0, 0, 0], "texture": "#0"},
				"east": {"uv": [2.5, 10, 3, 10.5], "texture": "#0"},
				"south": {"uv": [0, 0, 0, 0], "texture": "#0"},
				"west": {"uv": [2.5, 10, 3, 10.5], "texture": "#0"},
				"up": {"uv": [0, 0, 0, 0], "texture": "#0"},
				"down": {"uv": [0, 0, 0, 0], "texture": "#0"}
			}
		},
		{
			"from": [8.5, -6, 7.75],
			"to": [9, -5, 8.25],
			"faces": {
				"north": {"uv": [2, 9, 2.5, 10], "texture": "#0"},
				"east": {"uv": [2, 9, 2.5, 10], "texture": "#0"},
				"south": {"uv": [2, 9, 2.5, 10], "texture": "#0"},
				"west": {"uv": [2, 9, 2.5, 10], "texture": "#0"},
				"up": {"uv": [2, 9, 2.5, 9.5], "texture": "#0"},
				"down": {"uv": [2, 9.5, 2.5, 10], "texture": "#0"}
			}
		},
		{
			"from": [8.75, -6.5, 7.75],
			"to": [8.751, -6, 8.25],
			"faces": {
				"north": {"uv": [0, 0, 0, 0], "texture": "#0"},
				"east": {"uv": [2.5, 10, 3, 10.5], "texture": "#0"},
				"south": {"uv": [0, 0, 0, 0], "texture": "#0"},
				"west": {"uv": [2.5, 10, 3, 10.5], "texture": "#0"},
				"up": {"uv": [0, 0, 0, 0], "texture": "#0"},
				"down": {"uv": [0, 0, 0, 0], "texture": "#0"}
			}
		},
		{
			"from": [6.75, 19.5, 8],
			"to": [7.75, 20.5, 8.001],
			"rotation": {"angle": -45, "axis": "z", "origin": [7.25, 20, 8]},
			"faces": {
				"north": {"uv": [2.5, 9, 3.5, 10], "texture": "#0"},
				"east": {"uv": [0, 0, 0, 0], "texture": "#0"},
				"south": {"uv": [3.5, 9, 2.5, 10], "texture": "#0"},
				"west": {"uv": [0, 0, 0, 0], "texture": "#0"},
				"up": {"uv": [0, 0, 0, 0], "texture": "#0"},
				"down": {"uv": [0, 0, 0, 0], "texture": "#0"}
			}
		},
		{
			"from": [8.25, 19.5, 8],
			"to": [9.25, 20.5, 8.001],
			"rotation": {"angle": 45, "axis": "z", "origin": [8.75, 20, 8]},
			"faces": {
				"north": {"uv": [3.5, 9, 2.5, 10], "texture": "#0"},
				"east": {"uv": [0, 0, 0, 0], "texture": "#0"},
				"south": {"uv": [2.5, 9, 3.5, 10], "texture": "#0"},
				"west": {"uv": [0, 0, 0, 0], "texture": "#0"},
				"up": {"uv": [0, 0, 0, 0], "texture": "#0"},
				"down": {"uv": [0, 0, 0, 0], "texture": "#0"}
			}
		},
		{
			"from": [8, 19.5, 8.25],
			"to": [8.001, 20.5, 9.25],
			"rotation": {"angle": -45, "axis": "x", "origin": [8, 20, 8.75]},
			"faces": {
				"north": {"uv": [0, 0, 0, 0], "texture": "#0"},
				"east": {"uv": [3.5, 9, 2.5, 10], "texture": "#0"},
				"south": {"uv": [0, 0, 0, 0], "texture": "#0"},
				"west": {"uv": [2.5, 9, 3.5, 10], "texture": "#0"},
				"up": {"uv": [0, 0, 0, 0], "texture": "#0"},
				"down": {"uv": [0, 0, 0, 0], "texture": "#0"}
			}
		},
		{
			"from": [8, 19.5, 6.75],
			"to": [8.001, 20.5, 7.75],
			"rotation": {"angle": 45, "axis": "x", "origin": [8, 20, 7.25]},
			"faces": {
				"north": {"uv": [0, 0, 0, 0], "texture": "#0"},
				"east": {"uv": [2.5, 9, 3.5, 10], "texture": "#0"},
				"south": {"uv": [0, 0, 0, 0], "texture": "#0"},
				"west": {"uv": [3.5, 9, 2.5, 10], "texture": "#0"},
				"up": {"uv": [0, 0, 0, 0], "texture": "#0"},
				"down": {"uv": [0, 0, 0, 0], "texture": "#0"}
			}
		},
		{
			"from": [7.75, 19.5, 7.75],
			"to": [8.25, 22, 8.25],
			"faces": {
				"north": {"uv": [8, 13.5, 8.5, 16], "texture": "#0"},
				"east": {"uv": [8, 13.5, 8.5, 16], "texture": "#0"},
				"south": {"uv": [8, 13.5, 8.5, 16], "texture": "#0"},
				"west": {"uv": [8, 13.5, 8.5, 16], "texture": "#0"},
				"up": {"uv": [8, 13.5, 8.5, 14], "texture": "#0"},
				"down": {"uv": [0, 0, 0, 0], "texture": "#0"}
			}
		},
		{
			"from": [7.75, 22, 8],
			"to": [8.25, 23, 8.001],
			"faces": {
				"north": {"uv": [4.5, 15, 5, 16], "texture": "#0"},
				"east": {"uv": [0, 0, 0, 0], "texture": "#0"},
				"south": {"uv": [4.5, 15, 5, 16], "texture": "#0"},
				"west": {"uv": [0, 0, 0, 0], "texture": "#0"},
				"up": {"uv": [0, 0, 0, 0], "texture": "#0"},
				"down": {"uv": [0, 0, 0, 0], "texture": "#0"}
			}
		},
		{
			"from": [7.75, 20.5, 7.25],
			"to": [8.25, 21, 8.75],
			"faces": {
				"north": {"uv": [3, 13.5, 3.5, 14], "rotation": 90, "texture": "#0"},
				"east": {"uv": [3, 13.5, 3.5, 15], "rotation": 90, "texture": "#0"},
				"south": {"uv": [3, 13.5, 3.5, 14], "rotation": 90, "texture": "#0"},
				"west": {"uv": [3, 13.5, 3.5, 15], "rotation": 90, "texture": "#0"},
				"up": {"uv": [3, 13.5, 3.5, 14], "texture": "#0"},
				"down": {"uv": [3, 13.5, 3.5, 15], "texture": "#0"}
			}
		},
		{
			"from": [7.25, 20.5, 7.75],
			"to": [8.75, 21, 8.25],
			"faces": {
				"north": {"uv": [2.5, 13.5, 3, 15], "rotation": 90, "texture": "#0"},
				"east": {"uv": [2.5, 13.5, 3, 14], "rotation": 90, "texture": "#0"},
				"south": {"uv": [2.5, 13.5, 3, 15], "rotation": 90, "texture": "#0"},
				"west": {"uv": [2.5, 13.5, 3, 14], "rotation": 90, "texture": "#0"},
				"up": {"uv": [2.5, 13.5, 3, 14], "rotation": 90, "texture": "#0"},
				"down": {"uv": [2.5, 13.5, 3, 15], "rotation": 270, "texture": "#0"}
			}
		}
	],
	"display": {
		"thirdperson_righthand": {
			"rotation": [0, -90, 0],
			"translation": [0, 11.75, -0.25],
			"scale": [1.5, 1.5, 1.5]
		},
		"thirdperson_lefthand": {
			"rotation": [0, -90, 0],
			"translation": [0, 11.75, -0.25],
			"scale": [1.5, 1.5, 1.5]
		},
		"firstperson_righthand": {
			"rotation": [0, 120, 2],
			"translation": [9, 7, -9],
			"scale": [2, 2, 2]
		},
		"firstperson_lefthand": {
			"rotation": [0, 120, 2],
			"translation": [9, 7, -9],
			"scale": [2, 2, 2]
		},
		"ground": {
			"rotation": [45, -45, 45],
			"translation": [0, 6, 0]
		},
		"gui": {
			"rotation": [180, 45, -135],
			"translation": [0, 1, 0]
		},
		"fixed": {
			"translation": [0, 0, -1]
		}
	},
	"groups": [
		0,
		{
			"name": "blade",
			"origin": [8, 12, 4.75],
			"color": 0,
			"children": [
				{
					"name": "face",
					"origin": [8, 8.5, 6.5],
					"color": 0,
					"children": [1, 2, 3, 4, 5, 6]
				},
				7,
				8,
				9,
				10,
				11,
				12,
				13,
				14,
				15,
				16,
				17,
				18
			]
		},
		19,
		20,
		21,
		22,
		23,
		24,
		25,
		26,
		27,
		28,
		29,
		30,
		31,
		32,
		33,
		34,
		35,
		36,
		37,
		38,
		39,
		40
	]
}