{
	"credit": "Made Raycifer",
	"textures": {
		"0": "./end_of_the_line",
		"1": "./bow_charge/full_charge",
		"particle": "./bow_charge/full_charge"
	},
	"elements": [
		{
			"from": [7.75, 10.75, 2.77841],
			"to": [7.75, 14.25, 5.77841],
			"rotation": {"angle": 22.5, "axis": "x", "origin": [7.75, 11.25, 4.27841]},
			"faces": {
				"north": {"uv": [0, 0, 0, 0], "texture": "#0"},
				"east": {"uv": [12.5, 12.5, 9.5, 16], "texture": "#0"},
				"south": {"uv": [0, 0, 0, 0], "texture": "#0"},
				"west": {"uv": [9.5, 12.5, 12.5, 16], "texture": "#0"},
				"up": {"uv": [0, 0, 0, 0], "texture": "#0"},
				"down": {"uv": [0, 0, 0, 0], "texture": "#0"}
			}
		},
		{
			"from": [7.25, 13.5, 7.17841],
			"to": [8.75, 16.5, 9.67841],
			"rotation": {"angle": 45, "axis": "x", "origin": [8, 14.75, 7.02841]},
			"faces": {
				"north": {"uv": [6.5, 0, 8, 3], "texture": "#0"},
				"east": {"uv": [2.5, 3, 0, 6], "texture": "#0"},
				"south": {"uv": [2, 3, 3.5, 6], "texture": "#0"},
				"west": {"uv": [0, 3, 2.5, 6], "texture": "#0"},
				"up": {"uv": [2, 0, 3.5, 2.5], "texture": "#0"},
				"down": {"uv": [2.5, 5.5, 0, 6], "rotation": 90, "texture": "#0"}
			}
		},
		{
			"from": [8, 15.75, 10.27841],
			"to": [8.001, 19.25, 10.77841],
			"rotation": {"angle": 45, "axis": "x", "origin": [8, 16.75, 8.52841]},
			"faces": {
				"north": {"uv": [0, 0, 0, 0], "texture": "#0"},
				"east": {"uv": [1, 0, 1.5, 3.5], "texture": "#0"},
				"south": {"uv": [0, 0, 0, 0], "texture": "#0"},
				"west": {"uv": [1, 0, 1.5, 3.5], "texture": "#0"},
				"up": {"uv": [0, 0, 0, 0], "texture": "#0"},
				"down": {"uv": [0, 0, 0, 0], "texture": "#0"}
			}
		},
		{
			"from": [7.75, -0.3, 10.17841],
			"to": [8.25, 15.7, 10.17941],
			"rotation": {"angle": 0, "axis": "y", "origin": [7.75, 5, 7.77841]},
			"faces": {
				"north": {"uv": [15.5, 0, 16, 16], "texture": "#0"},
				"east": {"uv": [0, 0, 0, 0], "texture": "#0"},
				"south": {"uv": [15.5, 0, 16, 16], "texture": "#0"},
				"west": {"uv": [0, 0, 0, 0], "texture": "#0"},
				"up": {"uv": [0, 0, 0, 0], "texture": "#0"},
				"down": {"uv": [0, 0, 0, 0], "texture": "#0"}
			}
		},
		{
			"from": [7, 8.35, 4.72841],
			"to": [9, 12.85, 7.22841],
			"rotation": {"angle": 22.5, "axis": "x", "origin": [8, 9.35, 7.47841]},
			"faces": {
				"north": {"uv": [14, 6.5, 12, 11], "texture": "#0"},
				"east": {"uv": [2.5, 7, 0, 11.5], "texture": "#0"},
				"south": {"uv": [2, 7, 4, 11.5], "texture": "#0"},
				"west": {"uv": [0, 7, 2.5, 11.5], "texture": "#0"},
				"up": {"uv": [3.5, 0, 5, 2.5], "texture": "#0"},
				"down": {"uv": [10, 11, 8, 8.5], "texture": "#0"}
			}
		},
		{
			"from": [7.25, 5.2, 4.87841],
			"to": [8.75, 9.7, 6.87841],
			"rotation": {"angle": 0, "axis": "y", "origin": [7.5, 6, 8.02841]},
			"faces": {
				"north": {"uv": [0, 11.5, 1.5, 16], "texture": "#0"},
				"east": {"uv": [2, 6.5, 0, 11], "texture": "#0"},
				"south": {"uv": [5.5, 6.5, 7, 11], "texture": "#0"},
				"west": {"uv": [0, 6.5, 2, 11], "texture": "#0"},
				"up": {"uv": [0, 0, 0, 0], "texture": "#0"},
				"down": {"uv": [5, 2, 6.5, 0], "texture": "#0"}
			}
		},
		{
			"from": [7.5, 2.85, 6.77841],
			"to": [8.5, 6.35, 8.27841],
			"rotation": {"angle": -22.5, "axis": "x", "origin": [8, 2.1, 8.77841]},
			"faces": {
				"north": {"uv": [4, 7.5, 4.5, 11], "texture": "#0"},
				"east": {"uv": [5.5, 7.5, 4, 11], "texture": "#0"},
				"south": {"uv": [5, 7.5, 5.5, 11], "texture": "#0"},
				"west": {"uv": [4, 7.5, 5.5, 11], "texture": "#0"},
				"up": {"uv": [4, 7.5, 4.5, 8.5], "texture": "#0"},
				"down": {"uv": [5.5, 10.5, 4, 11], "rotation": 90, "texture": "#0"}
			}
		},
		{
			"from": [7.75, 2.97045, 7.25663],
			"to": [8.25, 3.97045, 11.25663],
			"rotation": {"angle": 45, "axis": "x", "origin": [8, 2.72045, 6.35663]},
			"faces": {
				"north": {"uv": [0, 0, 0, 0], "rotation": 180, "texture": "#0"},
				"east": {"uv": [5.5, 11.5, 4.5, 15.5], "rotation": 90, "texture": "#0"},
				"south": {"uv": [5.5, 15.5, 4.5, 15], "rotation": 90, "texture": "#0"},
				"west": {"uv": [4.5, 11.5, 5.5, 15.5], "rotation": 270, "texture": "#0"},
				"up": {"uv": [5, 11.5, 5.5, 15.5], "texture": "#0"},
				"down": {"uv": [4.5, 11.5, 5, 15.5], "rotation": 180, "texture": "#0"}
			}
		},
		{
			"from": [8, 1.5, 4.87841],
			"to": [8.001, 5, 6.37841],
			"rotation": {"angle": -22.5, "axis": "x", "origin": [8, 2.5, 4.77841]},
			"faces": {
				"north": {"uv": [0, 0, 0, 0], "texture": "#0"},
				"east": {"uv": [14, 12.5, 12.5, 16], "texture": "#0"},
				"south": {"uv": [0, 0, 0, 0], "texture": "#0"},
				"west": {"uv": [12.5, 12.5, 14, 16], "texture": "#0"},
				"up": {"uv": [0, 0, 0, 0], "texture": "#0"},
				"down": {"uv": [0, 0, 0, 0], "texture": "#0"}
			}
		},
		{
			"from": [8, 2.29558, 8.21907],
			"to": [8.001, 5.79558, 9.71907],
			"rotation": {"angle": -45, "axis": "x", "origin": [8, 3.54558, 10.56907]},
			"faces": {
				"north": {"uv": [0, 0, 0, 0], "texture": "#0"},
				"east": {"uv": [15.5, 12.5, 14, 16], "texture": "#0"},
				"south": {"uv": [0, 0, 0, 0], "texture": "#0"},
				"west": {"uv": [14, 12.5, 15.5, 16], "texture": "#0"},
				"up": {"uv": [0, 0, 0, 0], "texture": "#0"},
				"down": {"uv": [0, 0, 0, 0], "texture": "#0"}
			}
		},
		{
			"from": [9, 9.5, 6.52841],
			"to": [9.001, 12, 8.02841],
			"rotation": {"angle": 22.5, "axis": "z", "origin": [8.5, 11.75, 7.52841]},
			"faces": {
				"north": {"uv": [0, 0, 0, 0], "texture": "#0"},
				"east": {"uv": [7, 11, 8.5, 13.5], "texture": "#0"},
				"south": {"uv": [0, 0, 0, 0], "texture": "#0"},
				"west": {"uv": [8.5, 11, 7, 13.5], "texture": "#0"},
				"up": {"uv": [0, 0, 0, 0], "texture": "#0"},
				"down": {"uv": [0, 0, 0, 0], "texture": "#0"}
			}
		},
		{
			"from": [7.03806, 9.30866, 6.52841],
			"to": [7.03906, 11.80866, 8.02841],
			"rotation": {"angle": -22.5, "axis": "z", "origin": [8, 11.75, 7.52841]},
			"faces": {
				"north": {"uv": [0, 0, 0, 0], "texture": "#0"},
				"east": {"uv": [7, 11, 8.5, 13.5], "texture": "#0"},
				"south": {"uv": [0, 0, 0, 0], "texture": "#0"},
				"west": {"uv": [8.5, 11, 7, 13.5], "texture": "#0"},
				"up": {"uv": [0, 0, 0, 0], "texture": "#0"},
				"down": {"uv": [0, 0, 0, 0], "texture": "#0"}
			}
		},
		{
			"from": [7, 13.75, 8.25],
			"to": [9, 14.25, 8.251],
			"rotation": {"angle": 45, "axis": "x", "origin": [8, 16.25, 8]},
			"faces": {
				"north": {"uv": [12, 5, 14, 5.5], "texture": "#0"},
				"east": {"uv": [0, 0, 0, 0], "texture": "#0"},
				"south": {"uv": [12, 5, 14, 5.5], "texture": "#0"},
				"west": {"uv": [0, 0, 0, 0], "texture": "#0"},
				"up": {"uv": [0, 0, 0, 0], "texture": "#0"},
				"down": {"uv": [0, 0, 0, 0], "texture": "#0"}
			}
		},
		{
			"from": [9, 13.75, 8.25],
			"to": [9.001, 14.25, 10.25],
			"rotation": {"angle": 45, "axis": "x", "origin": [8, 16.25, 8]},
			"faces": {
				"north": {"uv": [0, 0, 0, 0], "texture": "#0"},
				"east": {"uv": [10, 5.5, 12, 5], "texture": "#0"},
				"south": {"uv": [0, 0, 0, 0], "texture": "#0"},
				"west": {"uv": [12, 5, 10, 5.5], "texture": "#0"},
				"up": {"uv": [0, 0, 0, 0], "texture": "#0"},
				"down": {"uv": [0, 0, 0, 0], "texture": "#0"}
			}
		},
		{
			"from": [7, 13.75, 8.25],
			"to": [7.001, 14.25, 10.25],
			"rotation": {"angle": 45, "axis": "x", "origin": [8, 16.25, 8]},
			"faces": {
				"north": {"uv": [0, 0, 0, 0], "texture": "#0"},
				"east": {"uv": [10, 5, 12, 5.5], "texture": "#0"},
				"south": {"uv": [0, 0, 0, 0], "texture": "#0"},
				"west": {"uv": [12, 5, 10, 5.5], "texture": "#0"},
				"up": {"uv": [0, 0, 0, 0], "texture": "#0"},
				"down": {"uv": [0, 0, 0, 0], "texture": "#0"}
			}
		},
		{
			"from": [8.75, 12.75, 7.75],
			"to": [9.25, 13.25, 8.25],
			"rotation": {"angle": 0, "axis": "y", "origin": [7.25, 0, 7.25]},
			"faces": {
				"north": {"uv": [9.5, 5, 10, 5.5], "texture": "#0"},
				"east": {"uv": [9.5, 5, 10, 5.5], "texture": "#0"},
				"south": {"uv": [9.5, 5, 10, 5.5], "texture": "#0"},
				"west": {"uv": [9.5, 5, 10, 5.5], "texture": "#0"},
				"up": {"uv": [9.5, 5, 10, 5.5], "texture": "#0"},
				"down": {"uv": [9.5, 5, 10, 5.5], "texture": "#0"}
			}
		},
		{
			"from": [6.75, 12.75, 7.75],
			"to": [7.25, 13.25, 8.25],
			"rotation": {"angle": 0, "axis": "y", "origin": [7.25, 0, 7.25]},
			"faces": {
				"north": {"uv": [9.5, 5, 10, 5.5], "texture": "#0"},
				"east": {"uv": [9.5, 5, 10, 5.5], "texture": "#0"},
				"south": {"uv": [9.5, 5, 10, 5.5], "texture": "#0"},
				"west": {"uv": [9.5, 5, 10, 5.5], "texture": "#0"},
				"up": {"uv": [9.5, 5, 10, 5.5], "texture": "#0"},
				"down": {"uv": [9.5, 5, 10, 5.5], "texture": "#0"}
			}
		},
		{
			"from": [6.75, 10, 8],
			"to": [7.25, 13, 8],
			"rotation": {"angle": 0, "axis": "y", "origin": [8, 0, 7.75]},
			"faces": {
				"north": {"uv": [14.5, 0, 15, 3], "texture": "#0"},
				"east": {"uv": [0, 0, 0, 0], "texture": "#0"},
				"south": {"uv": [14.5, 0, 15, 3], "texture": "#0"},
				"west": {"uv": [0, 0, 0, 0], "texture": "#0"},
				"up": {"uv": [0, 0, 0, 0], "texture": "#0"},
				"down": {"uv": [0, 0, 0, 0], "texture": "#0"}
			}
		},
		{
			"from": [8.75, 10, 8],
			"to": [9.25, 13, 8],
			"rotation": {"angle": 0, "axis": "y", "origin": [8, 0, 7.75]},
			"faces": {
				"north": {"uv": [14.5, 0, 15, 3], "texture": "#0"},
				"east": {"uv": [0, 0, 0, 0], "texture": "#0"},
				"south": {"uv": [14.5, 0, 15, 3], "texture": "#0"},
				"west": {"uv": [0, 0, 0, 0], "texture": "#0"},
				"up": {"uv": [0, 0, 0, 0], "texture": "#0"},
				"down": {"uv": [0, 0, 0, 0], "texture": "#0"}
			}
		},
		{
			"from": [7.5, 6, 7.35],
			"to": [8.5, 7.5, 7.85],
			"rotation": {"angle": 0, "axis": "y", "origin": [7.5, 0, 7.75]},
			"faces": {
				"north": {"uv": [8.5, 3, 9, 4.5], "texture": "#0"},
				"east": {"uv": [8.5, 3, 9, 4.5], "texture": "#0"},
				"south": {"uv": [8.5, 3, 9, 4.5], "texture": "#0"},
				"west": {"uv": [8.5, 3, 9, 4.5], "texture": "#0"},
				"up": {"uv": [8.5, 3, 9, 3.5], "texture": "#0"},
				"down": {"uv": [8.5, 4, 9, 4.5], "texture": "#0"}
			}
		},
		{
			"from": [7.5, 7, 8.35],
			"to": [8.5, 9.5, 8.85],
			"rotation": {"angle": 0, "axis": "y", "origin": [7.5, 0, 7.75]},
			"faces": {
				"north": {"uv": [9.5, 1, 10, 3.5], "texture": "#0"},
				"east": {"uv": [9.5, 1, 10, 3.5], "texture": "#0"},
				"south": {"uv": [9.5, 1, 10, 3.5], "texture": "#0"},
				"west": {"uv": [9.5, 1, 10, 3.5], "texture": "#0"},
				"up": {"uv": [9.5, 1.5, 10, 2], "texture": "#0"},
				"down": {"uv": [9.5, 3, 10, 3.5], "texture": "#0"}
			}
		},
		{
			"from": [7.25, 8.75, 7.25],
			"to": [8.75, 10.25, 8.25],
			"rotation": {"angle": 22.5, "axis": "x", "origin": [8, 9.5, 8]},
			"faces": {
				"north": {"uv": [7, 1, 8, 2.5], "texture": "#0"},
				"east": {"uv": [11.5, 2, 13, 1], "rotation": 90, "texture": "#0"},
				"south": {"uv": [11.5, 0, 13, 1.5], "texture": "#0"},
				"west": {"uv": [11.5, 1, 13, 2], "rotation": 90, "texture": "#0"},
				"up": {"uv": [11.5, 2, 13, 1], "texture": "#0"},
				"down": {"uv": [11.5, 1, 13, 2], "texture": "#0"}
			}
		},
		{
			"from": [7.25, 6.05, 6.85],
			"to": [8.75, 7.55, 7.85],
			"rotation": {"angle": 0, "axis": "y", "origin": [8, 9.5, 8]},
			"faces": {
				"north": {"uv": [7, 1, 8, 2.5], "texture": "#0"},
				"east": {"uv": [11.5, 2, 13, 1], "rotation": 90, "texture": "#0"},
				"south": {"uv": [11.5, 0, 13, 1.5], "texture": "#0"},
				"west": {"uv": [11.5, 1, 13, 2], "rotation": 90, "texture": "#0"},
				"up": {"uv": [11.5, 2, 13, 1], "texture": "#0"},
				"down": {"uv": [11.5, 1, 13, 2], "texture": "#0"}
			}
		},
		{
			"from": [7.5, 6.5, 7.85],
			"to": [8.5, 10, 8.35],
			"rotation": {"angle": 0, "axis": "y", "origin": [7.5, 0, 5.25]},
			"faces": {
				"north": {"uv": [9, 0.5, 9.5, 4], "texture": "#0"},
				"east": {"uv": [9, 0.5, 9.5, 4], "texture": "#0"},
				"south": {"uv": [9, 0.5, 9.5, 4], "texture": "#0"},
				"west": {"uv": [9, 0.5, 9.5, 4], "texture": "#0"},
				"up": {"uv": [9, 0.5, 9.5, 1], "texture": "#0"},
				"down": {"uv": [9, 3.5, 9.5, 4], "texture": "#0"}
			}
		},
		{
			"from": [6.75, 5.25, 6.7],
			"to": [7.75, 6.75, 7.7],
			"rotation": {"angle": -22.5, "axis": "z", "origin": [7, 5.75, 8]},
			"faces": {
				"north": {"uv": [5.5, 3, 4.5, 4.5], "texture": "#0"},
				"east": {"uv": [4.5, 3, 5.5, 4.5], "texture": "#0"},
				"south": {"uv": [5.5, 3, 4.5, 4.5], "texture": "#0"},
				"west": {"uv": [4.5, 3, 5.5, 4.5], "texture": "#0"},
				"up": {"uv": [6.5, 3, 5.5, 4], "texture": "#0"},
				"down": {"uv": [5.5, 4, 6.5, 5], "texture": "#0"}
			}
		},
		{
			"from": [8.25, 5.25, 6.7],
			"to": [9.25, 6.75, 7.7],
			"rotation": {"angle": 22.5, "axis": "z", "origin": [9, 5.75, 8]},
			"faces": {
				"north": {"uv": [4.5, 3, 5.5, 4.5], "texture": "#0"},
				"east": {"uv": [5.5, 3, 4.5, 4.5], "texture": "#0"},
				"south": {"uv": [4.5, 3, 5.5, 4.5], "texture": "#0"},
				"west": {"uv": [5.5, 3, 4.5, 4.5], "texture": "#0"},
				"up": {"uv": [5.5, 3, 6.5, 4], "texture": "#0"},
				"down": {"uv": [6.5, 4, 5.5, 5], "texture": "#0"}
			}
		},
		{
			"from": [7, 8.35, 4.47841],
			"to": [9, 9.85, 4.47941],
			"rotation": {"angle": 22.5, "axis": "x", "origin": [8, 9.35, 7.47841]},
			"faces": {
				"north": {"uv": [13.5, 2.5, 11.5, 4], "texture": "#0"},
				"east": {"uv": [0, 0, 0, 0], "texture": "#0"},
				"south": {"uv": [13.5, 2.5, 11.5, 4], "texture": "#0"},
				"west": {"uv": [0, 0, 0, 0], "texture": "#0"},
				"up": {"uv": [0, 0, 0, 0], "texture": "#0"},
				"down": {"uv": [0, 0, 0, 0], "texture": "#0"}
			}
		},
		{
			"from": [6.5, 8.85, 4.22841],
			"to": [7, 9.35, 4.72841],
			"rotation": {"angle": 22.5, "axis": "x", "origin": [8, 9.35, 7.47841]},
			"faces": {
				"north": {"uv": [12, 3.5, 12.5, 4], "texture": "#0"},
				"east": {"uv": [12, 3.5, 12.5, 4], "texture": "#0"},
				"south": {"uv": [12, 3.5, 12.5, 4], "texture": "#0"},
				"west": {"uv": [12, 3.5, 12.5, 4], "texture": "#0"},
				"up": {"uv": [12, 3.5, 12.5, 4], "texture": "#0"},
				"down": {"uv": [12, 3.5, 12.5, 4], "texture": "#0"}
			}
		},
		{
			"from": [6.75, 9.95, 4.47841],
			"to": [6.751, 10.45, 7.97841],
			"rotation": {"angle": 0, "axis": "x", "origin": [8, 9.35, 7.47841]},
			"faces": {
				"north": {"uv": [0, 0, 0, 0], "texture": "#0"},
				"east": {"uv": [14, 0, 14.5, 3.5], "rotation": 90, "texture": "#0"},
				"south": {"uv": [0, 0, 0, 0], "texture": "#0"},
				"west": {"uv": [14, 0, 14.5, 3.5], "rotation": 90, "texture": "#0"},
				"up": {"uv": [0, 0, 0, 0], "texture": "#0"},
				"down": {"uv": [0, 0, 0, 0], "texture": "#0"}
			}
		},
		{
			"from": [9.25, 9.95, 4.47841],
			"to": [9.251, 10.45, 7.97841],
			"rotation": {"angle": 0, "axis": "y", "origin": [8, 9.35, 7.47841]},
			"faces": {
				"north": {"uv": [0, 0, 0, 0], "texture": "#0"},
				"east": {"uv": [14, 0, 14.5, 3.5], "rotation": 90, "texture": "#0"},
				"south": {"uv": [0, 0, 0, 0], "texture": "#0"},
				"west": {"uv": [14, 0, 14.5, 3.5], "rotation": 90, "texture": "#0"},
				"up": {"uv": [0, 0, 0, 0], "texture": "#0"},
				"down": {"uv": [0, 0, 0, 0], "texture": "#0"}
			}
		},
		{
			"from": [9.05, 6.11372, 5.88236],
			"to": [9.051, 10.36372, 6.38236],
			"rotation": {"angle": -45, "axis": "x", "origin": [9.05, 8.41372, 5.43236]},
			"faces": {
				"north": {"uv": [0, 0, 0, 0], "texture": "#0"},
				"east": {"uv": [15, 0, 14.5, 4], "texture": "#0"},
				"south": {"uv": [0, 0, 0, 0], "texture": "#0"},
				"west": {"uv": [15, 0, 14.5, 4], "texture": "#0"},
				"up": {"uv": [0, 0, 0, 0], "texture": "#0"},
				"down": {"uv": [0, 0, 0, 0], "texture": "#0"}
			}
		},
		{
			"from": [6.95, 6.11372, 5.88236],
			"to": [6.951, 10.11372, 6.38236],
			"rotation": {"angle": -45, "axis": "x", "origin": [6.95, 8.41372, 5.43236]},
			"faces": {
				"north": {"uv": [0, 0, 0, 0], "texture": "#0"},
				"east": {"uv": [15, 0, 14.5, 4], "texture": "#0"},
				"south": {"uv": [0, 0, 0, 0], "texture": "#0"},
				"west": {"uv": [15, 0, 14.5, 4], "texture": "#0"},
				"up": {"uv": [0, 0, 0, 0], "texture": "#0"},
				"down": {"uv": [0, 0, 0, 0], "texture": "#0"}
			}
		},
		{
			"from": [9, 8.85, 4.22841],
			"to": [9.5, 9.35, 4.72841],
			"rotation": {"angle": 22.5, "axis": "x", "origin": [8, 9.35, 7.47841]},
			"faces": {
				"north": {"uv": [12, 3.5, 12.5, 4], "texture": "#0"},
				"east": {"uv": [12, 3.5, 12.5, 4], "texture": "#0"},
				"south": {"uv": [12, 3.5, 12.5, 4], "texture": "#0"},
				"west": {"uv": [12, 3.5, 12.5, 4], "texture": "#0"},
				"up": {"uv": [12, 3.5, 12.5, 4], "texture": "#0"},
				"down": {"uv": [12, 3.5, 12.5, 4], "texture": "#0"}
			}
		},
		{
			"from": [6.75, 6.8, 7.15],
			"to": [7.25, 7.3, 7.65],
			"rotation": {"angle": 0, "axis": "y", "origin": [7.25, 0, 7.25]},
			"faces": {
				"north": {"uv": [9.5, 5, 10, 5.5], "texture": "#0"},
				"east": {"uv": [9.5, 5, 10, 5.5], "texture": "#0"},
				"south": {"uv": [9.5, 5, 10, 5.5], "texture": "#0"},
				"west": {"uv": [9.5, 5, 10, 5.5], "texture": "#0"},
				"up": {"uv": [9.5, 5, 10, 5.5], "texture": "#0"},
				"down": {"uv": [9.5, 5, 10, 5.5], "texture": "#0"}
			}
		},
		{
			"from": [8.75, 6.8, 7.15],
			"to": [9.25, 7.3, 7.65],
			"rotation": {"angle": 0, "axis": "y", "origin": [7.25, 0, 7.25]},
			"faces": {
				"north": {"uv": [9.5, 5, 10, 5.5], "texture": "#0"},
				"east": {"uv": [9.5, 5, 10, 5.5], "texture": "#0"},
				"south": {"uv": [9.5, 5, 10, 5.5], "texture": "#0"},
				"west": {"uv": [9.5, 5, 10, 5.5], "texture": "#0"},
				"up": {"uv": [9.5, 5, 10, 5.5], "texture": "#0"},
				"down": {"uv": [9.5, 5, 10, 5.5], "texture": "#0"}
			}
		},
		{
			"from": [9, 6.8, 4.65],
			"to": [9.001, 7.3, 7.15],
			"rotation": {"angle": 0, "axis": "y", "origin": [7.25, 0, 7.25]},
			"faces": {
				"north": {"uv": [0, 0, 0, 0], "texture": "#0"},
				"east": {"uv": [14, 0.5, 14.5, 3], "rotation": 90, "texture": "#0"},
				"south": {"uv": [0, 0, 0, 0], "texture": "#0"},
				"west": {"uv": [14, 0.5, 14.5, 3], "rotation": 90, "texture": "#0"},
				"up": {"uv": [0, 0, 0, 0], "texture": "#0"},
				"down": {"uv": [0, 0, 0, 0], "texture": "#0"}
			}
		},
		{
			"from": [7, 6.8, 4.65],
			"to": [7.001, 7.3, 7.15],
			"rotation": {"angle": 0, "axis": "y", "origin": [7.25, 0, 7.25]},
			"faces": {
				"north": {"uv": [0, 0, 0, 0], "texture": "#0"},
				"east": {"uv": [14, 0.5, 14.5, 3], "rotation": 90, "texture": "#0"},
				"south": {"uv": [0, 0, 0, 0], "texture": "#0"},
				"west": {"uv": [14, 0.5, 14.5, 3], "rotation": 90, "texture": "#0"},
				"up": {"uv": [0, 0, 0, 0], "texture": "#0"},
				"down": {"uv": [0, 0, 0, 0], "texture": "#0"}
			}
		},
		{
			"from": [7, 6.8, 4.65],
			"to": [9, 7.3, 4.651],
			"rotation": {"angle": 0, "axis": "y", "origin": [7.25, 0, 7.25]},
			"faces": {
				"north": {"uv": [11.5, 3.5, 13.5, 4], "texture": "#0"},
				"east": {"uv": [0, 0, 0, 0], "texture": "#0"},
				"south": {"uv": [9.5, 5, 10, 5.5], "texture": "#0"},
				"west": {"uv": [0, 0, 0, 0], "texture": "#0"},
				"up": {"uv": [0, 0, 0, 0], "texture": "#0"},
				"down": {"uv": [0, 0, 0, 0], "texture": "#0"}
			}
		},
		{
			"from": [5, 5.75, 2.5],
			"to": [11, 11.75, 2.501],
			"faces": {
				"north": {"uv": [14, 2, 2, 14], "texture": "#1"},
				"east": {"uv": [0, 0, 0, 0], "texture": "#1"},
				"south": {"uv": [2, 2, 14, 14], "texture": "#1"},
				"west": {"uv": [0, 0, 0, 0], "texture": "#1"},
				"up": {"uv": [0, 0, 0, 0], "texture": "#1"},
				"down": {"uv": [0, 0, 0, 0], "texture": "#1"}
			}
		},
		{
			"from": [5, 8.75, -0.5],
			"to": [11, 8.751, 5.5],
			"faces": {
				"north": {"uv": [0, 0, 0, 0], "texture": "#1"},
				"east": {"uv": [0, 0, 0, 0], "texture": "#1"},
				"south": {"uv": [0, 0, 0, 0], "texture": "#1"},
				"west": {"uv": [0, 0, 0, 0], "texture": "#1"},
				"up": {"uv": [14, 2, 2, 14], "texture": "#1"},
				"down": {"uv": [2, 2, 14, 14], "texture": "#1"}
			}
		},
		{
			"from": [8, 5.75, -0.5],
			"to": [8.001, 11.75, 5.5],
			"faces": {
				"north": {"uv": [0, 0, 0, 0], "texture": "#1"},
				"east": {"uv": [14, 14, 2, 2], "texture": "#1"},
				"south": {"uv": [0, 0, 0, 0], "texture": "#1"},
				"west": {"uv": [14, 14, 2, 2], "texture": "#1"},
				"up": {"uv": [0, 0, 0, 0], "texture": "#1"},
				"down": {"uv": [0, 0, 0, 0], "texture": "#1"}
			}
		},
		{
			"from": [8, -2.33345, 9.92252],
			"to": [8.001, 1.16655, 12.42252],
			"rotation": {"angle": 22.5, "axis": "x", "origin": [8.0005, -1.08345, 11.17252]},
			"faces": {
				"north": {"uv": [0, 0, 0, 0], "texture": "#0"},
				"east": {"uv": [6, 13.5, 9.5, 16], "rotation": 90, "texture": "#0"},
				"south": {"uv": [0, 0, 0, 0], "texture": "#0"},
				"west": {"uv": [6, 13.5, 9.5, 16], "rotation": 270, "texture": "#0"},
				"up": {"uv": [0, 0, 0, 0], "texture": "#0"},
				"down": {"uv": [0, 0, 0, 0], "texture": "#0"}
			}
		}
	],
	"display": {
		"thirdperson_righthand": {
			"translation": [0, -2, -0.25],
			"scale": [1.5, 1.5, 1.5]
		},
		"thirdperson_lefthand": {
			"translation": [0, -2, -0.25],
			"scale": [1.5, 1.5, 1.5]
		},
		"firstperson_righthand": {
			"rotation": [5, -22, -6],
			"translation": [9.5, 5.5, -9.25],
			"scale": [2, 2, 2]
		},
		"firstperson_lefthand": {
			"rotation": [5, -22, -6],
			"translation": [9.5, 5.5, -9.25],
			"scale": [2, 2, 2]
		},
		"ground": {
			"rotation": [45, 45, 0],
			"translation": [0, 5, 0]
		},
		"gui": {
			"rotation": [-20, 160, 30],
			"translation": [-0.75, 2.25, 0],
			"scale": [1.5, 1.5, 1.5]
		},
		"fixed": {
			"rotation": [0, 90, 0],
			"translation": [0, 1, -1.5]
		}
	},
	"groups": [
		{
			"name": "group",
			"origin": [8, -2.27955, 6.57822],
			"color": 0,
			"children": [0, 1, 2, 3, 4, 5, 6, 7]
		},
		8,
		9,
		10,
		11,
		12,
		13,
		14,
		15,
		16,
		17,
		18,
		{
			"name": "group",
			"origin": [7.5, 0, 7],
			"color": 0,
			"children": [19, 20, 21, 22, 23]
		},
		24,
		25,
		26,
		27,
		28,
		29,
		30,
		31,
		32,
		33,
		34,
		35,
		36,
		37,
		{
			"name": "charge",
			"origin": [0, 0, 0],
			"color": 0,
			"children": [38, 39, 40]
		},
		41
	]
}