{
	"credit": "Made with Blockbench",
	"texture_size": [512, 512],
	"textures": {
		"0": "item/wand4/raw_gold",
		"1": "item/wand4/blue_candle",
		"2": "item/wand4/pink_candle",
		"3": "item/wand4/light_blue_candle",
		"5": "item/wand4/amethyst_shard",
		"7": "item/wand4/diamond_block",
		"particle": "item/wand4/raw_gold"
	},
	"elements": [
		{
			"from": [7.6, 20.8, 7.8],
			"to": [8.9, 21.2, 8.2],
			"rotation": {"angle": 22.5, "axis": "z", "origin": [7.6, 21.2, 5.9]},
			"faces": {
				"north": {"uv": [5, 3, 8.0125, 14.04063], "rotation": 90, "texture": "#2"},
				"east": {"uv": [5, 3, 8.0125, 14.04063], "rotation": 90, "texture": "#2"},
				"south": {"uv": [5, 3, 8.0125, 14.04063], "rotation": 90, "texture": "#2"},
				"west": {"uv": [5, 3, 8.0125, 14.04063], "rotation": 90, "texture": "#2"},
				"up": {"uv": [5, 3, 8.0125, 14.04063], "rotation": 90, "texture": "#2"},
				"down": {"uv": [5, 3, 8.0125, 14.04063], "rotation": 90, "texture": "#2"}
			}
		},
		{
			"from": [5.21729, 30.34441, 7.8],
			"to": [6.51729, 30.74441, 8.2],
			"rotation": {"angle": 45, "axis": "z", "origin": [17.96955, 30.34693, 16.2]},
			"faces": {
				"north": {"uv": [5, 3, 8.0125, 14.04063], "rotation": 90, "texture": "#2"},
				"east": {"uv": [5, 3, 8.0125, 14.04063], "rotation": 90, "texture": "#2"},
				"south": {"uv": [5, 3, 8.0125, 14.04063], "rotation": 90, "texture": "#2"},
				"west": {"uv": [5, 3, 8.0125, 14.04063], "rotation": 90, "texture": "#2"},
				"up": {"uv": [5, 3, 8.0125, 14.04063], "rotation": 90, "texture": "#2"},
				"down": {"uv": [5, 3, 8.0125, 14.04063], "rotation": 90, "texture": "#2"}
			}
		},
		{
			"from": [9.5038, 22.40025, 7.8],
			"to": [9.9038, 23.30025, 8.2],
			"rotation": {"angle": -22.5, "axis": "z", "origin": [9.5038, 22.40025, 5.9]},
			"faces": {
				"north": {"uv": [5, 3, 8.0125, 14.02813], "texture": "#2"},
				"east": {"uv": [5, 3, 8.0125, 14.02813], "texture": "#2"},
				"south": {"uv": [5, 3, 8.0125, 14.02813], "texture": "#2"},
				"west": {"uv": [5, 3, 8.0125, 14.02813], "texture": "#2"},
				"up": {"uv": [5, 3, 8.0125, 14.02813], "texture": "#2"},
				"down": {"uv": [5, 3, 8.0125, 14.02813], "texture": "#2"}
			}
		},
		{
			"from": [9.81777, 23.07867, 7.8],
			"to": [10.21777, 23.87867, 8.2],
			"rotation": {"angle": 0, "axis": "y", "origin": [9.81777, 23.07867, 5.9]},
			"faces": {
				"north": {"uv": [5, 3, 8.0125, 14.025], "texture": "#2"},
				"east": {"uv": [5, 3, 8.0125, 14.025], "texture": "#2"},
				"south": {"uv": [5, 3, 8.0125, 14.025], "texture": "#2"},
				"west": {"uv": [5, 3, 8.0125, 14.025], "texture": "#2"},
				"up": {"uv": [5, 3, 8.0125, 14.025], "texture": "#2"},
				"down": {"uv": [5, 3, 8.0125, 14.025], "texture": "#2"}
			}
		},
		{
			"from": [6.2, 21.3, 7.8],
			"to": [7.5, 21.7, 8.2],
			"rotation": {"angle": -22.5, "axis": "z", "origin": [6.2, 21.7, 5.9]},
			"faces": {
				"north": {"uv": [5, 3, 8.0125, 14.04063], "rotation": 90, "texture": "#2"},
				"east": {"uv": [5, 3, 8.0125, 14.04063], "rotation": 90, "texture": "#2"},
				"south": {"uv": [5, 3, 8.0125, 14.04063], "rotation": 90, "texture": "#2"},
				"west": {"uv": [5, 3, 8.0125, 14.04063], "rotation": 90, "texture": "#2"},
				"up": {"uv": [5, 3, 8.0125, 14.04063], "rotation": 90, "texture": "#2"},
				"down": {"uv": [5, 3, 8.0125, 14.04063], "rotation": 90, "texture": "#2"}
			}
		},
		{
			"from": [5.12769, 22.24969, 7.8],
			"to": [5.52769, 23.14969, 8.2],
			"rotation": {"angle": 22.5, "axis": "z", "origin": [5.12769, 22.24969, 5.9]},
			"faces": {
				"north": {"uv": [5, 3, 8.0125, 14.02813], "texture": "#2"},
				"east": {"uv": [5, 3, 8.0125, 14.02813], "texture": "#2"},
				"south": {"uv": [5, 3, 8.0125, 14.02813], "texture": "#2"},
				"west": {"uv": [5, 3, 8.0125, 14.02813], "texture": "#2"},
				"up": {"uv": [5, 3, 8.0125, 14.02813], "texture": "#2"},
				"down": {"uv": [5, 3, 8.0125, 14.02813], "texture": "#2"}
			}
		},
		{
			"from": [4.78327, 23.08118, 7.8],
			"to": [5.18327, 23.88118, 8.2],
			"rotation": {"angle": 0, "axis": "y", "origin": [4.78327, 23.08118, 5.9]},
			"faces": {
				"north": {"uv": [5, 3, 8.0125, 14.025], "texture": "#2"},
				"east": {"uv": [5, 3, 8.0125, 14.025], "texture": "#2"},
				"south": {"uv": [5, 3, 8.0125, 14.025], "texture": "#2"},
				"west": {"uv": [5, 3, 8.0125, 14.025], "texture": "#2"},
				"up": {"uv": [5, 3, 8.0125, 14.025], "texture": "#2"},
				"down": {"uv": [5, 3, 8.0125, 14.025], "texture": "#2"}
			}
		},
		{
			"from": [4.74693, 21.33045, 7.8],
			"to": [6.04693, 21.73045, 8.2],
			"rotation": {"angle": -45, "axis": "z", "origin": [6.04693, 21.33045, 5.9]},
			"faces": {
				"north": {"uv": [5, 3, 8.0125, 14.04063], "rotation": 270, "texture": "#2"},
				"east": {"uv": [5, 3, 8.0125, 14.04063], "rotation": 270, "texture": "#2"},
				"south": {"uv": [5, 3, 8.0125, 14.04063], "rotation": 270, "texture": "#2"},
				"west": {"uv": [5, 3, 8.0125, 14.04063], "rotation": 270, "texture": "#2"},
				"up": {"uv": [5, 3, 8.0125, 14.04063], "rotation": 270, "texture": "#2"},
				"down": {"uv": [5, 3, 8.0125, 14.04063], "rotation": 270, "texture": "#2"}
			}
		},
		{
			"from": [4.2, 23.7, 7.6],
			"to": [5.2, 24, 8.5],
			"rotation": {"angle": 0, "axis": "y", "origin": [4, 22.3, 7.6]},
			"faces": {
				"north": {"uv": [3, 4, 14.03125, 12.00938], "texture": "#0"},
				"east": {"uv": [3, 4, 14.03125, 12.00938], "texture": "#0"},
				"south": {"uv": [3, 4, 14.03125, 12.00938], "texture": "#0"},
				"west": {"uv": [3, 4, 14.03125, 12.00938], "texture": "#0"},
				"up": {"uv": [3, 4, 14.03125, 12.00938], "texture": "#0"},
				"down": {"uv": [3, 4, 14.03125, 12.00938], "texture": "#0"}
			}
		},
		{
			"from": [4.28327, 23.98118, 7.9],
			"to": [4.48327, 25.08118, 8.1],
			"rotation": {"angle": 0, "axis": "y", "origin": [4.28327, 23.98118, 5.8]},
			"faces": {
				"north": {"uv": [6, 5, 10.00625, 10.03438], "texture": "#5"},
				"east": {"uv": [6, 5, 10.00625, 10.03438], "texture": "#5"},
				"south": {"uv": [6, 5, 10.00625, 10.03438], "texture": "#5"},
				"west": {"uv": [6, 5, 10.00625, 10.03438], "texture": "#5"},
				"up": {"uv": [6, 5, 10.00625, 10.03438], "texture": "#5"},
				"down": {"uv": [6, 5, 10.00625, 10.03438], "texture": "#5"}
			}
		},
		{
			"from": [4.70422, 26.09745, 7.9],
			"to": [4.90422, 27.19745, 8.1],
			"rotation": {"angle": -45, "axis": "z", "origin": [4.70422, 26.09745, 5.8]},
			"faces": {
				"north": {"uv": [6, 5, 10.00625, 11.03438], "texture": "#5"},
				"east": {"uv": [6, 5, 10.00625, 11.03438], "texture": "#5"},
				"south": {"uv": [6, 5, 10.00625, 11.03438], "texture": "#5"},
				"west": {"uv": [6, 5, 10.00625, 11.03438], "texture": "#5"},
				"up": {"uv": [6, 5, 10.00625, 11.03438], "texture": "#5"},
				"down": {"uv": [6, 5, 10.00625, 11.03438], "texture": "#5"}
			}
		},
		{
			"from": [4.28327, 25.08118, 7.9],
			"to": [4.48327, 26.18118, 8.1],
			"rotation": {"angle": -22.5, "axis": "z", "origin": [4.28327, 25.08118, 5.8]},
			"faces": {
				"north": {"uv": [6, 5, 10.00625, 11.03438], "texture": "#5"},
				"east": {"uv": [6, 5, 10.00625, 11.03438], "texture": "#5"},
				"south": {"uv": [6, 5, 10.00625, 11.03438], "texture": "#5"},
				"west": {"uv": [6, 5, 10.00625, 11.03438], "texture": "#5"},
				"up": {"uv": [6, 5, 10.00625, 11.03438], "texture": "#5"},
				"down": {"uv": [6, 5, 10.00625, 11.03438], "texture": "#5"}
			}
		},
		{
			"from": [4.88327, 23.98118, 7.9],
			"to": [5.08327, 24.78118, 8.1],
			"rotation": {"angle": 0, "axis": "y", "origin": [4.88327, 23.98118, 5.8]},
			"faces": {
				"north": {"uv": [5, 6, 10.00625, 11.025], "texture": "#3"},
				"east": {"uv": [5, 6, 10.00625, 11.025], "texture": "#3"},
				"south": {"uv": [5, 6, 10.00625, 11.025], "texture": "#3"},
				"west": {"uv": [5, 6, 10.00625, 11.025], "texture": "#3"},
				"up": {"uv": [5, 6, 10.00625, 11.025], "texture": "#3"},
				"down": {"uv": [5, 6, 10.00625, 11.025], "texture": "#3"}
			}
		},
		{
			"from": [4.88327, 24.78118, 7.9],
			"to": [5.08327, 25.48118, 8.1],
			"rotation": {"angle": -22.5, "axis": "z", "origin": [4.88327, 24.78118, 5.8]},
			"faces": {
				"north": {"uv": [5, 6, 10.00625, 11.02188], "texture": "#3"},
				"east": {"uv": [5, 6, 10.00625, 11.02188], "texture": "#3"},
				"south": {"uv": [5, 6, 10.00625, 11.02188], "texture": "#3"},
				"west": {"uv": [5, 6, 10.00625, 11.02188], "texture": "#3"},
				"up": {"uv": [5, 6, 10.00625, 11.02188], "texture": "#3"},
				"down": {"uv": [5, 6, 10.00625, 11.02188], "texture": "#3"}
			}
		},
		{
			"from": [5.15115, 25.42789, 7.9],
			"to": [5.35115, 26.12789, 8.1],
			"rotation": {"angle": -45, "axis": "z", "origin": [5.15115, 25.42789, 5.8]},
			"faces": {
				"north": {"uv": [5, 11, 10.00625, 6.02188], "texture": "#3"},
				"east": {"uv": [5, 11, 10.00625, 6.02188], "texture": "#3"},
				"south": {"uv": [5, 11, 10.00625, 6.02188], "texture": "#3"},
				"west": {"uv": [5, 11, 10.00625, 6.02188], "texture": "#3"},
				"up": {"uv": [5, 11, 10.00625, 6.02188], "texture": "#3"},
				"down": {"uv": [5, 11, 10.00625, 6.02188], "texture": "#3"}
			}
		},
		{
			"from": [9.8, 23.7, 7.6],
			"to": [10.8, 24, 8.5],
			"rotation": {"angle": 0, "axis": "y", "origin": [9.6, 22.3, 7.6]},
			"faces": {
				"north": {"uv": [4, 3, 13.03125, 10.00938], "texture": "#0"},
				"east": {"uv": [4, 3, 13.03125, 10.00938], "texture": "#0"},
				"south": {"uv": [4, 3, 13.03125, 10.00938], "texture": "#0"},
				"west": {"uv": [4, 3, 13.03125, 10.00938], "texture": "#0"},
				"up": {"uv": [4, 3, 13.03125, 10.00938], "texture": "#0"},
				"down": {"uv": [4, 3, 13.03125, 10.00938], "texture": "#0"}
			}
		},
		{
			"from": [10.48327, 23.98118, 7.9],
			"to": [10.68327, 25.08118, 8.1],
			"rotation": {"angle": 0, "axis": "y", "origin": [10.48327, 23.98118, 5.8]},
			"faces": {
				"north": {"uv": [5, 6, 10.00625, 11.03438], "texture": "#5"},
				"east": {"uv": [5, 6, 10.00625, 11.03438], "texture": "#5"},
				"south": {"uv": [5, 6, 10.00625, 11.03438], "texture": "#5"},
				"west": {"uv": [5, 6, 10.00625, 11.03438], "texture": "#5"},
				"up": {"uv": [5, 6, 10.00625, 11.03438], "texture": "#5"},
				"down": {"uv": [5, 6, 10.00625, 11.03438], "texture": "#5"}
			}
		},
		{
			"from": [10.1209, 25.95602, 7.9],
			"to": [10.3209, 27.05602, 8.1],
			"rotation": {"angle": 45, "axis": "z", "origin": [10.1209, 25.95602, 5.8]},
			"faces": {
				"north": {"uv": [5, 6, 10.00625, 11.03438], "texture": "#5"},
				"east": {"uv": [5, 6, 10.00625, 11.03438], "texture": "#5"},
				"south": {"uv": [5, 6, 10.00625, 11.03438], "texture": "#5"},
				"west": {"uv": [5, 6, 10.00625, 11.03438], "texture": "#5"},
				"up": {"uv": [5, 6, 10.00625, 11.03438], "texture": "#5"},
				"down": {"uv": [5, 6, 10.00625, 11.03438], "texture": "#5"}
			}
		},
		{
			"from": [10.4985, 25.00464, 7.9],
			"to": [10.6985, 26.10464, 8.1],
			"rotation": {"angle": 22.5, "axis": "z", "origin": [10.4985, 25.00464, 5.8]},
			"faces": {
				"north": {"uv": [5, 6, 10.00625, 11.03438], "texture": "#5"},
				"east": {"uv": [5, 6, 10.00625, 11.03438], "texture": "#5"},
				"south": {"uv": [5, 6, 10.00625, 11.03438], "texture": "#5"},
				"west": {"uv": [5, 6, 10.00625, 11.03438], "texture": "#5"},
				"up": {"uv": [5, 6, 10.00625, 11.03438], "texture": "#5"},
				"down": {"uv": [5, 6, 10.00625, 11.03438], "texture": "#5"}
			}
		},
		{
			"from": [9.98327, 23.98118, 7.9],
			"to": [10.18327, 24.78118, 8.1],
			"rotation": {"angle": 0, "axis": "y", "origin": [9.98327, 23.98118, 5.8]},
			"faces": {
				"north": {"uv": [6, 10, 11.00625, 5.025], "texture": "#3"},
				"east": {"uv": [6, 10, 11.00625, 5.025], "texture": "#3"},
				"south": {"uv": [6, 10, 11.00625, 5.025], "texture": "#3"},
				"west": {"uv": [6, 10, 11.00625, 5.025], "texture": "#3"},
				"up": {"uv": [6, 10, 11.00625, 5.025], "texture": "#3"},
				"down": {"uv": [6, 10, 11.00625, 5.025], "texture": "#3"}
			}
		},
		{
			"from": [9.9985, 24.70464, 7.9],
			"to": [10.1985, 25.40464, 8.1],
			"rotation": {"angle": 22.5, "axis": "z", "origin": [9.9985, 24.70464, 5.8]},
			"faces": {
				"north": {"uv": [5, 6, 9.00625, 12.02188], "texture": "#3"},
				"east": {"uv": [5, 6, 9.00625, 12.02188], "texture": "#3"},
				"south": {"uv": [5, 6, 9.00625, 12.02188], "texture": "#3"},
				"west": {"uv": [5, 6, 9.00625, 12.02188], "texture": "#3"},
				"up": {"uv": [5, 6, 9.00625, 12.02188], "texture": "#3"},
				"down": {"uv": [5, 6, 9.00625, 12.02188], "texture": "#3"}
			}
		},
		{
			"from": [9.77397, 25.28647, 7.9],
			"to": [9.97397, 25.98647, 8.1],
			"rotation": {"angle": 45, "axis": "z", "origin": [9.77397, 25.28647, 5.8]},
			"faces": {
				"north": {"uv": [5, 4, 8.00625, 13.02188], "texture": "#3"},
				"east": {"uv": [5, 4, 8.00625, 13.02188], "texture": "#3"},
				"south": {"uv": [5, 4, 8.00625, 13.02188], "texture": "#3"},
				"west": {"uv": [5, 4, 8.00625, 13.02188], "texture": "#3"},
				"up": {"uv": [5, 4, 8.00625, 13.02188], "texture": "#3"},
				"down": {"uv": [5, 4, 8.00625, 13.02188], "texture": "#3"}
			}
		},
		{
			"from": [7.3, 25.2, 7.4],
			"to": [7.8, 25.6, 7.8],
			"rotation": {"angle": -22.5, "axis": "x", "origin": [7.3, 26.7, 7.4]},
			"faces": {
				"north": {"uv": [2, 2, 14.0125, 15.0125], "rotation": 270, "texture": "#7"},
				"east": {"uv": [2, 2, 14.0125, 15.0125], "rotation": 270, "texture": "#7"},
				"south": {"uv": [2, 2, 14.0125, 15.0125], "rotation": 270, "texture": "#7"},
				"west": {"uv": [2, 2, 14.0125, 15.0125], "rotation": 270, "texture": "#7"},
				"up": {"uv": [2, 2, 14.0125, 15.0125], "rotation": 270, "texture": "#7"},
				"down": {"uv": [2, 2, 14.0125, 15.0125], "rotation": 270, "texture": "#7"}
			}
		},
		{
			"from": [7.3, 25.9, 7.9],
			"to": [7.8, 26.3, 8.3],
			"rotation": {"angle": 22.5, "axis": "x", "origin": [7.3, 25.9, 6.8]},
			"faces": {
				"north": {"uv": [1, 1, 15.01563, 15.0125], "texture": "#7"},
				"east": {"uv": [1, 1, 15.01563, 15.0125], "texture": "#7"},
				"south": {"uv": [1, 1, 15.01563, 15.0125], "texture": "#7"},
				"west": {"uv": [1, 1, 15.01563, 15.0125], "texture": "#7"},
				"up": {"uv": [1, 1, 15.01563, 15.0125], "texture": "#7"},
				"down": {"uv": [1, 1, 15.01563, 15.0125], "texture": "#7"}
			}
		},
		{
			"from": [7.4, 24, 7.4],
			"to": [7.7, 24.4, 7.8],
			"rotation": {"angle": -22.5, "axis": "x", "origin": [7.2, 25.5, 7.4]},
			"faces": {
				"north": {"uv": [5.25, 5.75, 10.2625, 11.0125], "rotation": 270, "texture": "#5"},
				"east": {"uv": [5.25, 5.75, 10.2625, 11.0125], "rotation": 270, "texture": "#5"},
				"south": {"uv": [5.25, 5.75, 10.2625, 11.0125], "rotation": 270, "texture": "#5"},
				"west": {"uv": [5.25, 5.75, 10.2625, 11.0125], "rotation": 270, "texture": "#5"},
				"up": {"uv": [5.25, 5.75, 10.2625, 11.0125], "rotation": 270, "texture": "#5"},
				"down": {"uv": [5.25, 5.75, 10.2625, 11.0125], "rotation": 270, "texture": "#5"}
			}
		},
		{
			"from": [7.4, 24.7, 7.9],
			"to": [7.7, 25.1, 8.3],
			"rotation": {"angle": 22.5, "axis": "x", "origin": [7.2, 24.7, 6.8]},
			"faces": {
				"north": {"uv": [5.75, 6, 10.50938, 9.7625], "texture": "#5"},
				"east": {"uv": [5.75, 6, 10.50938, 9.7625], "texture": "#5"},
				"south": {"uv": [5.75, 6, 10.50938, 9.7625], "texture": "#5"},
				"west": {"uv": [5.75, 6, 10.50938, 9.7625], "texture": "#5"},
				"up": {"uv": [5.75, 6, 10.50938, 9.7625], "texture": "#5"},
				"down": {"uv": [5.75, 6, 10.50938, 9.7625], "texture": "#5"}
			}
		},
		{
			"from": [4.4, 20.4, 7.7],
			"to": [4.4, 22.4, 8.1],
			"rotation": {"angle": 45, "axis": "y", "origin": [4.4, 20.4, 7.9]},
			"faces": {
				"north": {"uv": [5, 4, 9.0125, 14.0625], "texture": "#1"},
				"east": {"uv": [5, 4, 9.0125, 14.0625], "texture": "#1"},
				"south": {"uv": [5, 4, 9.0125, 14.0625], "texture": "#1"},
				"west": {"uv": [5, 4, 9.0125, 14.0625], "texture": "#1"},
				"up": {"uv": [5, 4, 9.0125, 14.0625], "texture": "#1"},
				"down": {"uv": [5, 4, 9.0125, 14.0625], "texture": "#1"}
			}
		},
		{
			"from": [4.4, 18.4, 7.7],
			"to": [4.4, 20.4, 8.1],
			"rotation": {"angle": 45, "axis": "y", "origin": [4.4, 18.4, 7.9]},
			"faces": {
				"north": {"uv": [5, 4, 9.0125, 14.0625], "texture": "#1"},
				"east": {"uv": [5, 4, 9.0125, 14.0625], "texture": "#1"},
				"south": {"uv": [5, 4, 9.0125, 14.0625], "texture": "#1"},
				"west": {"uv": [5, 4, 9.0125, 14.0625], "texture": "#1"},
				"up": {"uv": [5, 4, 9.0125, 14.0625], "texture": "#1"},
				"down": {"uv": [5, 4, 9.0125, 14.0625], "texture": "#1"}
			}
		},
		{
			"from": [4.4, 16.4, 7.7],
			"to": [4.4, 18.4, 8.1],
			"rotation": {"angle": 45, "axis": "y", "origin": [4.4, 16.4, 7.9]},
			"faces": {
				"north": {"uv": [5, 4, 10.0125, 14.0625], "texture": "#1"},
				"east": {"uv": [5, 4, 10.0125, 14.0625], "texture": "#1"},
				"south": {"uv": [5, 4, 10.0125, 14.0625], "texture": "#1"},
				"west": {"uv": [5, 4, 10.0125, 14.0625], "texture": "#1"},
				"up": {"uv": [5, 4, 10.0125, 14.0625], "texture": "#1"},
				"down": {"uv": [5, 4, 10.0125, 14.0625], "texture": "#1"}
			}
		},
		{
			"from": [4.4, 14.4, 7.7],
			"to": [4.4, 16.4, 8.1],
			"rotation": {"angle": 45, "axis": "y", "origin": [4.4, 14.4, 7.9]},
			"faces": {
				"north": {"uv": [5, 4, 9.0125, 14.0625], "texture": "#1"},
				"east": {"uv": [5, 4, 9.0125, 14.0625], "texture": "#1"},
				"south": {"uv": [5, 4, 9.0125, 14.0625], "texture": "#1"},
				"west": {"uv": [5, 4, 9.0125, 14.0625], "texture": "#1"},
				"up": {"uv": [5, 4, 9.0125, 14.0625], "texture": "#1"},
				"down": {"uv": [5, 4, 9.0125, 14.0625], "texture": "#1"}
			}
		},
		{
			"from": [4.2, 20.4, 8.2],
			"to": [4.6, 22.4, 8.2],
			"rotation": {"angle": 22.5, "axis": "y", "origin": [4.4, 20.4, 8.2]},
			"faces": {
				"north": {"uv": [5, 3, 9.0125, 14.0625], "texture": "#1"},
				"east": {"uv": [5, 3, 9.0125, 14.0625], "texture": "#1"},
				"south": {"uv": [5, 3, 9.0125, 14.0625], "texture": "#1"},
				"west": {"uv": [5, 3, 9.0125, 14.0625], "texture": "#1"},
				"up": {"uv": [5, 3, 9.0125, 14.0625], "texture": "#1"},
				"down": {"uv": [5, 3, 9.0125, 14.0625], "texture": "#1"}
			}
		},
		{
			"from": [4.2, 18.4, 8.2],
			"to": [4.6, 20.4, 8.2],
			"rotation": {"angle": 22.5, "axis": "y", "origin": [4.4, 18.4, 8.2]},
			"faces": {
				"north": {"uv": [5, 4, 9.0125, 14.0625], "texture": "#1"},
				"east": {"uv": [5, 4, 9.0125, 14.0625], "texture": "#1"},
				"south": {"uv": [5, 4, 9.0125, 14.0625], "texture": "#1"},
				"west": {"uv": [5, 4, 9.0125, 14.0625], "texture": "#1"},
				"up": {"uv": [5, 4, 9.0125, 14.0625], "texture": "#1"},
				"down": {"uv": [5, 4, 9.0125, 14.0625], "texture": "#1"}
			}
		},
		{
			"from": [4.2, 16.4, 8.2],
			"to": [4.6, 18.4, 8.2],
			"rotation": {"angle": 22.5, "axis": "y", "origin": [4.4, 16.4, 8.2]},
			"faces": {
				"north": {"uv": [5, 4, 9.0125, 14.0625], "texture": "#1"},
				"east": {"uv": [5, 4, 9.0125, 14.0625], "texture": "#1"},
				"south": {"uv": [5, 4, 9.0125, 14.0625], "texture": "#1"},
				"west": {"uv": [5, 4, 9.0125, 14.0625], "texture": "#1"},
				"up": {"uv": [5, 4, 9.0125, 14.0625], "texture": "#1"},
				"down": {"uv": [5, 4, 9.0125, 14.0625], "texture": "#1"}
			}
		},
		{
			"from": [10.6, 20.6, 7.7],
			"to": [10.6, 22.6, 8.1],
			"rotation": {"angle": 45, "axis": "y", "origin": [10.6, 20.6, 7.9]},
			"faces": {
				"north": {"uv": [5, 3, 9.0125, 14.0625], "texture": "#1"},
				"east": {"uv": [5, 3, 9.0125, 14.0625], "texture": "#1"},
				"south": {"uv": [5, 3, 9.0125, 14.0625], "texture": "#1"},
				"west": {"uv": [5, 3, 9.0125, 14.0625], "texture": "#1"},
				"up": {"uv": [5, 3, 9.0125, 14.0625], "texture": "#1"},
				"down": {"uv": [5, 3, 9.0125, 14.0625], "texture": "#1"}
			}
		},
		{
			"from": [10.6, 18.6, 7.7],
			"to": [10.6, 20.6, 8.1],
			"rotation": {"angle": 45, "axis": "y", "origin": [10.6, 18.6, 7.9]},
			"faces": {
				"north": {"uv": [5, 4, 9.0125, 14.0625], "texture": "#1"},
				"east": {"uv": [5, 4, 9.0125, 14.0625], "texture": "#1"},
				"south": {"uv": [5, 4, 9.0125, 14.0625], "texture": "#1"},
				"west": {"uv": [5, 4, 9.0125, 14.0625], "texture": "#1"},
				"up": {"uv": [5, 4, 9.0125, 14.0625], "texture": "#1"},
				"down": {"uv": [5, 4, 9.0125, 14.0625], "texture": "#1"}
			}
		},
		{
			"from": [10.6, 16.6, 7.7],
			"to": [10.6, 18.6, 8.1],
			"rotation": {"angle": 45, "axis": "y", "origin": [10.6, 16.6, 7.9]},
			"faces": {
				"north": {"uv": [5, 4, 9.0125, 14.0625], "texture": "#1"},
				"east": {"uv": [5, 4, 9.0125, 14.0625], "texture": "#1"},
				"south": {"uv": [5, 4, 9.0125, 14.0625], "texture": "#1"},
				"west": {"uv": [5, 4, 9.0125, 14.0625], "texture": "#1"},
				"up": {"uv": [5, 4, 9.0125, 14.0625], "texture": "#1"},
				"down": {"uv": [5, 4, 9.0125, 14.0625], "texture": "#1"}
			}
		},
		{
			"from": [10.6, 14.6, 7.7],
			"to": [10.6, 16.6, 8.1],
			"rotation": {"angle": 45, "axis": "y", "origin": [10.6, 14.6, 7.9]},
			"faces": {
				"north": {"uv": [5, 4, 9.0125, 14.0625], "texture": "#1"},
				"east": {"uv": [5, 4, 9.0125, 14.0625], "texture": "#1"},
				"south": {"uv": [5, 4, 9.0125, 14.0625], "texture": "#1"},
				"west": {"uv": [5, 4, 9.0125, 14.0625], "texture": "#1"},
				"up": {"uv": [5, 4, 9.0125, 14.0625], "texture": "#1"},
				"down": {"uv": [5, 4, 9.0125, 14.0625], "texture": "#1"}
			}
		},
		{
			"from": [10.4, 20.6, 8.2],
			"to": [10.8, 22.6, 8.2],
			"rotation": {"angle": 22.5, "axis": "y", "origin": [10.6, 20.6, 8.2]},
			"faces": {
				"north": {"uv": [5, 3, 9.0125, 11.0625], "texture": "#1"},
				"east": {"uv": [5, 3, 9.0125, 11.0625], "texture": "#1"},
				"south": {"uv": [5, 3, 9.0125, 11.0625], "texture": "#1"},
				"west": {"uv": [5, 3, 9.0125, 11.0625], "texture": "#1"},
				"up": {"uv": [5, 3, 9.0125, 11.0625], "texture": "#1"},
				"down": {"uv": [5, 3, 9.0125, 11.0625], "texture": "#1"}
			}
		},
		{
			"from": [10.4, 18.6, 8.2],
			"to": [10.8, 20.6, 8.2],
			"rotation": {"angle": 22.5, "axis": "y", "origin": [10.6, 18.6, 8.2]},
			"faces": {
				"north": {"uv": [5, 4, 9.0125, 14.0625], "texture": "#1"},
				"east": {"uv": [5, 4, 9.0125, 14.0625], "texture": "#1"},
				"south": {"uv": [5, 4, 9.0125, 14.0625], "texture": "#1"},
				"west": {"uv": [5, 4, 9.0125, 14.0625], "texture": "#1"},
				"up": {"uv": [5, 4, 9.0125, 14.0625], "texture": "#1"},
				"down": {"uv": [5, 4, 9.0125, 14.0625], "texture": "#1"}
			}
		},
		{
			"from": [10.4, 16.6, 8.2],
			"to": [10.8, 18.6, 8.2],
			"rotation": {"angle": 22.5, "axis": "y", "origin": [10.6, 16.6, 8.2]},
			"faces": {
				"north": {"uv": [5, 4, 9.0125, 14.0625], "texture": "#1"},
				"east": {"uv": [5, 4, 9.0125, 14.0625], "texture": "#1"},
				"south": {"uv": [5, 4, 9.0125, 14.0625], "texture": "#1"},
				"west": {"uv": [5, 4, 9.0125, 14.0625], "texture": "#1"},
				"up": {"uv": [5, 4, 9.0125, 14.0625], "texture": "#1"},
				"down": {"uv": [5, 4, 9.0125, 14.0625], "texture": "#1"}
			}
		},
		{
			"from": [4, 23, 7.8],
			"to": [4.6, 23.6, 8.3],
			"rotation": {"angle": -45, "axis": "z", "origin": [3.6, 22.9, 7.8]},
			"faces": {
				"north": {"uv": [5, 6, 10.01875, 11.01875], "texture": "#5"},
				"east": {"uv": [5, 6, 10.01875, 11.01875], "texture": "#5"},
				"south": {"uv": [5, 6, 10.01875, 11.01875], "texture": "#5"},
				"west": {"uv": [5, 6, 10.01875, 11.01875], "texture": "#5"},
				"up": {"uv": [5, 6, 10.01875, 11.01875], "texture": "#5"},
				"down": {"uv": [5, 6, 10.01875, 11.01875], "texture": "#5"}
			}
		},
		{
			"from": [4.1, 22.4, 7.8],
			"to": [4.7, 23, 8.3],
			"rotation": {"angle": 0, "axis": "y", "origin": [3.7, 22.3, 7.8]},
			"faces": {
				"north": {"uv": [0, 0, 0.01563, 0.01875], "texture": "#0"},
				"east": {"uv": [0, 0, 0.01563, 0.01875], "texture": "#0"},
				"south": {"uv": [0, 0, 0.01563, 0.01875], "texture": "#0"},
				"west": {"uv": [0, 0, 0.01563, 0.01875], "texture": "#0"},
				"up": {"uv": [0, 0, 0.01563, 0.01875], "texture": "#0"},
				"down": {"uv": [0, 0, 0.01563, 0.01875], "texture": "#0"}
			}
		},
		{
			"from": [4.1, 22.4, 7.7],
			"to": [4.2, 23, 7.8],
			"rotation": {"angle": 0, "axis": "y", "origin": [3.2, 22.3, 7.7]},
			"faces": {
				"north": {"uv": [9, 3, 14.00313, 14.01875], "texture": "#0"},
				"east": {"uv": [9, 3, 14.00313, 14.01875], "texture": "#0"},
				"south": {"uv": [9, 3, 14.00313, 14.01875], "texture": "#0"},
				"west": {"uv": [9, 3, 14.00313, 14.01875], "texture": "#0"},
				"up": {"uv": [9, 3, 14.00313, 14.01875], "texture": "#0"},
				"down": {"uv": [9, 3, 14.00313, 14.01875], "texture": "#0"}
			}
		},
		{
			"from": [4.6, 22.4, 7.7],
			"to": [4.7, 23, 7.8],
			"rotation": {"angle": 0, "axis": "y", "origin": [3.7, 22.3, 7.7]},
			"faces": {
				"north": {"uv": [10, 3, 14.00313, 14.01875], "texture": "#0"},
				"east": {"uv": [10, 3, 14.00313, 14.01875], "texture": "#0"},
				"south": {"uv": [10, 3, 14.00313, 14.01875], "texture": "#0"},
				"west": {"uv": [10, 3, 14.00313, 14.01875], "texture": "#0"},
				"up": {"uv": [10, 3, 14.00313, 14.01875], "texture": "#0"},
				"down": {"uv": [10, 3, 14.00313, 14.01875], "texture": "#0"}
			}
		},
		{
			"from": [4.6, 22.4, 8.3],
			"to": [4.7, 23, 8.4],
			"rotation": {"angle": 0, "axis": "y", "origin": [3.7, 22.3, 8.3]},
			"faces": {
				"north": {"uv": [9, 3, 13.00313, 13.01875], "texture": "#0"},
				"east": {"uv": [9, 3, 13.00313, 13.01875], "texture": "#0"},
				"south": {"uv": [9, 3, 13.00313, 13.01875], "texture": "#0"},
				"west": {"uv": [9, 3, 13.00313, 13.01875], "texture": "#0"},
				"up": {"uv": [9, 3, 13.00313, 13.01875], "texture": "#0"},
				"down": {"uv": [9, 3, 13.00313, 13.01875], "texture": "#0"}
			}
		},
		{
			"from": [4.1, 22.4, 8.3],
			"to": [4.2, 23, 8.4],
			"rotation": {"angle": 0, "axis": "y", "origin": [3.2, 22.3, 8.3]},
			"faces": {
				"north": {"uv": [5, 5, 8.00313, 13.01875], "texture": "#0"},
				"east": {"uv": [5, 5, 8.00313, 13.01875], "texture": "#0"},
				"south": {"uv": [5, 5, 8.00313, 13.01875], "texture": "#0"},
				"west": {"uv": [5, 5, 8.00313, 13.01875], "texture": "#0"},
				"up": {"uv": [5, 5, 8.00313, 13.01875], "texture": "#0"},
				"down": {"uv": [5, 5, 8.00313, 13.01875], "texture": "#0"}
			}
		},
		{
			"from": [4.1, 22.9, 7.7],
			"to": [4.7, 23, 7.8],
			"rotation": {"angle": 0, "axis": "y", "origin": [3.7, 22.3, 7.7]},
			"faces": {
				"north": {"uv": [4, 8, 15.01875, 12.00313], "texture": "#0"},
				"east": {"uv": [4, 8, 15.01875, 12.00313], "texture": "#0"},
				"south": {"uv": [4, 8, 15.01875, 12.00313], "texture": "#0"},
				"west": {"uv": [4, 8, 15.01875, 12.00313], "texture": "#0"},
				"up": {"uv": [4, 8, 15.01875, 12.00313], "texture": "#0"},
				"down": {"uv": [4, 8, 15.01875, 12.00313], "texture": "#0"}
			}
		},
		{
			"from": [4.1, 22.9, 8.3],
			"to": [4.7, 23, 8.4],
			"rotation": {"angle": 0, "axis": "y", "origin": [3.7, 22.3, 8.3]},
			"faces": {
				"north": {"uv": [4, 8, 14.01875, 12.00313], "texture": "#0"},
				"east": {"uv": [4, 8, 14.01875, 12.00313], "texture": "#0"},
				"south": {"uv": [4, 8, 14.01875, 12.00313], "texture": "#0"},
				"west": {"uv": [4, 8, 14.01875, 12.00313], "texture": "#0"},
				"up": {"uv": [4, 8, 14.01875, 12.00313], "texture": "#0"},
				"down": {"uv": [4, 8, 14.01875, 12.00313], "texture": "#0"}
			}
		},
		{
			"from": [4.1, 22.4, 8.3],
			"to": [4.7, 22.5, 8.4],
			"rotation": {"angle": 0, "axis": "y", "origin": [3.7, 21.8, 8.3]},
			"faces": {
				"north": {"uv": [4, 8, 14.01875, 13.00313], "texture": "#0"},
				"east": {"uv": [4, 8, 14.01875, 13.00313], "texture": "#0"},
				"south": {"uv": [4, 8, 14.01875, 13.00313], "texture": "#0"},
				"west": {"uv": [4, 8, 14.01875, 13.00313], "texture": "#0"},
				"up": {"uv": [4, 8, 14.01875, 13.00313], "texture": "#0"},
				"down": {"uv": [4, 8, 14.01875, 13.00313], "texture": "#0"}
			}
		},
		{
			"from": [4.1, 22.4, 7.7],
			"to": [4.7, 22.5, 7.8],
			"rotation": {"angle": 0, "axis": "y", "origin": [3.7, 21.8, 7.7]},
			"faces": {
				"north": {"uv": [4, 8, 15.01875, 13.00313], "texture": "#0"},
				"east": {"uv": [4, 8, 15.01875, 13.00313], "texture": "#0"},
				"south": {"uv": [4, 8, 15.01875, 13.00313], "texture": "#0"},
				"west": {"uv": [4, 8, 15.01875, 13.00313], "texture": "#0"},
				"up": {"uv": [4, 8, 15.01875, 13.00313], "texture": "#0"},
				"down": {"uv": [4, 8, 15.01875, 13.00313], "texture": "#0"}
			}
		},
		{
			"from": [4.3, 23.5, 7.9],
			"to": [4.6, 23.7, 8.2],
			"rotation": {"angle": 0, "axis": "y", "origin": [3.8, 23.5, 8.2]},
			"faces": {
				"north": {"uv": [3, 4, 14.00625, 13.00938], "rotation": 270, "texture": "#0"},
				"east": {"uv": [3, 4, 14.00625, 13.00938], "rotation": 270, "texture": "#0"},
				"south": {"uv": [3, 4, 14.00625, 13.00938], "rotation": 270, "texture": "#0"},
				"west": {"uv": [3, 4, 14.00625, 13.00938], "rotation": 270, "texture": "#0"},
				"up": {"uv": [3, 4, 14.00625, 13.00938], "rotation": 270, "texture": "#0"},
				"down": {"uv": [3, 4, 14.00625, 13.00938], "rotation": 270, "texture": "#0"}
			}
		},
		{
			"from": [4.4, 23, 8],
			"to": [4.5, 23.5, 8.1],
			"rotation": {"angle": 0, "axis": "y", "origin": [3.7, 23.4, 8.1]},
			"faces": {
				"north": {"uv": [3, 4, 14.01563, 13.00313], "rotation": 270, "texture": "#0"},
				"east": {"uv": [3, 4, 14.01563, 13.00313], "rotation": 270, "texture": "#0"},
				"south": {"uv": [3, 4, 14.01563, 13.00313], "rotation": 270, "texture": "#0"},
				"west": {"uv": [3, 4, 14.01563, 13.00313], "rotation": 270, "texture": "#0"},
				"up": {"uv": [3, 4, 14.01563, 13.00313], "rotation": 270, "texture": "#0"},
				"down": {"uv": [3, 4, 14.01563, 13.00313], "rotation": 270, "texture": "#0"}
			}
		},
		{
			"from": [10.2, 23, 7.8],
			"to": [10.8, 23.6, 8.3],
			"rotation": {"angle": -45, "axis": "z", "origin": [9.8, 22.9, 7.8]},
			"faces": {
				"north": {"uv": [4, 7, 9.01875, 12.01875], "texture": "#5"},
				"east": {"uv": [4, 7, 9.01875, 12.01875], "texture": "#5"},
				"south": {"uv": [4, 7, 9.01875, 12.01875], "texture": "#5"},
				"west": {"uv": [4, 7, 9.01875, 12.01875], "texture": "#5"},
				"up": {"uv": [4, 7, 9.01875, 12.01875], "texture": "#5"},
				"down": {"uv": [4, 7, 9.01875, 12.01875], "texture": "#5"}
			}
		},
		{
			"from": [10.3, 22.4, 7.8],
			"to": [10.9, 23, 8.3],
			"rotation": {"angle": 0, "axis": "y", "origin": [9.9, 22.3, 7.8]},
			"color": 5,
			"faces": {
				"north": {"uv": [0.88889, 12.44444, 4.46007, 15.12986], "texture": "#missing"},
				"east": {"uv": [0.88889, 12.44444, 4.46007, 15.12986], "texture": "#missing"},
				"south": {"uv": [0.88889, 12.44444, 4.46007, 15.12986], "texture": "#missing"},
				"west": {"uv": [0.88889, 12.44444, 4.46007, 15.12986], "texture": "#missing"},
				"up": {"uv": [0.88889, 12.44444, 4.46007, 15.12986], "texture": "#missing"},
				"down": {"uv": [0.88889, 12.44444, 4.46007, 15.12986], "texture": "#missing"}
			}
		},
		{
			"from": [10.3, 22.4, 7.7],
			"to": [10.4, 23, 7.8],
			"rotation": {"angle": 0, "axis": "y", "origin": [9.4, 22.3, 7.7]},
			"faces": {
				"north": {"uv": [10, 3, 14.00313, 14.01875], "texture": "#0"},
				"east": {"uv": [10, 3, 14.00313, 14.01875], "texture": "#0"},
				"south": {"uv": [10, 3, 14.00313, 14.01875], "texture": "#0"},
				"west": {"uv": [10, 3, 14.00313, 14.01875], "texture": "#0"},
				"up": {"uv": [10, 3, 14.00313, 14.01875], "texture": "#0"},
				"down": {"uv": [10, 3, 14.00313, 14.01875], "texture": "#0"}
			}
		},
		{
			"from": [10.8, 22.4, 7.7],
			"to": [10.9, 23, 7.8],
			"rotation": {"angle": 0, "axis": "y", "origin": [9.9, 22.3, 7.7]},
			"faces": {
				"north": {"uv": [10, 3, 13.00313, 14.01875], "texture": "#0"},
				"east": {"uv": [10, 3, 13.00313, 14.01875], "texture": "#0"},
				"south": {"uv": [10, 3, 13.00313, 14.01875], "texture": "#0"},
				"west": {"uv": [10, 3, 13.00313, 14.01875], "texture": "#0"},
				"up": {"uv": [10, 3, 13.00313, 14.01875], "texture": "#0"},
				"down": {"uv": [10, 3, 13.00313, 14.01875], "texture": "#0"}
			}
		},
		{
			"from": [10.8, 22.4, 8.3],
			"to": [10.9, 23, 8.4],
			"rotation": {"angle": 0, "axis": "y", "origin": [9.9, 22.3, 8.3]},
			"faces": {
				"north": {"uv": [13.44444, 12.77778, 9.66979, 3.46319], "texture": "#0"},
				"east": {"uv": [13.44444, 12.77778, 9.66979, 3.46319], "texture": "#0"},
				"south": {"uv": [13.44444, 12.77778, 9.66979, 3.46319], "texture": "#0"},
				"west": {"uv": [13.44444, 12.77778, 9.66979, 3.46319], "texture": "#0"},
				"up": {"uv": [13.44444, 12.77778, 9.66979, 3.46319], "texture": "#0"},
				"down": {"uv": [13.44444, 12.77778, 9.66979, 3.46319], "texture": "#0"}
			}
		},
		{
			"from": [10.3, 22.4, 8.3],
			"to": [10.4, 23, 8.4],
			"rotation": {"angle": 0, "axis": "y", "origin": [9.4, 22.3, 8.3]},
			"faces": {
				"north": {"uv": [14, 3, 9.00313, 14.01875], "texture": "#0"},
				"east": {"uv": [14, 3, 9.00313, 14.01875], "texture": "#0"},
				"south": {"uv": [14, 3, 9.00313, 14.01875], "texture": "#0"},
				"west": {"uv": [14, 3, 9.00313, 14.01875], "texture": "#0"},
				"up": {"uv": [14, 3, 9.00313, 14.01875], "texture": "#0"},
				"down": {"uv": [14, 3, 9.00313, 14.01875], "texture": "#0"}
			}
		},
		{
			"from": [10.3, 22.9, 7.7],
			"to": [10.9, 23, 7.8],
			"rotation": {"angle": 0, "axis": "y", "origin": [9.9, 22.3, 7.7]},
			"faces": {
				"north": {"uv": [4, 9, 14.01875, 13.00313], "texture": "#0"},
				"east": {"uv": [4, 9, 14.01875, 13.00313], "texture": "#0"},
				"south": {"uv": [4, 9, 14.01875, 13.00313], "texture": "#0"},
				"west": {"uv": [4, 9, 14.01875, 13.00313], "texture": "#0"},
				"up": {"uv": [4, 9, 14.01875, 13.00313], "texture": "#0"},
				"down": {"uv": [4, 9, 14.01875, 13.00313], "texture": "#0"}
			}
		},
		{
			"from": [10.3, 22.9, 8.3],
			"to": [10.9, 23, 8.4],
			"rotation": {"angle": 0, "axis": "y", "origin": [9.9, 22.3, 8.3]},
			"faces": {
				"north": {"uv": [3, 8, 14.01875, 13.00313], "texture": "#0"},
				"east": {"uv": [3, 8, 14.01875, 13.00313], "texture": "#0"},
				"south": {"uv": [3, 8, 14.01875, 13.00313], "texture": "#0"},
				"west": {"uv": [3, 8, 14.01875, 13.00313], "texture": "#0"},
				"up": {"uv": [3, 8, 14.01875, 13.00313], "texture": "#0"},
				"down": {"uv": [3, 8, 14.01875, 13.00313], "texture": "#0"}
			}
		},
		{
			"from": [10.3, 22.4, 8.3],
			"to": [10.9, 22.5, 8.4],
			"rotation": {"angle": 0, "axis": "y", "origin": [9.9, 21.8, 8.3]},
			"faces": {
				"north": {"uv": [3, 9, 14.01875, 13.00313], "texture": "#0"},
				"east": {"uv": [3, 9, 14.01875, 13.00313], "texture": "#0"},
				"south": {"uv": [3, 9, 14.01875, 13.00313], "texture": "#0"},
				"west": {"uv": [3, 9, 14.01875, 13.00313], "texture": "#0"},
				"up": {"uv": [3, 9, 14.01875, 13.00313], "texture": "#0"},
				"down": {"uv": [3, 9, 14.01875, 13.00313], "texture": "#0"}
			}
		},
		{
			"from": [10.3, 22.4, 7.7],
			"to": [10.9, 22.5, 7.8],
			"rotation": {"angle": 0, "axis": "y", "origin": [9.9, 21.8, 7.7]},
			"faces": {
				"north": {"uv": [5, 9, 13.01875, 13.00313], "texture": "#0"},
				"east": {"uv": [5, 9, 13.01875, 13.00313], "texture": "#0"},
				"south": {"uv": [5, 9, 13.01875, 13.00313], "texture": "#0"},
				"west": {"uv": [5, 9, 13.01875, 13.00313], "texture": "#0"},
				"up": {"uv": [5, 9, 13.01875, 13.00313], "texture": "#0"},
				"down": {"uv": [5, 9, 13.01875, 13.00313], "texture": "#0"}
			}
		},
		{
			"from": [10.5, 23.5, 7.9],
			"to": [10.8, 23.7, 8.2],
			"rotation": {"angle": 0, "axis": "y", "origin": [10, 23.5, 8.2]},
			"faces": {
				"north": {"uv": [3, 4, 14.00625, 13.00938], "rotation": 90, "texture": "#0"},
				"east": {"uv": [3, 4, 14.00625, 13.00938], "rotation": 90, "texture": "#0"},
				"south": {"uv": [3, 4, 14.00625, 13.00938], "rotation": 90, "texture": "#0"},
				"west": {"uv": [3, 4, 14.00625, 13.00938], "rotation": 90, "texture": "#0"},
				"up": {"uv": [3, 4, 14.00625, 13.00938], "rotation": 90, "texture": "#0"},
				"down": {"uv": [3, 4, 14.00625, 13.00938], "rotation": 90, "texture": "#0"}
			}
		},
		{
			"from": [10.6, 23, 8],
			"to": [10.7, 23.5, 8.1],
			"rotation": {"angle": 0, "axis": "y", "origin": [9.9, 23.4, 8.1]},
			"faces": {
				"north": {"uv": [5, 3, 14.00313, 13.01563], "texture": "#0"},
				"east": {"uv": [5, 3, 14.00313, 13.01563], "texture": "#0"},
				"south": {"uv": [5, 3, 14.00313, 13.01563], "texture": "#0"},
				"west": {"uv": [5, 3, 14.00313, 13.01563], "texture": "#0"},
				"up": {"uv": [5, 3, 14.00313, 13.01563], "texture": "#0"},
				"down": {"uv": [5, 3, 14.00313, 13.01563], "texture": "#0"}
			}
		},
		{
			"from": [7, 22, 7.4],
			"to": [8, 23, 8.4],
			"rotation": {"angle": 0, "axis": "y", "origin": [7, 22, 7.4]},
			"faces": {
				"north": {"uv": [3, 4, 15.03125, 13.03125], "texture": "#0"},
				"east": {"uv": [3, 4, 15.03125, 13.03125], "texture": "#0"},
				"south": {"uv": [3, 4, 15.03125, 13.03125], "texture": "#0"},
				"west": {"uv": [3, 4, 15.03125, 13.03125], "texture": "#0"},
				"up": {"uv": [3, 4, 15.03125, 13.03125], "texture": "#0"},
				"down": {"uv": [3, 4, 15.03125, 13.03125], "texture": "#0"}
			}
		},
		{
			"from": [7.5, 21.8, 7.4],
			"to": [8.5, 22.8, 8.4],
			"rotation": {"angle": 45, "axis": "z", "origin": [7.5, 21.8, 7.4]},
			"faces": {
				"north": {"uv": [2, 5, 15.03125, 13.03125], "texture": "#0"},
				"east": {"uv": [2, 5, 15.03125, 13.03125], "texture": "#0"},
				"south": {"uv": [2, 5, 15.03125, 13.03125], "texture": "#0"},
				"west": {"uv": [2, 5, 15.03125, 13.03125], "texture": "#0"},
				"up": {"uv": [2, 5, 15.03125, 13.03125], "texture": "#0"},
				"down": {"uv": [2, 5, 15.03125, 13.03125], "texture": "#0"}
			}
		},
		{
			"from": [7.1, 22.3, 7.4],
			"to": [8.1, 23.3, 8.4],
			"rotation": {"angle": 22.5, "axis": "z", "origin": [8.1, 22.3, 7.4]},
			"faces": {
				"north": {"uv": [4, 3, 12.03125, 12.03125], "rotation": 90, "texture": "#0"},
				"east": {"uv": [3, 4, 12.03125, 13.03125], "rotation": 90, "texture": "#0"},
				"south": {"uv": [3, 4, 12.03125, 13.03125], "rotation": 90, "texture": "#0"},
				"west": {"uv": [3, 4, 12.03125, 13.03125], "rotation": 90, "texture": "#0"},
				"up": {"uv": [3, 4, 12.03125, 13.03125], "rotation": 90, "texture": "#0"},
				"down": {"uv": [3, 4, 12.03125, 13.03125], "rotation": 90, "texture": "#0"}
			}
		},
		{
			"from": [7.2, 21.8, 7.4],
			"to": [8.2, 22.8, 8.4],
			"rotation": {"angle": -22.5, "axis": "z", "origin": [8.2, 22.8, 7.4]},
			"faces": {
				"north": {"uv": [3, 4, 14.03125, 13.03125], "rotation": 180, "texture": "#0"},
				"east": {"uv": [3, 4, 14.03125, 13.03125], "rotation": 180, "texture": "#0"},
				"south": {"uv": [3, 4, 14.03125, 13.03125], "rotation": 180, "texture": "#0"},
				"west": {"uv": [3, 4, 14.03125, 13.03125], "rotation": 180, "texture": "#0"},
				"up": {"uv": [3, 4, 14.03125, 13.03125], "rotation": 180, "texture": "#0"},
				"down": {"uv": [3, 4, 14.03125, 13.03125], "rotation": 180, "texture": "#0"}
			}
		},
		{
			"from": [7.5, 17.3, 7.4],
			"to": [8.1, 19.3, 8],
			"rotation": {"angle": -45, "axis": "y", "origin": [7.3, 17.3, 7.5]},
			"faces": {
				"north": {"uv": [5, 3, 8.01875, 14.0625], "texture": "#2"},
				"east": {"uv": [5, 3, 8.01875, 14.0625], "texture": "#2"},
				"south": {"uv": [5, 3, 8.01875, 14.0625], "texture": "#2"},
				"west": {"uv": [5, 3, 8.01875, 14.0625], "texture": "#2"},
				"up": {"uv": [5, 3, 8.01875, 14.0625], "texture": "#2"},
				"down": {"uv": [5, 3, 8.01875, 14.0625], "texture": "#2"}
			}
		},
		{
			"from": [7.2, 17.3, 7.7],
			"to": [7.8, 19.3, 8.3],
			"rotation": {"angle": 0, "axis": "y", "origin": [7, 17.3, 7.8]},
			"faces": {
				"north": {"uv": [5, 3, 8.01875, 14.0625], "texture": "#2"},
				"east": {"uv": [5, 3, 8.01875, 14.0625], "texture": "#2"},
				"south": {"uv": [5, 3, 8.01875, 14.0625], "texture": "#2"},
				"west": {"uv": [5, 3, 8.01875, 14.0625], "texture": "#2"},
				"up": {"uv": [5, 3, 8.01875, 14.0625], "texture": "#2"},
				"down": {"uv": [5, 3, 8.01875, 14.0625], "texture": "#2"}
			}
		},
		{
			"from": [7.5, 19.3, 7.4],
			"to": [8.1, 21.3, 8],
			"rotation": {"angle": -45, "axis": "y", "origin": [7.3, 19.3, 7.5]},
			"faces": {
				"north": {"uv": [5, 3, 8.01875, 14.0625], "texture": "#2"},
				"east": {"uv": [5, 3, 8.01875, 14.0625], "texture": "#2"},
				"south": {"uv": [5, 3, 8.01875, 14.0625], "texture": "#2"},
				"west": {"uv": [5, 3, 8.01875, 14.0625], "texture": "#2"},
				"up": {"uv": [5, 3, 8.01875, 14.0625], "texture": "#2"},
				"down": {"uv": [5, 3, 8.01875, 14.0625], "texture": "#2"}
			}
		},
		{
			"from": [7.2, 19.3, 7.7],
			"to": [7.8, 21.3, 8.3],
			"rotation": {"angle": 0, "axis": "y", "origin": [7, 19.3, 7.8]},
			"faces": {
				"north": {"uv": [5, 3, 8.01875, 14.0625], "texture": "#2"},
				"east": {"uv": [5, 3, 8.01875, 14.0625], "texture": "#2"},
				"south": {"uv": [5, 3, 8.01875, 14.0625], "texture": "#2"},
				"west": {"uv": [5, 3, 8.01875, 14.0625], "texture": "#2"},
				"up": {"uv": [5, 3, 8.01875, 14.0625], "texture": "#2"},
				"down": {"uv": [5, 3, 8.01875, 14.0625], "texture": "#2"}
			}
		},
		{
			"from": [7.5, 15.3, 7.4],
			"to": [8.1, 17.3, 8],
			"rotation": {"angle": -45, "axis": "y", "origin": [7.3, 15.3, 7.5]},
			"faces": {
				"north": {"uv": [5, 3, 8.01875, 14.0625], "texture": "#2"},
				"east": {"uv": [5, 3, 8.01875, 14.0625], "texture": "#2"},
				"south": {"uv": [5, 3, 8.01875, 14.0625], "texture": "#2"},
				"west": {"uv": [5, 3, 8.01875, 14.0625], "texture": "#2"},
				"up": {"uv": [5, 3, 8.01875, 14.0625], "texture": "#2"},
				"down": {"uv": [5, 3, 8.01875, 14.0625], "texture": "#2"}
			}
		},
		{
			"from": [7.2, 15.3, 7.7],
			"to": [7.8, 17.3, 8.3],
			"rotation": {"angle": 0, "axis": "y", "origin": [7, 15.3, 7.8]},
			"faces": {
				"north": {"uv": [5, 3, 8.01875, 14.0625], "texture": "#2"},
				"east": {"uv": [5, 3, 8.01875, 14.0625], "texture": "#2"},
				"south": {"uv": [5, 3, 8.01875, 14.0625], "texture": "#2"},
				"west": {"uv": [5, 3, 8.01875, 14.0625], "texture": "#2"},
				"up": {"uv": [5, 3, 8.01875, 14.0625], "texture": "#2"},
				"down": {"uv": [5, 3, 8.01875, 14.0625], "texture": "#2"}
			}
		},
		{
			"from": [7.5, 13.3, 7.4],
			"to": [8.1, 15.3, 8],
			"rotation": {"angle": -45, "axis": "y", "origin": [7.3, 13.3, 7.5]},
			"faces": {
				"north": {"uv": [5, 3, 8.01875, 14.0625], "texture": "#2"},
				"east": {"uv": [5, 3, 8.01875, 14.0625], "texture": "#2"},
				"south": {"uv": [5, 3, 8.01875, 14.0625], "texture": "#2"},
				"west": {"uv": [5, 3, 8.01875, 14.0625], "texture": "#2"},
				"up": {"uv": [5, 3, 8.01875, 14.0625], "texture": "#2"},
				"down": {"uv": [5, 3, 8.01875, 14.0625], "texture": "#2"}
			}
		},
		{
			"from": [7.2, 13.3, 7.7],
			"to": [7.8, 15.3, 8.3],
			"rotation": {"angle": 0, "axis": "y", "origin": [7, 13.3, 7.8]},
			"faces": {
				"north": {"uv": [5, 3, 8.01875, 14.0625], "texture": "#2"},
				"east": {"uv": [5, 3, 8.01875, 14.0625], "texture": "#2"},
				"south": {"uv": [5, 3, 8.01875, 14.0625], "texture": "#2"},
				"west": {"uv": [5, 3, 8.01875, 14.0625], "texture": "#2"},
				"up": {"uv": [5, 3, 8.01875, 14.0625], "texture": "#2"},
				"down": {"uv": [5, 3, 8.01875, 14.0625], "texture": "#2"}
			}
		},
		{
			"from": [7.5, 11.3, 7.4],
			"to": [8.1, 13.3, 8],
			"rotation": {"angle": -45, "axis": "y", "origin": [7.3, 11.3, 7.5]},
			"faces": {
				"north": {"uv": [5, 3, 8.01875, 14.0625], "texture": "#2"},
				"east": {"uv": [5, 3, 8.01875, 14.0625], "texture": "#2"},
				"south": {"uv": [5, 3, 8.01875, 14.0625], "texture": "#2"},
				"west": {"uv": [5, 3, 8.01875, 14.0625], "texture": "#2"},
				"up": {"uv": [5, 3, 8.01875, 14.0625], "texture": "#2"},
				"down": {"uv": [5, 3, 8.01875, 14.0625], "texture": "#2"}
			}
		},
		{
			"from": [7.2, 11.3, 7.7],
			"to": [7.8, 13.3, 8.3],
			"rotation": {"angle": 0, "axis": "y", "origin": [7, 11.3, 7.8]},
			"faces": {
				"north": {"uv": [5, 3, 8.01875, 14.0625], "texture": "#2"},
				"east": {"uv": [5, 3, 8.01875, 14.0625], "texture": "#2"},
				"south": {"uv": [5, 3, 8.01875, 14.0625], "texture": "#2"},
				"west": {"uv": [5, 3, 8.01875, 14.0625], "texture": "#2"},
				"up": {"uv": [5, 3, 8.01875, 14.0625], "texture": "#2"},
				"down": {"uv": [5, 3, 8.01875, 14.0625], "texture": "#2"}
			}
		},
		{
			"from": [7.5, 9.3, 7.4],
			"to": [8.1, 11.3, 8],
			"rotation": {"angle": -45, "axis": "y", "origin": [7.3, 9.3, 7.5]},
			"faces": {
				"north": {"uv": [5, 3, 8.01875, 14.0625], "texture": "#2"},
				"east": {"uv": [5, 3, 8.01875, 14.0625], "texture": "#2"},
				"south": {"uv": [5, 3, 8.01875, 14.0625], "texture": "#2"},
				"west": {"uv": [5, 3, 8.01875, 14.0625], "texture": "#2"},
				"up": {"uv": [5, 3, 8.01875, 14.0625], "texture": "#2"},
				"down": {"uv": [5, 3, 8.01875, 14.0625], "texture": "#2"}
			}
		},
		{
			"from": [7.2, 9.3, 7.7],
			"to": [7.8, 11.3, 8.3],
			"rotation": {"angle": 0, "axis": "y", "origin": [7, 9.3, 7.8]},
			"faces": {
				"north": {"uv": [5, 3, 8.01875, 14.0625], "texture": "#2"},
				"east": {"uv": [5, 3, 8.01875, 14.0625], "texture": "#2"},
				"south": {"uv": [5, 3, 8.01875, 14.0625], "texture": "#2"},
				"west": {"uv": [5, 3, 8.01875, 14.0625], "texture": "#2"},
				"up": {"uv": [5, 3, 8.01875, 14.0625], "texture": "#2"},
				"down": {"uv": [5, 3, 8.01875, 14.0625], "texture": "#2"}
			}
		},
		{
			"from": [7.5, 7.3, 7.4],
			"to": [8.1, 9.3, 8],
			"rotation": {"angle": -45, "axis": "y", "origin": [7.3, 7.3, 7.5]},
			"faces": {
				"north": {"uv": [5, 3, 8.01875, 14.0625], "texture": "#2"},
				"east": {"uv": [5, 3, 8.01875, 14.0625], "texture": "#2"},
				"south": {"uv": [5, 3, 8.01875, 14.0625], "texture": "#2"},
				"west": {"uv": [5, 3, 8.01875, 14.0625], "texture": "#2"},
				"up": {"uv": [5, 3, 8.01875, 14.0625], "texture": "#2"},
				"down": {"uv": [5, 3, 8.01875, 14.0625], "texture": "#2"}
			}
		},
		{
			"from": [7.2, 7.3, 7.7],
			"to": [7.8, 9.3, 8.3],
			"rotation": {"angle": 0, "axis": "y", "origin": [7, 7.3, 7.8]},
			"faces": {
				"north": {"uv": [5, 3, 8.01875, 14.0625], "texture": "#2"},
				"east": {"uv": [5, 3, 8.01875, 14.0625], "texture": "#2"},
				"south": {"uv": [5, 3, 8.01875, 14.0625], "texture": "#2"},
				"west": {"uv": [5, 3, 8.01875, 14.0625], "texture": "#2"},
				"up": {"uv": [5, 3, 8.01875, 14.0625], "texture": "#2"},
				"down": {"uv": [5, 3, 8.01875, 14.0625], "texture": "#2"}
			}
		},
		{
			"from": [7.5, 5.3, 7.4],
			"to": [8.1, 7.3, 8],
			"rotation": {"angle": -45, "axis": "y", "origin": [7.3, 5.3, 7.5]},
			"faces": {
				"north": {"uv": [5, 3, 8.01875, 14.0625], "texture": "#2"},
				"east": {"uv": [5, 3, 8.01875, 14.0625], "texture": "#2"},
				"south": {"uv": [5, 3, 8.01875, 14.0625], "texture": "#2"},
				"west": {"uv": [5, 3, 8.01875, 14.0625], "texture": "#2"},
				"up": {"uv": [5, 3, 8.01875, 14.0625], "texture": "#2"},
				"down": {"uv": [5, 3, 8.01875, 14.0625], "texture": "#2"}
			}
		},
		{
			"from": [7.2, 5.3, 7.7],
			"to": [7.8, 7.3, 8.3],
			"rotation": {"angle": 0, "axis": "y", "origin": [7, 5.3, 7.8]},
			"faces": {
				"north": {"uv": [5, 3, 8.01875, 14.0625], "texture": "#2"},
				"east": {"uv": [5, 3, 8.01875, 14.0625], "texture": "#2"},
				"south": {"uv": [5, 3, 8.01875, 14.0625], "texture": "#2"},
				"west": {"uv": [5, 3, 8.01875, 14.0625], "texture": "#2"},
				"up": {"uv": [5, 3, 8.01875, 14.0625], "texture": "#2"},
				"down": {"uv": [5, 3, 8.01875, 14.0625], "texture": "#2"}
			}
		},
		{
			"from": [7.5, 3.3, 7.4],
			"to": [8.1, 5.3, 8],
			"rotation": {"angle": -45, "axis": "y", "origin": [7.3, 3.3, 7.5]},
			"faces": {
				"north": {"uv": [5, 3, 8.01875, 14.0625], "texture": "#2"},
				"east": {"uv": [5, 3, 8.01875, 14.0625], "texture": "#2"},
				"south": {"uv": [5, 3, 8.01875, 14.0625], "texture": "#2"},
				"west": {"uv": [5, 3, 8.01875, 14.0625], "texture": "#2"},
				"up": {"uv": [5, 3, 8.01875, 14.0625], "texture": "#2"},
				"down": {"uv": [5, 3, 8.01875, 14.0625], "texture": "#2"}
			}
		},
		{
			"from": [7.2, 3.3, 7.7],
			"to": [7.8, 5.3, 8.3],
			"rotation": {"angle": 0, "axis": "y", "origin": [7, 3.3, 7.8]},
			"faces": {
				"north": {"uv": [5, 3, 8.01875, 14.0625], "texture": "#2"},
				"east": {"uv": [5, 3, 8.01875, 14.0625], "texture": "#2"},
				"south": {"uv": [5, 3, 8.01875, 14.0625], "texture": "#2"},
				"west": {"uv": [5, 3, 8.01875, 14.0625], "texture": "#2"},
				"up": {"uv": [5, 3, 8.01875, 14.0625], "texture": "#2"},
				"down": {"uv": [5, 3, 8.01875, 14.0625], "texture": "#2"}
			}
		},
		{
			"from": [7.2, 1.3, 7.7],
			"to": [7.8, 3.3, 8.3],
			"rotation": {"angle": 0, "axis": "y", "origin": [7, 1.3, 7.8]},
			"faces": {
				"north": {"uv": [5, 14, 8.01875, 3.0625], "texture": "#2"},
				"east": {"uv": [5, 14, 8.01875, 3.0625], "texture": "#2"},
				"south": {"uv": [5, 14, 8.01875, 3.0625], "texture": "#2"},
				"west": {"uv": [5, 14, 8.01875, 3.0625], "texture": "#2"},
				"up": {"uv": [5, 14, 8.01875, 3.0625], "texture": "#2"},
				"down": {"uv": [5, 14, 8.01875, 3.0625], "texture": "#2"}
			}
		},
		{
			"from": [7.5, 1.3, 7.4],
			"to": [8.1, 3.3, 8],
			"rotation": {"angle": -45, "axis": "y", "origin": [7.3, 1.3, 7.5]},
			"faces": {
				"north": {"uv": [5, 3, 8.01875, 14.0625], "texture": "#2"},
				"east": {"uv": [5, 3, 8.01875, 14.0625], "texture": "#2"},
				"south": {"uv": [5, 3, 8.01875, 14.0625], "texture": "#2"},
				"west": {"uv": [5, 3, 8.01875, 14.0625], "texture": "#2"},
				"up": {"uv": [5, 3, 8.01875, 14.0625], "texture": "#2"},
				"down": {"uv": [5, 3, 8.01875, 14.0625], "texture": "#2"}
			}
		},
		{
			"from": [7, 20.7, 7.5],
			"to": [8, 21.4, 8.5],
			"rotation": {"angle": 0, "axis": "y", "origin": [6.7, 20.2, 6.7]},
			"faces": {
				"north": {"uv": [5, 4, 12.03125, 14.02188], "texture": "#2"},
				"east": {"uv": [5, 4, 12.03125, 14.02188], "texture": "#2"},
				"south": {"uv": [5, 4, 12.03125, 14.02188], "texture": "#2"},
				"west": {"uv": [5, 4, 12.03125, 14.02188], "texture": "#2"},
				"up": {"uv": [5, 4, 12.03125, 14.02188], "texture": "#2"},
				"down": {"uv": [5, 4, 12.03125, 14.02188], "texture": "#2"}
			}
		},
		{
			"from": [7.2, 21.9, 7.4],
			"to": [7.5, 22.2, 7.5],
			"rotation": {"angle": -45, "axis": "z", "origin": [6.2, 21.4, 6.6]},
			"color": 9,
			"faces": {
				"north": {"uv": [4.44444, 4.44444, 9.78715, 9.78715], "texture": "#missing"},
				"east": {"uv": [4.44444, 4.44444, 9.78715, 9.78715], "texture": "#missing"},
				"south": {"uv": [4.44444, 4.44444, 9.78715, 9.78715], "texture": "#missing"},
				"west": {"uv": [4.44444, 4.44444, 9.78715, 9.78715], "texture": "#missing"},
				"up": {"uv": [4.44444, 4.44444, 9.78715, 9.78715], "texture": "#missing"},
				"down": {"uv": [4.44444, 4.44444, 9.78715, 9.78715], "texture": "#missing"}
			}
		},
		{
			"from": [7.2, 21.9, 8.5],
			"to": [7.5, 22.2, 8.6],
			"rotation": {"angle": -45, "axis": "z", "origin": [6.2, 21.4, 7.7]},
			"faces": {
				"north": {"uv": [0, 0, 16, 16], "texture": "#7"},
				"east": {"uv": [0, 0, 16, 16], "texture": "#7"},
				"south": {"uv": [0, 0, 16, 16], "texture": "#7"},
				"west": {"uv": [0, 0, 16, 16], "texture": "#7"},
				"up": {"uv": [0, 0, 16, 16], "texture": "#7"},
				"down": {"uv": [0, 0, 16, 16], "texture": "#7"}
			}
		},
		{
			"from": [7, 20.7, 8.5],
			"to": [8, 20.8, 8.6],
			"rotation": {"angle": 0, "axis": "y", "origin": [6.7, 20.2, 6.8]},
			"faces": {
				"north": {"uv": [7.11111, 7.55243, 12.92014, 10], "texture": "#0"},
				"east": {"uv": [7.11111, 7.55243, 12.92014, 10], "texture": "#0"},
				"south": {"uv": [7.11111, 7.55243, 12.92014, 10], "texture": "#0"},
				"west": {"uv": [7.11111, 7.55243, 12.92014, 10], "texture": "#0"},
				"up": {"uv": [7.11111, 7.55243, 12.92014, 10], "texture": "#0"},
				"down": {"uv": [7.11111, 7.55243, 12.92014, 10], "texture": "#0"}
			}
		},
		{
			"from": [7, 21.3, 8.5],
			"to": [8, 21.4, 8.6],
			"rotation": {"angle": 0, "axis": "y", "origin": [6.7, 20.8, 6.8]},
			"faces": {
				"north": {"uv": [13.88889, 8.55243, 5.14236, 11], "texture": "#0"},
				"east": {"uv": [13.88889, 8.55243, 5.14236, 11], "texture": "#0"},
				"south": {"uv": [13.88889, 8.55243, 5.14236, 11], "texture": "#0"},
				"west": {"uv": [13.88889, 8.55243, 5.14236, 11], "texture": "#0"},
				"up": {"uv": [13.88889, 8.55243, 5.14236, 11], "texture": "#0"},
				"down": {"uv": [13.88889, 8.55243, 5.14236, 11], "texture": "#0"}
			}
		},
		{
			"from": [7, 21.3, 7.4],
			"to": [8, 21.4, 7.5],
			"rotation": {"angle": 0, "axis": "y", "origin": [6.7, 20.8, 5.7]},
			"faces": {
				"north": {"uv": [5.11111, 6.55556, 10.92014, 9], "texture": "#0"},
				"east": {"uv": [5.11111, 6.55556, 10.92014, 9], "texture": "#0"},
				"south": {"uv": [5.11111, 6.55556, 10.92014, 9], "texture": "#0"},
				"west": {"uv": [5.11111, 6.55556, 10.92014, 9], "texture": "#0"},
				"up": {"uv": [5.11111, 6.55556, 10.92014, 9], "texture": "#0"},
				"down": {"uv": [5.11111, 6.55556, 10.92014, 9], "texture": "#0"}
			}
		},
		{
			"from": [7, 20.7, 7.4],
			"to": [8, 20.8, 7.5],
			"rotation": {"angle": 0, "axis": "y", "origin": [6.7, 20.2, 5.7]},
			"faces": {
				"north": {"uv": [6.11111, 6.55556, 12.92014, 9.00313], "texture": "#0"},
				"east": {"uv": [6.11111, 6.55556, 12.92014, 9.00313], "texture": "#0"},
				"south": {"uv": [6.11111, 6.55556, 12.92014, 9.00313], "texture": "#0"},
				"west": {"uv": [6.11111, 6.55556, 12.92014, 9.00313], "texture": "#0"},
				"up": {"uv": [6.11111, 6.55556, 12.92014, 9.00313], "texture": "#0"},
				"down": {"uv": [6.11111, 6.55556, 12.92014, 9.00313], "texture": "#0"}
			}
		},
		{
			"from": [7, 20.7, 8.5],
			"to": [7.1, 21.4, 8.6],
			"rotation": {"angle": 0, "axis": "y", "origin": [6.7, 20.2, 6.8]},
			"faces": {
				"north": {"uv": [9.66667, 4.44444, 12.44757, 12.79965], "texture": "#0"},
				"east": {"uv": [9.66667, 4.44444, 12.44757, 12.79965], "texture": "#0"},
				"south": {"uv": [9.66667, 4.44444, 12.44757, 12.79965], "texture": "#0"},
				"west": {"uv": [9.66667, 4.44444, 12.44757, 12.79965], "texture": "#0"},
				"up": {"uv": [9.66667, 4.44444, 12.44757, 12.79965], "texture": "#0"},
				"down": {"uv": [9.66667, 4.44444, 12.44757, 12.79965], "texture": "#0"}
			}
		},
		{
			"from": [7.9, 20.7, 8.5],
			"to": [8, 21.4, 8.6],
			"rotation": {"angle": 0, "axis": "y", "origin": [7.6, 20.2, 6.8]},
			"faces": {
				"north": {"uv": [11.55556, 4.44444, 13.33646, 9.79965], "texture": "#0"},
				"east": {"uv": [11.55556, 4.44444, 13.33646, 9.79965], "texture": "#0"},
				"south": {"uv": [11.55556, 4.44444, 13.33646, 9.79965], "texture": "#0"},
				"west": {"uv": [11.55556, 4.44444, 13.33646, 9.79965], "texture": "#0"},
				"up": {"uv": [11.55556, 4.44444, 13.33646, 9.79965], "texture": "#0"},
				"down": {"uv": [11.55556, 4.44444, 13.33646, 9.79965], "texture": "#0"}
			}
		},
		{
			"from": [7.9, 20.7, 7.4],
			"to": [8, 21.4, 7.5],
			"rotation": {"angle": 0, "axis": "y", "origin": [7.6, 20.2, 5.7]},
			"faces": {
				"north": {"uv": [5.66667, 7.44444, 13.44757, 9.79965], "texture": "#0"},
				"east": {"uv": [5.66667, 7.44444, 13.44757, 9.79965], "texture": "#0"},
				"south": {"uv": [5.66667, 7.44444, 13.44757, 9.79965], "texture": "#0"},
				"west": {"uv": [5.66667, 7.44444, 13.44757, 9.79965], "texture": "#0"},
				"up": {"uv": [5.66667, 7.44444, 13.44757, 9.79965], "texture": "#0"},
				"down": {"uv": [5.66667, 7.44444, 13.44757, 9.79965], "texture": "#0"}
			}
		},
		{
			"from": [7, 20.7, 7.4],
			"to": [7.1, 21.4, 7.5],
			"rotation": {"angle": 0, "axis": "y", "origin": [6.7, 20.2, 5.7]},
			"faces": {
				"north": {"uv": [10.55556, 6.44444, 12.33646, 11.79965], "texture": "#0"},
				"east": {"uv": [10.55556, 6.44444, 12.33646, 11.79965], "texture": "#0"},
				"south": {"uv": [10.55556, 6.44444, 12.33646, 11.79965], "texture": "#0"},
				"west": {"uv": [10.55556, 6.44444, 12.33646, 11.79965], "texture": "#0"},
				"up": {"uv": [10.55556, 6.44444, 12.33646, 11.79965], "texture": "#0"},
				"down": {"uv": [10.55556, 6.44444, 12.33646, 11.79965], "texture": "#0"}
			}
		},
		{
			"from": [7, 0.2, 7.5],
			"to": [8, 1.2, 8.5],
			"rotation": {"angle": 0, "axis": "y", "origin": [7.5, 0.2, 7.5]},
			"faces": {
				"north": {"uv": [0, 0, 16, 16], "rotation": 90, "texture": "#7"},
				"east": {"uv": [0, 0, 16, 16], "rotation": 90, "texture": "#7"},
				"south": {"uv": [0, 0, 16, 16], "rotation": 90, "texture": "#7"},
				"west": {"uv": [0, 0, 16, 16], "rotation": 90, "texture": "#7"},
				"up": {"uv": [0, 0, 16, 16], "rotation": 90, "texture": "#7"},
				"down": {"uv": [0, 0, 16, 16], "rotation": 90, "texture": "#7"}
			}
		},
		{
			"from": [7, 0, 7],
			"to": [8, 1, 8],
			"rotation": {"angle": 45, "axis": "x", "origin": [7.5, 0, 8]},
			"faces": {
				"north": {"uv": [0, 0, 16, 16], "texture": "#7"},
				"east": {"uv": [0, 0, 16, 16], "texture": "#7"},
				"south": {"uv": [0, 0, 16, 16], "texture": "#7"},
				"west": {"uv": [0, 0, 16, 16], "texture": "#7"},
				"up": {"uv": [0, 0, 16, 16], "texture": "#7"},
				"down": {"uv": [0, 0, 16, 16], "texture": "#7"}
			}
		},
		{
			"from": [7, 0.4, 7.7],
			"to": [8, 1.4, 8.7],
			"rotation": {"angle": 22.5, "axis": "x", "origin": [7.5, 1.4, 7.7]},
			"faces": {
				"north": {"uv": [0, 0, 16, 16], "texture": "#7"},
				"east": {"uv": [0, 0, 16, 16], "texture": "#7"},
				"south": {"uv": [0, 0, 16, 16], "texture": "#7"},
				"west": {"uv": [0, 0, 16, 16], "texture": "#7"},
				"up": {"uv": [0, 0, 16, 16], "texture": "#7"},
				"down": {"uv": [0, 0, 16, 16], "texture": "#7"}
			}
		},
		{
			"from": [7, 0.4, 7.3],
			"to": [8, 1.4, 8.3],
			"rotation": {"angle": -22.5, "axis": "x", "origin": [7.5, 1.4, 8.3]},
			"faces": {
				"north": {"uv": [0, 0, 16, 16], "texture": "#7"},
				"east": {"uv": [0, 0, 16, 16], "texture": "#7"},
				"south": {"uv": [0, 0, 16, 16], "texture": "#7"},
				"west": {"uv": [0, 0, 16, 16], "texture": "#7"},
				"up": {"uv": [0, 0, 16, 16], "texture": "#7"},
				"down": {"uv": [0, 0, 16, 16], "texture": "#7"}
			}
		}
	],
	"display": {
		"thirdperson_righthand": {
			"rotation": [0, -117, 0],
			"translation": [0, -0.5, 2],
			"scale": [1.53906, 1.47852, 1.31836]
		},
		"thirdperson_lefthand": {
			"rotation": [0, -48, 0],
			"translation": [-0.5, 0, 1.25],
			"scale": [1.5, 1.4, 1.3]
		},
		"firstperson_righthand": {
			"rotation": [3, -75, 0],
			"translation": [0, -5.5, 0]
		},
		"firstperson_lefthand": {
			"rotation": [3, -75, 0],
			"translation": [0, -5.5, -1.25]
		},
		"ground": {
			"translation": [0, 9, 0],
			"scale": [1.78, 1.53, 2.1]
		},
		"gui": {
			"rotation": [0, 0, -45],
			"translation": [-3.25, -3.75, 0.25],
			"scale": [1.02, 0.73, 0.95]
		},
		"head": {
			"rotation": [-5, -6, -19],
			"translation": [0, -19.25, 10.5],
			"scale": [1.75, 1.75, 1.6]
		},
		"fixed": {
			"rotation": [0, 0, 34],
			"translation": [3.75, -5.25, -1],
			"scale": [1.78, 1.78, 1.53]
		}
	},
	"groups": [
		{
			"name": "group",
			"origin": [8, 8, 8],
			"color": 0,
			"children": [
				{
					"name": "ส่วนหัว",
					"origin": [8, 8, 8],
					"color": 0,
					"children": [
						{
							"name": "group",
							"origin": [8, 8, 8],
							"color": 0,
							"children": [0, 1, 2, 3]
						},
						{
							"name": "group",
							"origin": [8, 8, 8],
							"color": 0,
							"children": [4, 5, 6, 7]
						},
						{
							"name": "group",
							"origin": [8, 8, 8],
							"color": 0,
							"children": [
								8,
								{
									"name": "group",
									"origin": [4.3, 22.3, 7.6],
									"color": 0,
									"children": [9, 10, 11]
								},
								{
									"name": "group",
									"origin": [4.3, 22.3, 7.6],
									"color": 0,
									"children": [12, 13, 14]
								}
							]
						},
						{
							"name": "group",
							"origin": [8, 8, 8],
							"color": 0,
							"children": [
								15,
								{
									"name": "group",
									"origin": [4.3, 22.3, 7.6],
									"color": 0,
									"children": [16, 17, 18]
								},
								{
									"name": "group",
									"origin": [4.3, 22.3, 7.6],
									"color": 0,
									"children": [19, 20, 21]
								}
							]
						},
						{
							"name": "group",
							"origin": [8, 8, 8],
							"color": 0,
							"children": [
								{
									"name": "group",
									"origin": [8, 8, 8],
									"color": 0,
									"children": [22, 23]
								},
								{
									"name": "group",
									"origin": [8, 8, 8],
									"color": 0,
									"children": [24, 25]
								}
							]
						},
						{
							"name": "group",
							"origin": [8, 8, 8],
							"color": 0,
							"children": [
								{
									"name": "group",
									"origin": [4.8, 19.2, 8.1],
									"color": 0,
									"children": [
										{
											"name": "group",
											"origin": [4.8, 19.2, 8.1],
											"color": 0,
											"children": [26, 27, 28, 29]
										},
										{
											"name": "group",
											"origin": [4.8, 19.2, 8.1],
											"color": 0,
											"children": [30, 31, 32]
										}
									]
								},
								{
									"name": "group",
									"origin": [4.8, 19.2, 8.1],
									"color": 0,
									"children": [
										{
											"name": "group",
											"origin": [4.8, 19.2, 8.1],
											"color": 0,
											"children": [33, 34, 35, 36]
										},
										{
											"name": "group",
											"origin": [4.8, 19.2, 8.1],
											"color": 0,
											"children": [37, 38, 39]
										}
									]
								},
								{
									"name": "group",
									"origin": [8, 8, 8],
									"color": 0,
									"children": [40, 41, 42, 43, 44, 45, 46, 47, 48, 49, 50, 51]
								},
								{
									"name": "group",
									"origin": [8, 8, 8],
									"color": 0,
									"children": [52, 53, 54, 55, 56, 57, 58, 59, 60, 61, 62, 63]
								}
							]
						}
					]
				},
				{
					"name": "ตรงกลางบน",
					"origin": [8, 8, 8],
					"color": 0,
					"children": [64, 65, 66, 67]
				},
				{
					"name": "ด้ามจับ",
					"origin": [8, 8, 8],
					"color": 0,
					"children": [
						{
							"name": "group",
							"origin": [8, 8, 8],
							"color": 0,
							"children": [
								{
									"name": "group",
									"origin": [8, 8, 8],
									"color": 0,
									"children": [68, 69]
								},
								{
									"name": "group",
									"origin": [8, 8, 8],
									"color": 0,
									"children": [70, 71]
								},
								{
									"name": "group",
									"origin": [8, 8, 8],
									"color": 0,
									"children": [72, 73]
								},
								{
									"name": "group",
									"origin": [8, 8, 8],
									"color": 0,
									"children": [74, 75]
								},
								{
									"name": "group",
									"origin": [8, 8, 8],
									"color": 0,
									"children": [76, 77]
								},
								{
									"name": "group",
									"origin": [8, 8, 8],
									"color": 0,
									"children": [78, 79]
								},
								{
									"name": "group",
									"origin": [8, 8, 8],
									"color": 0,
									"children": [80, 81]
								},
								{
									"name": "group",
									"origin": [8, 8, 8],
									"color": 0,
									"children": [82, 83]
								},
								{
									"name": "group",
									"origin": [7, 1.3, 7.8],
									"color": 0,
									"children": [84, 85]
								},
								{
									"name": "group",
									"origin": [7.3, 1.3, 7.5],
									"color": 0,
									"children": [86, 87]
								}
							]
						},
						{
							"name": "group",
							"origin": [8, 8, 8],
							"color": 0,
							"children": [88, 89, 90, 91, 92, 93, 94, 95, 96, 97, 98]
						}
					]
				},
				{
					"name": "ฐานล่าง",
					"origin": [8, 8, 8],
					"color": 0,
					"children": [99, 100, 101, 102]
				}
			]
		}
	]
}