{
	"credit": "Made by Raycifer",
	"textures": {
		"0": "./vortex_vanquisher"
	},
	"elements": [
		{
			"from": [7.07834, 19.35355, 8],
			"to": [9.07834, 25.35355, 8.001],
			"rotation": {"angle": 0, "axis": "y", "origin": [7.07834, 19.35355, 8]},
			"faces": {
				"north": {"uv": [0.5, 0, 2.5, 6], "texture": "#0"},
				"east": {"uv": [0, 0, 0, 6], "texture": "#0"},
				"south": {"uv": [2.5, 0, 0.5, 6], "texture": "#0"},
				"west": {"uv": [0, 0, 0, 6], "texture": "#0"},
				"up": {"uv": [0, 0, 2, 0], "texture": "#0"},
				"down": {"uv": [0, 0, 2, 0], "texture": "#0"}
			}
		},
		{
			"from": [6.57834, 24.85355, 7.75],
			"to": [8.57834, 26.85355, 8.25],
			"rotation": {"angle": 45, "axis": "z", "origin": [8.07834, 26.35355, 8]},
			"faces": {
				"north": {"uv": [2.5, 0, 4.5, 2], "texture": "#0"},
				"east": {"uv": [2.5, 0, 3, 2], "texture": "#0"},
				"south": {"uv": [2.5, 0, 4.5, 2], "rotation": 90, "texture": "#0"},
				"west": {"uv": [4, 0, 4.5, 2], "texture": "#0"},
				"up": {"uv": [4.5, 0, 2.5, 0.5], "texture": "#0"},
				"down": {"uv": [4.5, 1.5, 2.5, 2], "texture": "#0"}
			}
		},
		{
			"from": [7.42834, 18.10355, 7.75],
			"to": [8.92834, 19.60355, 8.25],
			"rotation": {"angle": -45, "axis": "z", "origin": [8.07834, 18.95355, 8]},
			"faces": {
				"north": {"uv": [5.5, 0, 7, 1.5], "rotation": 90, "texture": "#0"},
				"east": {"uv": [5.5, 0, 6, 1.5], "texture": "#0"},
				"south": {"uv": [5.5, 0, 7, 1.5], "texture": "#0"},
				"west": {"uv": [5.5, 0, 6, 1.5], "texture": "#0"},
				"up": {"uv": [5.5, 0, 7, 0.5], "texture": "#0"},
				"down": {"uv": [5.5, 0, 7, 0.5], "texture": "#0"}
			}
		},
		{
			"from": [6.17834, 19.25355, 7.75],
			"to": [7.17834, 20.25355, 8.25],
			"rotation": {"angle": -45, "axis": "z", "origin": [6.57834, 19.20355, 8]},
			"faces": {
				"north": {"uv": [9, 3, 8, 2], "rotation": 270, "texture": "#0"},
				"east": {"uv": [0, 0, 0, 0], "texture": "#0"},
				"south": {"uv": [8, 3, 9, 2], "rotation": 90, "texture": "#0"},
				"west": {"uv": [8, 2.5, 9, 2], "rotation": 90, "texture": "#0"},
				"up": {"uv": [8, 3, 8.5, 2], "rotation": 90, "texture": "#0"},
				"down": {"uv": [8.5, 3, 9, 2], "rotation": 90, "texture": "#0"}
			}
		},
		{
			"from": [8.97834, 19.25355, 7.75],
			"to": [9.97834, 20.25355, 8.25],
			"rotation": {"angle": 45, "axis": "z", "origin": [9.57834, 19.20355, 8]},
			"faces": {
				"north": {"uv": [9, 2, 8, 3], "rotation": 270, "texture": "#0"},
				"east": {"uv": [8, 2, 9, 2.5], "rotation": 90, "texture": "#0"},
				"south": {"uv": [8, 2, 9, 3], "rotation": 90, "texture": "#0"},
				"west": {"uv": [0, 0, 0, 0], "texture": "#0"},
				"up": {"uv": [8, 2, 8.5, 3], "rotation": 90, "texture": "#0"},
				"down": {"uv": [8.5, 2, 9, 3], "rotation": 90, "texture": "#0"}
			}
		},
		{
			"from": [4.57834, 16.80355, 8],
			"to": [6.57834, 18.80355, 8.001],
			"rotation": {"angle": 45, "axis": "z", "origin": [6.07834, 19.10355, 8]},
			"faces": {
				"north": {"uv": [7, 0, 9, 2], "texture": "#0"},
				"east": {"uv": [0, 0, 0, 1.5], "texture": "#0"},
				"south": {"uv": [7, 0, 9, 2], "rotation": 270, "texture": "#0"},
				"west": {"uv": [0, 0, 0, 1.5], "texture": "#0"},
				"up": {"uv": [0, 0, 1.5, 0], "texture": "#0"},
				"down": {"uv": [0, 0, 1.5, 0], "texture": "#0"}
			}
		},
		{
			"from": [9.57834, 16.80355, 8],
			"to": [11.57834, 18.80355, 8.001],
			"rotation": {"angle": -45, "axis": "z", "origin": [10.07834, 19.10355, 8]},
			"faces": {
				"north": {"uv": [9, 0, 7, 2], "texture": "#0"},
				"east": {"uv": [0, 0, 0, 1.5], "texture": "#0"},
				"south": {"uv": [7, 2, 9, 0], "rotation": 270, "texture": "#0"},
				"west": {"uv": [0, 0, 0, 1.5], "texture": "#0"},
				"up": {"uv": [1.5, 0, 0, 0], "texture": "#0"},
				"down": {"uv": [1.5, 0, 0, 0], "texture": "#0"}
			}
		},
		{
			"from": [7.32834, 13.85355, 7.25],
			"to": [9.32834, 15.85355, 8.75],
			"rotation": {"angle": 45, "axis": "z", "origin": [8.07834, 14.60355, 8]},
			"faces": {
				"north": {"uv": [12.5, 12, 14.5, 14], "texture": "#0"},
				"east": {"uv": [13, 10, 14.5, 12], "texture": "#0"},
				"south": {"uv": [14.5, 12, 12.5, 14], "texture": "#0"},
				"west": {"uv": [10, 10, 11.5, 12], "texture": "#0"},
				"up": {"uv": [11.5, 10, 13, 12], "rotation": 90, "texture": "#0"},
				"down": {"uv": [8.5, 10, 10, 12], "rotation": 90, "texture": "#0"}
			}
		},
		{
			"from": [6.82834, 15.35355, 7.25],
			"to": [7.32834, 16.35355, 8.75],
			"rotation": {"angle": 45, "axis": "z", "origin": [8.07834, 14.60355, 8]},
			"faces": {
				"north": {"uv": [12, 12, 12.5, 13], "texture": "#0"},
				"east": {"uv": [0, 0, 0, 0], "texture": "#0"},
				"south": {"uv": [12, 12, 12.5, 13], "texture": "#0"},
				"west": {"uv": [12, 12, 12.5, 13], "texture": "#0"},
				"up": {"uv": [12, 12, 12.5, 12.5], "texture": "#0"},
				"down": {"uv": [12, 12.5, 12.5, 13], "texture": "#0"}
			}
		},
		{
			"from": [6.82834, 13.35355, 7.25],
			"to": [7.32834, 14.35355, 8.75],
			"rotation": {"angle": 45, "axis": "z", "origin": [8.07834, 14.60355, 8]},
			"faces": {
				"north": {"uv": [12, 13, 12.5, 14], "texture": "#0"},
				"east": {"uv": [0, 0, 0, 0], "texture": "#0"},
				"south": {"uv": [12, 13, 12.5, 14], "texture": "#0"},
				"west": {"uv": [12, 13, 12.5, 14], "texture": "#0"},
				"up": {"uv": [12, 13, 12.5, 13.5], "texture": "#0"},
				"down": {"uv": [12, 13.5, 12.5, 14], "texture": "#0"}
			}
		},
		{
			"from": [7.32834, 13.35355, 7.25],
			"to": [7.82834, 13.85355, 8.75],
			"rotation": {"angle": 45, "axis": "z", "origin": [8.07834, 14.60355, 8]},
			"faces": {
				"north": {"uv": [11.5, 13.5, 12, 14], "texture": "#0"},
				"east": {"uv": [11.5, 13.5, 12, 14], "texture": "#0"},
				"south": {"uv": [11.5, 13.5, 12, 14], "texture": "#0"},
				"west": {"uv": [0, 0, 0, 0], "texture": "#0"},
				"up": {"uv": [0, 0, 0, 0], "texture": "#0"},
				"down": {"uv": [11.5, 13.5, 12, 14], "texture": "#0"}
			}
		},
		{
			"from": [7.32834, 15.85355, 7.25],
			"to": [7.82834, 16.35355, 8.75],
			"rotation": {"angle": 45, "axis": "z", "origin": [8.07834, 14.60355, 8]},
			"faces": {
				"north": {"uv": [11.5, 12, 12, 12.5], "texture": "#0"},
				"east": {"uv": [11.5, 12, 12, 12.5], "texture": "#0"},
				"south": {"uv": [11.5, 12, 12, 12.5], "texture": "#0"},
				"west": {"uv": [0, 0, 0, 0], "texture": "#0"},
				"up": {"uv": [11.5, 12, 12, 12.5], "texture": "#0"},
				"down": {"uv": [7, 1.5, 7, 1.5], "texture": "#0"}
			}
		},
		{
			"from": [7.82834, 17.35355, 7.5],
			"to": [8.32834, 17.85355, 8.5],
			"rotation": {"angle": 0, "axis": "y", "origin": [8.57834, 5.60355, 7.5]},
			"faces": {
				"north": {"uv": [15, 2, 15.5, 2.5], "texture": "#0"},
				"east": {"uv": [15, 2, 15.5, 2.5], "texture": "#0"},
				"south": {"uv": [15, 2, 15.5, 2.5], "texture": "#0"},
				"west": {"uv": [15, 2, 15.5, 2.5], "texture": "#0"},
				"up": {"uv": [15, 2, 15.5, 2.5], "texture": "#0"},
				"down": {"uv": [0, 0, 0, 0], "texture": "#0"}
			}
		},
		{
			"from": [7.32834, 1.35355, 7.5],
			"to": [8.82834, 17.35355, 8.5],
			"rotation": {"angle": 0, "axis": "y", "origin": [7.32834, 4.35355, 7.5]},
			"faces": {
				"north": {"uv": [16, 0, 14.5, 16], "texture": "#0"},
				"east": {"uv": [15.5, 0, 16, 16], "texture": "#0"},
				"south": {"uv": [14.5, 0, 16, 16], "texture": "#0"},
				"west": {"uv": [14.5, 0, 15, 16], "texture": "#0"},
				"up": {"uv": [14.5, 0, 16, 0.5], "texture": "#0"},
				"down": {"uv": [0, 0, 0, 0], "texture": "#0"}
			}
		},
		{
			"from": [7.32834, -4.64645, 7.5],
			"to": [8.82834, 1.35355, 8.5],
			"rotation": {"angle": 0, "axis": "y", "origin": [7.32834, 4.35355, 7.5]},
			"faces": {
				"north": {"uv": [14.5, 0, 13, 6], "texture": "#0"},
				"east": {"uv": [10.5, 0, 11.5, 6], "texture": "#0"},
				"south": {"uv": [11.5, 0, 13, 6], "texture": "#0"},
				"west": {"uv": [10.5, 0, 9.5, 6], "texture": "#0"},
				"up": {"uv": [0, 0, 0, 0], "texture": "#0"},
				"down": {"uv": [13, 5.5, 14.5, 6], "texture": "#0"}
			}
		},
		{
			"from": [9.07834, -4.89645, 8.5],
			"to": [10.57834, -3.39645, 9],
			"rotation": {"angle": 45, "axis": "z", "origin": [8.07834, -5.89645, 8.5]},
			"faces": {
				"north": {"uv": [2.5, 2, 4, 3.5], "rotation": 270, "texture": "#0"},
				"east": {"uv": [4, 2, 4.5, 3.5], "texture": "#0"},
				"south": {"uv": [2.5, 2, 4, 3.5], "texture": "#0"},
				"west": {"uv": [4, 3.5, 2.5, 4], "rotation": 90, "texture": "#0"},
				"up": {"uv": [4, 2, 4.5, 3.5], "rotation": 90, "texture": "#0"},
				"down": {"uv": [2.5, 3.5, 4, 4], "texture": "#0"}
			}
		},
		{
			"from": [9.07834, -4.89645, 7],
			"to": [10.57834, -3.39645, 7.5],
			"rotation": {"angle": 45, "axis": "z", "origin": [8.07834, -5.89645, 8.5]},
			"faces": {
				"north": {"uv": [2.5, 2, 4, 3.5], "rotation": 270, "texture": "#0"},
				"east": {"uv": [4, 2, 4.5, 3.5], "texture": "#0"},
				"south": {"uv": [2.5, 2, 4, 3.5], "texture": "#0"},
				"west": {"uv": [4, 3.5, 2.5, 4], "rotation": 90, "texture": "#0"},
				"up": {"uv": [4, 2, 4.5, 3.5], "rotation": 90, "texture": "#0"},
				"down": {"uv": [2.5, 3.5, 4, 4], "texture": "#0"}
			}
		},
		{
			"from": [6.82834, -7.64645, 8],
			"to": [8.32834, -4.64645, 8.001],
			"rotation": {"angle": 0, "axis": "y", "origin": [8.32834, 8.35355, 8]},
			"faces": {
				"north": {"uv": [9, 3, 7.5, 6], "texture": "#0"},
				"east": {"uv": [1, 0, 1, 3], "texture": "#0"},
				"south": {"uv": [7.5, 3, 9, 6], "texture": "#0"},
				"west": {"uv": [1, 0, 1, 3], "texture": "#0"},
				"up": {"uv": [1, 0, 2.5, 0], "texture": "#0"},
				"down": {"uv": [1, 0, 2.5, 0], "texture": "#0"}
			}
		}
	],
	"display": {
		"thirdperson_righthand": {
			"rotation": [0, 90, 0],
			"translation": [0, -6.5, 0],
			"scale": [2, 2, 2]
		},
		"thirdperson_lefthand": {
			"rotation": [0, 90, 0],
			"translation": [0, -6.5, 0],
			"scale": [2, 2, 2]
		},
		"firstperson_righthand": {
			"rotation": [10, 90, 0],
			"translation": [7, -5, -5],
			"scale": [1.4, 1.4, 1.4]
		},
		"firstperson_lefthand": {
			"rotation": [10, -90, 0],
			"translation": [7, -5, -5],
			"scale": [1.4, 1.4, 1.4]
		},
		"ground": {
			"rotation": [45, 45, 0],
			"translation": [0, 4, 0],
			"scale": [0.8, 0.8, 0.8]
		},
		"gui": {
			"rotation": [-20, 160, 30],
			"translation": [1, 1, 0],
			"scale": [0.8, 0.8, 0.8]
		}
	},
	"groups": [
		{
			"name": "blade",
			"origin": [8, 8, 8],
			"color": 0,
			"children": [
				0,
				1,
				2,
				3,
				4,
				5,
				6,
				{
					"name": "group",
					"origin": [8, 14.47855, 8],
					"color": 0,
					"children": [7, 8, 9, 10, 11, 12]
				}
			]
		},
		{
			"name": "group",
			"origin": [0, 0, 0],
			"color": 0,
			"children": [13, 14]
		},
		15,
		16,
		17
	]
}