{
	"credit": "Made by Raycifer",
	"textures": {
		"0": "./skyward_spine"
	},
	"elements": [
		{
			"from": [7.25, 17.25, 7.5],
			"to": [7.75, 19.75, 8.5],
			"rotation": {"angle": 0, "axis": "y", "origin": [8.75, 1.75, 7.5]},
			"faces": {
				"north": {"uv": [3.5, 0.5, 4, 3], "texture": "#0"},
				"east": {"uv": [3.5, 0.5, 4, 3], "texture": "#0"},
				"south": {"uv": [3.5, 0.5, 4, 3], "texture": "#0"},
				"west": {"uv": [3.5, 0.5, 4, 3], "texture": "#0"},
				"up": {"uv": [0, 0, 0, 0], "rotation": 180, "texture": "#0"},
				"down": {"uv": [0, 0, 0, 0], "rotation": 180, "texture": "#0"}
			}
		},
		{
			"from": [8.25, 17.25, 7.5],
			"to": [8.75, 19.75, 8.5],
			"rotation": {"angle": 0, "axis": "y", "origin": [8.75, 1.75, 7.5]},
			"faces": {
				"north": {"uv": [4.5, 0.5, 5, 3], "texture": "#0"},
				"east": {"uv": [4.5, 0.5, 5, 3], "texture": "#0"},
				"south": {"uv": [4.5, 0.5, 5, 3], "texture": "#0"},
				"west": {"uv": [4.5, 0.5, 5, 3], "texture": "#0"},
				"up": {"uv": [0, 0, 0, 0], "rotation": 180, "texture": "#0"},
				"down": {"uv": [0, 0, 0, 0], "rotation": 180, "texture": "#0"}
			}
		},
		{
			"from": [7.75, 18.75, 7.5],
			"to": [8.25, 19.75, 8.5],
			"rotation": {"angle": 0, "axis": "y", "origin": [8.75, 1.75, 7.5]},
			"faces": {
				"north": {"uv": [4, 0.5, 4.5, 1.5], "texture": "#0"},
				"east": {"uv": [0, 0, 0, 0], "rotation": 180, "texture": "#0"},
				"south": {"uv": [4, 0.5, 4.5, 1.5], "texture": "#0"},
				"west": {"uv": [0, 0, 0, 0], "rotation": 180, "texture": "#0"},
				"up": {"uv": [0, 0, 0, 0], "rotation": 180, "texture": "#0"},
				"down": {"uv": [4, 1, 4.5, 1.5], "texture": "#0"}
			}
		},
		{
			"from": [6.75, 17.75, 7.5],
			"to": [7.25, 19.25, 8.5],
			"rotation": {"angle": 0, "axis": "y", "origin": [8.75, 1.75, 7.5]},
			"faces": {
				"north": {"uv": [5, 1, 5.5, 2.5], "texture": "#0"},
				"east": {"uv": [0, 0, 0, 0], "rotation": 180, "texture": "#0"},
				"south": {"uv": [5, 1, 5.5, 2.5], "texture": "#0"},
				"west": {"uv": [5, 1, 5.5, 2.5], "texture": "#0"},
				"up": {"uv": [5, 1, 5.5, 1.5], "texture": "#0"},
				"down": {"uv": [5, 2, 5.5, 2.5], "texture": "#0"}
			}
		},
		{
			"from": [8.75, 17.75, 7.5],
			"to": [9.25, 19.25, 8.5],
			"rotation": {"angle": 0, "axis": "y", "origin": [8.75, 1.75, 7.5]},
			"faces": {
				"north": {"uv": [3, 1, 3.5, 2.5], "texture": "#0"},
				"east": {"uv": [3, 1, 3.5, 2.5], "texture": "#0"},
				"south": {"uv": [3, 1, 3.5, 2.5], "texture": "#0"},
				"west": {"uv": [0, 0, 0, 0], "rotation": 180, "texture": "#0"},
				"up": {"uv": [3, 1, 3.5, 1.5], "texture": "#0"},
				"down": {"uv": [3, 2, 3.5, 2.5], "texture": "#0"}
			}
		},
		{
			"from": [6.25, 16.25, 7.5],
			"to": [9.75, 16.75, 8.5],
			"rotation": {"angle": 0, "axis": "y", "origin": [9.75, 1.75, 11.5]},
			"faces": {
				"north": {"uv": [2.5, 3.5, 6, 3], "texture": "#0"},
				"east": {"uv": [3, 3.5, 2.5, 3], "texture": "#0"},
				"south": {"uv": [6, 3.5, 2.5, 3], "texture": "#0"},
				"west": {"uv": [6, 3.5, 5.5, 3], "texture": "#0"},
				"up": {"uv": [6, 3.5, 2.5, 3], "texture": "#0"},
				"down": {"uv": [6, 3.5, 2.5, 3], "texture": "#0"}
			}
		},
		{
			"from": [9.25, 16.75, 7.5],
			"to": [10.25, 17.25, 8.5],
			"rotation": {"angle": 0, "axis": "y", "origin": [9.75, 1.75, 7.5]},
			"faces": {
				"north": {"uv": [2, 3, 3, 2.5], "texture": "#0"},
				"east": {"uv": [2, 3, 3, 2.5], "texture": "#0"},
				"south": {"uv": [2, 3, 3, 2.5], "texture": "#0"},
				"west": {"uv": [2, 3, 3, 2.5], "texture": "#0"},
				"up": {"uv": [2, 3, 3, 2.5], "texture": "#0"},
				"down": {"uv": [2, 3, 3, 2.5], "texture": "#0"}
			}
		},
		{
			"from": [5.75, 16.75, 7.5],
			"to": [6.75, 17.25, 8.5],
			"rotation": {"angle": 0, "axis": "y", "origin": [9.75, 1.75, 7.5]},
			"faces": {
				"north": {"uv": [5.5, 3, 6.5, 2.5], "texture": "#0"},
				"east": {"uv": [5.5, 3, 6.5, 2.5], "texture": "#0"},
				"south": {"uv": [5.5, 3, 6.5, 2.5], "texture": "#0"},
				"west": {"uv": [5.5, 3, 6.5, 2.5], "texture": "#0"},
				"up": {"uv": [5.5, 3, 6.5, 2.5], "texture": "#0"},
				"down": {"uv": [5.5, 3, 6.5, 2.5], "texture": "#0"}
			}
		},
		{
			"from": [9.75, 17.25, 7.5],
			"to": [10.25, 19.75, 8.5],
			"rotation": {"angle": 0, "axis": "y", "origin": [9.75, 1.75, 7.5]},
			"faces": {
				"north": {"uv": [2, 0, 2.5, 2.5], "texture": "#0"},
				"east": {"uv": [2, 0, 2.5, 2.5], "texture": "#0"},
				"south": {"uv": [2, 0, 2.5, 2.5], "texture": "#0"},
				"west": {"uv": [2, 0, 2.5, 2.5], "texture": "#0"},
				"up": {"uv": [2, 0, 2.5, 0.5], "texture": "#0"},
				"down": {"uv": [0, 0, 0, 0], "texture": "#0"}
			}
		},
		{
			"from": [5.75, 17.25, 7.5],
			"to": [6.25, 19.75, 8.5],
			"rotation": {"angle": 0, "axis": "y", "origin": [9.75, 1.75, 7.5]},
			"faces": {
				"north": {"uv": [6, 0, 6.5, 2.5], "texture": "#0"},
				"east": {"uv": [6, 0, 6.5, 2.5], "texture": "#0"},
				"south": {"uv": [6, 0, 6.5, 2.5], "texture": "#0"},
				"west": {"uv": [6, 0, 6.5, 2.5], "texture": "#0"},
				"up": {"uv": [6, 0, 6.5, 0.5], "texture": "#0"},
				"down": {"uv": [0, 0, 0, 0], "texture": "#0"}
			}
		},
		{
			"from": [7.75, 22.75, 7.5],
			"to": [8.25, 24.75, 8.5],
			"rotation": {"angle": 0, "axis": "y", "origin": [8.75, 6.75, 7.5]},
			"faces": {
				"north": {"uv": [1.5, 3, 1, 5], "texture": "#0"},
				"east": {"uv": [1.5, 3, 1, 5], "texture": "#0"},
				"south": {"uv": [1.5, 3, 1, 5], "texture": "#0"},
				"west": {"uv": [1.5, 3, 1, 5], "texture": "#0"},
				"up": {"uv": [1.5, 3, 1, 3.5], "texture": "#0"},
				"down": {"uv": [0, 0, 0, 0], "texture": "#0"}
			}
		},
		{
			"from": [8.75, 20.25, 7.5],
			"to": [9.25, 21.25, 8.5],
			"rotation": {"angle": 0, "axis": "y", "origin": [8.75, 6.75, 7.5]},
			"faces": {
				"north": {"uv": [0.5, 6.5, 0, 7.5], "texture": "#0"},
				"east": {"uv": [0.5, 6.5, 0, 7.5], "texture": "#0"},
				"south": {"uv": [0.5, 6.5, 0, 7.5], "texture": "#0"},
				"west": {"uv": [0.5, 6.5, 0, 7.5], "texture": "#0"},
				"up": {"uv": [0.5, 6.5, 0, 7], "texture": "#0"},
				"down": {"uv": [0.5, 7, 0, 7.5], "texture": "#0"}
			}
		},
		{
			"from": [6.75, 20.25, 7.5],
			"to": [7.25, 21.25, 8.5],
			"rotation": {"angle": 0, "axis": "y", "origin": [8.75, 6.75, 7.5]},
			"faces": {
				"north": {"uv": [2.5, 6.5, 2, 7.5], "texture": "#0"},
				"east": {"uv": [2.5, 6.5, 2, 7.5], "texture": "#0"},
				"south": {"uv": [2.5, 6.5, 2, 7.5], "texture": "#0"},
				"west": {"uv": [2.5, 6.5, 2, 7.5], "texture": "#0"},
				"up": {"uv": [2.5, 6.5, 2, 7], "texture": "#0"},
				"down": {"uv": [2.5, 7, 2, 7.5], "texture": "#0"}
			}
		},
		{
			"from": [7.25, 19.75, 7.5],
			"to": [8.75, 22.75, 8.5],
			"rotation": {"angle": 0, "axis": "y", "origin": [8.75, 6.75, 3.5]},
			"faces": {
				"north": {"uv": [0.5, 5, 2, 8], "texture": "#0"},
				"east": {"uv": [0.5, 5, 1, 8], "texture": "#0"},
				"south": {"uv": [2, 5, 0.5, 8], "texture": "#0"},
				"west": {"uv": [1.5, 5, 2, 8], "texture": "#0"},
				"up": {"uv": [0.5, 5, 2, 5.5], "rotation": 180, "texture": "#0"},
				"down": {"uv": [0.5, 7.5, 2, 8], "texture": "#0"}
			}
		},
		{
			"from": [10, 19.25, 7.75],
			"to": [12, 19.75, 8.25],
			"rotation": {"angle": 22.5, "axis": "z", "origin": [11.125, 19.75, 8]},
			"faces": {
				"north": {"uv": [8.5, 0.5, 6.5, 1], "texture": "#0"},
				"east": {"uv": [8.5, 0.5, 8, 1], "texture": "#0"},
				"south": {"uv": [6.5, 0.5, 8.5, 1], "texture": "#0"},
				"west": {"uv": [0, 0, 0, 0], "texture": "#0"},
				"up": {"uv": [6.5, 0.5, 8.5, 1], "texture": "#0"},
				"down": {"uv": [6.5, 0.5, 8.5, 1], "texture": "#0"}
			}
		},
		{
			"from": [10, 19.75, 7.75],
			"to": [12.5, 20.25, 8.25],
			"rotation": {"angle": 22.5, "axis": "z", "origin": [11.125, 19.75, 8]},
			"faces": {
				"north": {"uv": [9, 0, 6.5, 0.5], "texture": "#0"},
				"east": {"uv": [9, 0, 8.5, 0.5], "texture": "#0"},
				"south": {"uv": [6.5, 0, 9, 0.5], "texture": "#0"},
				"west": {"uv": [0, 0, 0, 0], "texture": "#0"},
				"up": {"uv": [6.5, 0, 9, 0.5], "texture": "#0"},
				"down": {"uv": [6.5, 0, 9, 0.5], "texture": "#0"}
			}
		},
		{
			"from": [10.25, 17.75, 7.75],
			"to": [11.75, 18.25, 8.25],
			"rotation": {"angle": 0, "axis": "y", "origin": [11.125, 19.75, 8]},
			"faces": {
				"north": {"uv": [8, 1.5, 6.5, 2], "texture": "#0"},
				"east": {"uv": [7.5, 1.5, 8, 2], "texture": "#0"},
				"south": {"uv": [6.5, 1.5, 8, 2], "texture": "#0"},
				"west": {"uv": [0, 0, 0, 0], "texture": "#0"},
				"up": {"uv": [6.5, 1.5, 8, 2], "texture": "#0"},
				"down": {"uv": [6.5, 1.5, 8, 2], "texture": "#0"}
			}
		},
		{
			"from": [10.25, 18.25, 7.75],
			"to": [12.25, 18.75, 8.25],
			"rotation": {"angle": 0, "axis": "y", "origin": [11.125, 19.75, 8]},
			"faces": {
				"north": {"uv": [8.5, 1, 6.5, 1.5], "texture": "#0"},
				"east": {"uv": [8, 1, 8.5, 1.5], "texture": "#0"},
				"south": {"uv": [6.5, 1, 8.5, 1.5], "texture": "#0"},
				"west": {"uv": [0, 0, 0, 0], "texture": "#0"},
				"up": {"uv": [6.5, 1, 8.5, 1.5], "texture": "#0"},
				"down": {"uv": [6.5, 1, 8.5, 1.5], "texture": "#0"}
			}
		},
		{
			"from": [10.25, 16.25, 7.75],
			"to": [11.25, 16.75, 8.25],
			"rotation": {"angle": -22.5, "axis": "z", "origin": [11.125, 17.25, 8]},
			"faces": {
				"north": {"uv": [7.5, 2.5, 6.5, 3], "texture": "#0"},
				"east": {"uv": [7.5, 2.5, 7, 3], "texture": "#0"},
				"south": {"uv": [6.5, 2.5, 7.5, 3], "texture": "#0"},
				"west": {"uv": [0, 0, 0, 0], "texture": "#0"},
				"up": {"uv": [6.5, 2.5, 7.5, 3], "texture": "#0"},
				"down": {"uv": [6.5, 2.5, 7.5, 3], "texture": "#0"}
			}
		},
		{
			"from": [10.25, 16.75, 7.75],
			"to": [11.75, 17.25, 8.25],
			"rotation": {"angle": -22.5, "axis": "z", "origin": [11.125, 17.25, 8]},
			"faces": {
				"north": {"uv": [8, 2, 6.5, 2.5], "texture": "#0"},
				"east": {"uv": [8, 2, 7.5, 2.5], "texture": "#0"},
				"south": {"uv": [6.5, 2, 8, 2.5], "texture": "#0"},
				"west": {"uv": [0, 0, 0, 0], "texture": "#0"},
				"up": {"uv": [6.5, 2, 8, 2.5], "texture": "#0"},
				"down": {"uv": [6.5, 2, 8, 2.5], "texture": "#0"}
			}
		},
		{
			"from": [4, 19.25, 7.75],
			"to": [6, 19.75, 8.25],
			"rotation": {"angle": -22.5, "axis": "z", "origin": [4.875, 19.75, 8]},
			"faces": {
				"north": {"uv": [6.5, 0.5, 8.5, 1], "texture": "#0"},
				"east": {"uv": [0, 0, 0, 0], "texture": "#0"},
				"south": {"uv": [8.5, 0.5, 6.5, 1], "texture": "#0"},
				"west": {"uv": [8, 0.5, 8.5, 1], "texture": "#0"},
				"up": {"uv": [8.5, 0.5, 6.5, 1], "texture": "#0"},
				"down": {"uv": [8.5, 0.5, 6.5, 1], "texture": "#0"}
			}
		},
		{
			"from": [3.5, 19.75, 7.75],
			"to": [6, 20.25, 8.25],
			"rotation": {"angle": -22.5, "axis": "z", "origin": [4.875, 19.75, 8]},
			"faces": {
				"north": {"uv": [6.5, 0, 9, 0.5], "texture": "#0"},
				"east": {"uv": [0, 0, 0, 0], "texture": "#0"},
				"south": {"uv": [9, 0, 6.5, 0.5], "texture": "#0"},
				"west": {"uv": [8.5, 0, 9, 0.5], "texture": "#0"},
				"up": {"uv": [9, 0, 6.5, 0.5], "texture": "#0"},
				"down": {"uv": [9, 0, 6.5, 0.5], "texture": "#0"}
			}
		},
		{
			"from": [4.25, 17.75, 7.75],
			"to": [5.75, 18.25, 8.25],
			"rotation": {"angle": 0, "axis": "y", "origin": [4.875, 19.75, 8]},
			"faces": {
				"north": {"uv": [6.5, 1.5, 8, 2], "texture": "#0"},
				"east": {"uv": [0, 0, 0, 0], "texture": "#0"},
				"south": {"uv": [8, 1.5, 6.5, 2], "texture": "#0"},
				"west": {"uv": [8, 1.5, 7.5, 2], "texture": "#0"},
				"up": {"uv": [8, 1.5, 6.5, 2], "texture": "#0"},
				"down": {"uv": [8, 1.5, 6.5, 2], "texture": "#0"}
			}
		},
		{
			"from": [3.75, 18.25, 7.75],
			"to": [5.75, 18.75, 8.25],
			"rotation": {"angle": 0, "axis": "y", "origin": [4.875, 19.75, 8]},
			"faces": {
				"north": {"uv": [6.5, 1, 8.5, 1.5], "texture": "#0"},
				"east": {"uv": [0, 0, 0, 0], "texture": "#0"},
				"south": {"uv": [8.5, 1, 6.5, 1.5], "texture": "#0"},
				"west": {"uv": [8.5, 1, 8, 1.5], "texture": "#0"},
				"up": {"uv": [8.5, 1, 6.5, 1.5], "texture": "#0"},
				"down": {"uv": [8.5, 1, 6.5, 1.5], "texture": "#0"}
			}
		},
		{
			"from": [4.75, 16.25, 7.75],
			"to": [5.75, 16.75, 8.25],
			"rotation": {"angle": 22.5, "axis": "z", "origin": [4.875, 17.25, 8]},
			"faces": {
				"north": {"uv": [6.5, 2.5, 7.5, 3], "texture": "#0"},
				"east": {"uv": [0, 0, 0, 0], "texture": "#0"},
				"south": {"uv": [7.5, 2.5, 6.5, 3], "texture": "#0"},
				"west": {"uv": [7, 2.5, 7.5, 3], "texture": "#0"},
				"up": {"uv": [7.5, 2.5, 6.5, 3], "texture": "#0"},
				"down": {"uv": [7.5, 2.5, 6.5, 3], "texture": "#0"}
			}
		},
		{
			"from": [4.25, 16.75, 7.75],
			"to": [5.75, 17.25, 8.25],
			"rotation": {"angle": 22.5, "axis": "z", "origin": [4.875, 17.25, 8]},
			"faces": {
				"north": {"uv": [6.5, 2, 8, 2.5], "texture": "#0"},
				"east": {"uv": [0, 0, 0, 0], "texture": "#0"},
				"south": {"uv": [8, 2, 6.5, 2.5], "texture": "#0"},
				"west": {"uv": [7.5, 2, 8, 2.5], "texture": "#0"},
				"up": {"uv": [8, 2, 6.5, 2.5], "texture": "#0"},
				"down": {"uv": [8, 2, 6.5, 2.5], "texture": "#0"}
			}
		},
		{
			"from": [7, 22.75, 8],
			"to": [9, 28.75, 8.001],
			"rotation": {"angle": 0, "axis": "y", "origin": [8.75, 10.75, 8]},
			"faces": {
				"north": {"uv": [11.5, 9.5, 9.5, 15.5], "texture": "#0"},
				"east": {"uv": [0, 0, 0, 0], "rotation": 270, "texture": "#0"},
				"south": {"uv": [9.5, 9.5, 11.5, 15.5], "texture": "#0"},
				"west": {"uv": [0, 0, 0, 0], "rotation": 270, "texture": "#0"},
				"up": {"uv": [0, 0, 0, 0], "rotation": 270, "texture": "#0"},
				"down": {"uv": [0, 0, 0, 0], "rotation": 270, "texture": "#0"}
			}
		},
		{
			"from": [7, 28, 7.75],
			"to": [9, 30, 8.25],
			"rotation": {"angle": 45, "axis": "z", "origin": [8, 29, 8]},
			"faces": {
				"north": {"uv": [9, 2, 11, 0], "rotation": 90, "texture": "#0"},
				"east": {"uv": [9, 0, 11, 0.5], "rotation": 90, "texture": "#0"},
				"south": {"uv": [9, 0, 11, 2], "rotation": 90, "texture": "#0"},
				"west": {"uv": [9, 1.5, 11, 2], "rotation": 90, "texture": "#0"},
				"up": {"uv": [9, 0, 9.5, 2], "rotation": 90, "texture": "#0"},
				"down": {"uv": [10.5, 2, 11, 0], "rotation": 270, "texture": "#0"}
			}
		},
		{
			"from": [6.45, 21.25, 7.75],
			"to": [7.45, 23.25, 8.25],
			"rotation": {"angle": -22.5, "axis": "z", "origin": [7.25, 22.25, 8]},
			"faces": {
				"north": {"uv": [12, 1, 11, 3], "texture": "#0"},
				"east": {"uv": [12, 1, 11.5, 3], "texture": "#0"},
				"south": {"uv": [11, 1, 12, 3], "texture": "#0"},
				"west": {"uv": [11.5, 1, 11, 3], "texture": "#0"},
				"up": {"uv": [12, 1, 11, 1.5], "rotation": 180, "texture": "#0"},
				"down": {"uv": [11, 2.5, 12, 3], "texture": "#0"}
			}
		},
		{
			"from": [8.55, 21.25, 7.75],
			"to": [9.55, 23.25, 8.25],
			"rotation": {"angle": 22.5, "axis": "z", "origin": [8.75, 22.25, 8]},
			"faces": {
				"north": {"uv": [11, 1, 12, 3], "texture": "#0"},
				"east": {"uv": [11, 1, 11.5, 3], "texture": "#0"},
				"south": {"uv": [12, 1, 11, 3], "texture": "#0"},
				"west": {"uv": [11.5, 1, 12, 3], "texture": "#0"},
				"up": {"uv": [11, 1, 12, 1.5], "rotation": 180, "texture": "#0"},
				"down": {"uv": [12, 2.5, 11, 3], "texture": "#0"}
			}
		},
		{
			"from": [6, 15.55, 7.75],
			"to": [7.5, 18.05, 8.25],
			"rotation": {"angle": -22.5, "axis": "z", "origin": [7, 16.25, 8]},
			"faces": {
				"north": {"uv": [10.5, 2, 9, 4.5], "texture": "#0"},
				"east": {"uv": [9.5, 2, 10, 4.5], "texture": "#0"},
				"south": {"uv": [9, 2, 10.5, 4.5], "texture": "#0"},
				"west": {"uv": [9, 2, 9.5, 4.5], "texture": "#0"},
				"up": {"uv": [0, 0, 0, 0], "texture": "#0"},
				"down": {"uv": [9, 4, 10.5, 4.5], "texture": "#0"}
			}
		},
		{
			"from": [8.5, 15.55, 7.75],
			"to": [10, 18.05, 8.25],
			"rotation": {"angle": 22.5, "axis": "z", "origin": [9, 16.25, 8]},
			"faces": {
				"north": {"uv": [9, 2, 10.5, 4.5], "texture": "#0"},
				"east": {"uv": [9.5, 2, 9, 4.5], "texture": "#0"},
				"south": {"uv": [10.5, 2, 9, 4.5], "texture": "#0"},
				"west": {"uv": [10, 2, 9.5, 4.5], "texture": "#0"},
				"up": {"uv": [0, 0, 0, 0], "texture": "#0"},
				"down": {"uv": [10.5, 4, 9, 4.5], "texture": "#0"}
			}
		},
		{
			"from": [7.25, 16.25, 7.25],
			"to": [7.75, 17.25, 8.75],
			"rotation": {"angle": 0, "axis": "y", "origin": [8.25, 4.25, 7.25]},
			"faces": {
				"north": {"uv": [7.5, 4, 8, 5], "texture": "#0"},
				"east": {"uv": [7.5, 4, 8, 5], "texture": "#0"},
				"south": {"uv": [7.5, 4, 8, 5], "texture": "#0"},
				"west": {"uv": [7.5, 4, 8, 5], "texture": "#0"},
				"up": {"uv": [7.5, 4, 8, 5], "texture": "#0"},
				"down": {"uv": [7.5, 4, 8, 5], "texture": "#0"}
			}
		},
		{
			"from": [8.25, 16.25, 7.25],
			"to": [8.75, 17.25, 8.75],
			"rotation": {"angle": 0, "axis": "y", "origin": [8.25, 4.25, 7.25]},
			"faces": {
				"north": {"uv": [6.5, 4, 7, 5], "texture": "#0"},
				"east": {"uv": [6.5, 4, 7, 5], "texture": "#0"},
				"south": {"uv": [6.5, 4, 7, 5], "texture": "#0"},
				"west": {"uv": [6.5, 4, 7, 5], "texture": "#0"},
				"up": {"uv": [6.5, 4, 7, 5], "texture": "#0"},
				"down": {"uv": [6.5, 4, 7, 5], "texture": "#0"}
			}
		},
		{
			"from": [7.75, 16.75, 7.25],
			"to": [8.25, 18.25, 8.75],
			"rotation": {"angle": 0, "axis": "y", "origin": [8.25, 4.25, 7.25]},
			"faces": {
				"north": {"uv": [7, 3, 7.5, 4.5], "texture": "#0"},
				"east": {"uv": [7, 3, 7.5, 4.5], "texture": "#0"},
				"south": {"uv": [7, 3, 7.5, 4.5], "texture": "#0"},
				"west": {"uv": [7, 3, 7.5, 4.5], "texture": "#0"},
				"up": {"uv": [7, 3, 7.5, 4.5], "texture": "#0"},
				"down": {"uv": [7, 3, 7.5, 4.5], "texture": "#0"}
			}
		},
		{
			"from": [7.25, -2.75, 7.5],
			"to": [8.75, 12.75, 8.5],
			"rotation": {"angle": 0, "axis": "y", "origin": [8.75, 2.25, 7.5]},
			"faces": {
				"north": {"uv": [14.5, 0, 13, 15.5], "texture": "#0"},
				"east": {"uv": [14, 0, 14.5, 15.5], "texture": "#0"},
				"south": {"uv": [13, 0, 14.5, 15.5], "texture": "#0"},
				"west": {"uv": [13, 0, 13.5, 15.5], "texture": "#0"},
				"up": {"uv": [0, 0, 0, 0], "rotation": 270, "texture": "#0"},
				"down": {"uv": [0, 0, 0, 0], "rotation": 270, "texture": "#0"}
			}
		},
		{
			"from": [7.25, 12.75, 7.25],
			"to": [8.75, 14.25, 8.75],
			"rotation": {"angle": 0, "axis": "y", "origin": [13, 2.25, -3]},
			"faces": {
				"north": {"uv": [2.5, 8, 4, 9.5], "texture": "#0"},
				"east": {"uv": [4, 8, 2.5, 9.5], "texture": "#0"},
				"south": {"uv": [2.5, 8, 4, 9.5], "texture": "#0"},
				"west": {"uv": [4, 8, 2.5, 9.5], "texture": "#0"},
				"up": {"uv": [4, 8, 2.5, 6.5], "texture": "#0"},
				"down": {"uv": [4, 6.5, 2.5, 8], "texture": "#0"}
			}
		},
		{
			"from": [7.25, -10.25, 7.25],
			"to": [8.75, -5.75, 8.75],
			"rotation": {"angle": 0, "axis": "y", "origin": [16, 8.25, 0]},
			"faces": {
				"north": {"uv": [8.5, 5, 7, 9.5], "texture": "#0"},
				"east": {"uv": [10, 5, 8.5, 9.5], "texture": "#0"},
				"south": {"uv": [11.5, 5, 10, 9.5], "texture": "#0"},
				"west": {"uv": [7, 5, 5.5, 9.5], "texture": "#0"},
				"up": {"uv": [0, 0, 0, 0], "rotation": 270, "texture": "#0"},
				"down": {"uv": [5.5, 9.5, 7, 11], "texture": "#0"}
			}
		},
		{
			"from": [8.5, 15, 7.5],
			"to": [10, 16, 8.5],
			"rotation": {"angle": 0, "axis": "y", "origin": [8.5, 2.25, 7.5]},
			"faces": {
				"north": {"uv": [0.5, 9, 2, 10], "texture": "#0"},
				"east": {"uv": [0.5, 9, 1, 10], "texture": "#0"},
				"south": {"uv": [2, 9, 0.5, 10], "texture": "#0"},
				"west": {"uv": [0, 0, 0, 0], "texture": "#0"},
				"up": {"uv": [2, 9, 0.5, 9.5], "texture": "#0"},
				"down": {"uv": [2, 9.5, 0.5, 10], "texture": "#0"}
			}
		},
		{
			"from": [6, 15, 7.5],
			"to": [7.5, 16, 8.5],
			"rotation": {"angle": 0, "axis": "y", "origin": [7.5, 2.25, 7.5]},
			"faces": {
				"north": {"uv": [2, 9, 0.5, 10], "texture": "#0"},
				"east": {"uv": [0, 0, 0, 0], "texture": "#0"},
				"south": {"uv": [0.5, 9, 2, 10], "texture": "#0"},
				"west": {"uv": [1, 9, 0.5, 10], "texture": "#0"},
				"up": {"uv": [0.5, 9, 2, 9.5], "texture": "#0"},
				"down": {"uv": [0.5, 9.5, 2, 10], "texture": "#0"}
			}
		},
		{
			"from": [7.25, 14.75, 7],
			"to": [8.75, 16.25, 9],
			"rotation": {"angle": 0, "axis": "y", "origin": [8, 2.25, 7.5]},
			"faces": {
				"north": {"uv": [0.5, 0, 2, 1.5], "texture": "#0"},
				"east": {"uv": [1.5, 0, 2, 1.5], "texture": "#0"},
				"south": {"uv": [0.5, 0, 2, 1.5], "texture": "#0"},
				"west": {"uv": [0.5, 0, 1, 1.5], "texture": "#0"},
				"up": {"uv": [0.5, 0, 2, 0.5], "texture": "#0"},
				"down": {"uv": [0.5, 1, 2, 1.5], "rotation": 270, "texture": "#0"}
			}
		},
		{
			"from": [7.5, 14.25, 7.5],
			"to": [8.5, 14.75, 8.5],
			"rotation": {"angle": 0, "axis": "y", "origin": [7.5, 2.25, 7.5]},
			"faces": {
				"north": {"uv": [1.5, 1.5, 0.5, 2], "texture": "#0"},
				"east": {"uv": [0.5, 1.5, 1.5, 2], "texture": "#0"},
				"south": {"uv": [1.5, 1.5, 0.5, 2], "texture": "#0"},
				"west": {"uv": [0.5, 1.5, 1.5, 2], "texture": "#0"},
				"up": {"uv": [0, 0, 0, 0], "texture": "#0"},
				"down": {"uv": [0, 0, 0, 0], "texture": "#0"}
			}
		},
		{
			"from": [7.5, -4.75, 7.5],
			"to": [8.5, -4.25, 8.5],
			"rotation": {"angle": 0, "axis": "y", "origin": [7.5, 8.25, 7.5]},
			"faces": {
				"north": {"uv": [1.5, 1.5, 0.5, 2], "texture": "#0"},
				"east": {"uv": [0.5, 1.5, 1.5, 2], "texture": "#0"},
				"south": {"uv": [1.5, 1.5, 0.5, 2], "texture": "#0"},
				"west": {"uv": [0.5, 1.5, 1.5, 2], "texture": "#0"},
				"up": {"uv": [0, 0, 0, 0], "texture": "#0"},
				"down": {"uv": [0, 0, 0, 0], "texture": "#0"}
			}
		},
		{
			"from": [7, -5.75, 7],
			"to": [9, -4.75, 9],
			"rotation": {"angle": 0, "axis": "y", "origin": [2, 8.25, 7]},
			"faces": {
				"north": {"uv": [0.5, 8, 2.5, 9], "texture": "#0"},
				"east": {"uv": [2.5, 8, 0.5, 9], "texture": "#0"},
				"south": {"uv": [0.5, 8, 2.5, 9], "texture": "#0"},
				"west": {"uv": [2.5, 8, 0.5, 9], "texture": "#0"},
				"up": {"uv": [0.5, 10, 2.5, 12], "texture": "#0"},
				"down": {"uv": [0.5, 12, 2.5, 14], "texture": "#0"}
			}
		},
		{
			"from": [7.25, -4.25, 7.25],
			"to": [8.75, -2.75, 8.75],
			"rotation": {"angle": 0, "axis": "y", "origin": [7.25, 5.25, 5.25]},
			"faces": {
				"north": {"uv": [4, 5, 2.5, 6.5], "texture": "#0"},
				"east": {"uv": [2.5, 5, 4, 6.5], "texture": "#0"},
				"south": {"uv": [4, 5, 2.5, 6.5], "texture": "#0"},
				"west": {"uv": [2.5, 5, 4, 6.5], "texture": "#0"},
				"up": {"uv": [4, 3.5, 2.5, 5], "texture": "#0"},
				"down": {"uv": [5.5, 3.5, 4, 5], "texture": "#0"}
			}
		},
		{
			"from": [7.65, -10.85, 7.5],
			"to": [8.65, -9.85, 8.5],
			"rotation": {"angle": 45, "axis": "z", "origin": [8, -10.5, 10]},
			"faces": {
				"north": {"uv": [11, 0, 12, 1], "texture": "#0"},
				"east": {"uv": [0, 0, 0, 0], "texture": "#0"},
				"south": {"uv": [12, 0, 11, 1], "texture": "#0"},
				"west": {"uv": [12, 0, 11.5, 1], "texture": "#0"},
				"up": {"uv": [0, 0, 0, 0], "texture": "#0"},
				"down": {"uv": [12, 1, 11, 0.5], "texture": "#0"}
			}
		}
	],
	"display": {
		"thirdperson_righthand": {
			"rotation": [0, 90, 0],
			"translation": [0, -0.5, 0],
			"scale": [1.5, 1.5, 1.5]
		},
		"thirdperson_lefthand": {
			"rotation": [0, 90, 0],
			"translation": [0, -0.5, 0],
			"scale": [1.5, 1.5, 1.5]
		},
		"firstperson_righthand": {
			"rotation": [10, 90, 0],
			"translation": [7, -5, -5],
			"scale": [1.4, 1.4, 1.4]
		},
		"firstperson_lefthand": {
			"rotation": [10, 90, 0],
			"translation": [7, -5, -5],
			"scale": [1.4, 1.4, 1.4]
		},
		"ground": {
			"rotation": [45, 45, 0],
			"translation": [0, 4, 0],
			"scale": [0.8, 0.8, 0.8]
		},
		"gui": {
			"rotation": [-20, 160, 30],
			"translation": [1, 1, 0],
			"scale": [0.8, 0.8, 0.8]
		},
		"fixed": {
			"translation": [0, -0.75, -1],
			"scale": [0.85, 0.85, 0.85]
		}
	},
	"groups": [
		{
			"name": "head",
			"origin": [8, 18.25, 8],
			"color": 0,
			"children": [
				{
					"name": "circle",
					"origin": [7.5, 0, 6.25],
					"color": 0,
					"children": [0, 1, 2, 3, 4, 5, 6, 7, 8, 9]
				},
				{
					"name": "emblem",
					"origin": [7.5, 0, 7.25],
					"color": 0,
					"children": [10, 11, 12, 13]
				},
				{
					"name": "wings",
					"origin": [8, 8, 8],
					"color": 0,
					"children": [
						{
							"name": "group",
							"origin": [8, 8, 8],
							"color": 0,
							"children": [
								{
									"name": "group",
									"origin": [0, 0, 0],
									"color": 0,
									"children": [14, 15]
								},
								{
									"name": "group",
									"origin": [0, 0, 0],
									"color": 0,
									"children": [16, 17]
								},
								{
									"name": "group",
									"origin": [0, 0, 0],
									"color": 0,
									"children": [18, 19]
								}
							]
						},
						{
							"name": "group",
							"origin": [8, 8, 8],
							"color": 0,
							"children": [
								{
									"name": "group",
									"origin": [0, 0, 0],
									"color": 0,
									"children": [20, 21]
								},
								{
									"name": "group",
									"origin": [0, 0, 0],
									"color": 0,
									"children": [22, 23]
								},
								{
									"name": "group",
									"origin": [0, 0, 0],
									"color": 0,
									"children": [24, 25]
								}
							]
						}
					]
				},
				{
					"name": "blade",
					"origin": [8, 18.25, 8],
					"color": 0,
					"children": [26, 27, 28, 29]
				},
				30,
				31,
				32,
				33,
				34
			]
		},
		35,
		36,
		37,
		38,
		39,
		40,
		41,
		42,
		43,
		44,
		45
	]
}