{
	"credit": "Made by Raycifer",
	"texture_size": [32, 32],
	"textures": {
		"0": "verdict"
	},
	"elements": [
		{
			"from": [-0.5, 7, 8],
			"to": [16, 24.5, 8.001],
			"rotation": {"angle": 0, "axis": "y", "origin": [-0.25, 7, 7]},
			"faces": {
				"north": {"uv": [8.5, 0.25, 0.5, 9], "texture": "#0"},
				"east": {"uv": [0, 0, 0.25, 0.25], "texture": "#0"},
				"south": {"uv": [0.5, 0.25, 8.5, 9], "texture": "#0"},
				"west": {"uv": [0, 0, 0.25, 0.25], "texture": "#0"},
				"up": {"uv": [0, 0, 0.25, 0.25], "texture": "#0"},
				"down": {"uv": [0, 0, 0.25, 0.25], "texture": "#0"}
			}
		},
		{
			"from": [7, 14, 7],
			"to": [9, 17, 9],
			"rotation": {"angle": 0, "axis": "y", "origin": [7, 7, 7]},
			"faces": {
				"north": {"uv": [14, 1, 15, 2.5], "texture": "#0"},
				"east": {"uv": [15, 1, 14, 2.5], "texture": "#0"},
				"south": {"uv": [14, 1, 15, 2.5], "texture": "#0"},
				"west": {"uv": [15, 1, 14, 2.5], "texture": "#0"},
				"up": {"uv": [15, 0, 14, 1], "texture": "#0"},
				"down": {"uv": [16, 0, 15, 1], "texture": "#0"}
			}
		},
		{
			"from": [7.25, 17, 7.25],
			"to": [8.75, 20, 8.75],
			"rotation": {"angle": 0, "axis": "y", "origin": [7.25, 7, 7.25]},
			"faces": {
				"north": {"uv": [8.5, 0.75, 9.25, 2.25], "texture": "#0"},
				"east": {"uv": [9.25, 0.75, 8.5, 2.25], "texture": "#0"},
				"south": {"uv": [8.5, 0.75, 9.25, 2.25], "texture": "#0"},
				"west": {"uv": [9.25, 0.75, 8.5, 2.25], "texture": "#0"},
				"up": {"uv": [8.5, 0, 9.25, 0.75], "texture": "#0"},
				"down": {"uv": [0, 0, 0.25, 0.25], "texture": "#0"}
			}
		},
		{
			"from": [6.75, 13.75, 7.25],
			"to": [9.25, 15.25, 7.251],
			"rotation": {"angle": -45, "axis": "x", "origin": [8, 14, 7.25]},
			"faces": {
				"north": {"uv": [10.75, 0, 12, 0.75], "texture": "#0"},
				"east": {"uv": [0, 0, 0.25, 0.25], "texture": "#0"},
				"south": {"uv": [10.75, 0, 12, 0.75], "texture": "#0"},
				"west": {"uv": [0, 0, 0.25, 0.25], "texture": "#0"},
				"up": {"uv": [0, 0, 0.25, 0.25], "texture": "#0"},
				"down": {"uv": [0, 0, 0.25, 0.25], "texture": "#0"}
			}
		},
		{
			"from": [7, 13.5, 7.25],
			"to": [9, 14.5, 7.251],
			"rotation": {"angle": -22.5, "axis": "x", "origin": [8, 13.5, 7.25]},
			"faces": {
				"north": {"uv": [11, 0.75, 12, 1.25], "texture": "#0"},
				"east": {"uv": [0, 0, 0.25, 0.25], "texture": "#0"},
				"south": {"uv": [11, 0.75, 12, 1.25], "texture": "#0"},
				"west": {"uv": [0, 0, 0.25, 0.25], "texture": "#0"},
				"up": {"uv": [0, 0, 0.25, 0.25], "texture": "#0"},
				"down": {"uv": [0, 0, 0.25, 0.25], "texture": "#0"}
			}
		},
		{
			"from": [7, 11.92388, 6.86732],
			"to": [9, 12.92388, 6.86832],
			"rotation": {"angle": 22.5, "axis": "x", "origin": [8, 12, 7.25]},
			"faces": {
				"north": {"uv": [11, 1.25, 12, 0.75], "texture": "#0"},
				"east": {"uv": [0, 0, 0.25, 0.25], "texture": "#0"},
				"south": {"uv": [11, 1.25, 12, 0.75], "texture": "#0"},
				"west": {"uv": [0, 0, 0.25, 0.25], "texture": "#0"},
				"up": {"uv": [0, 0, 0.25, 0.25], "texture": "#0"},
				"down": {"uv": [0, 0, 0.25, 0.25], "texture": "#0"}
			}
		},
		{
			"from": [6.75, 11.10355, 6.89645],
			"to": [9.25, 12.60355, 6.89745],
			"rotation": {"angle": 45, "axis": "x", "origin": [8, 12, 7.25]},
			"faces": {
				"north": {"uv": [10.75, 0.75, 12, 0], "texture": "#0"},
				"east": {"uv": [0, 0, 0.25, 0.25], "texture": "#0"},
				"south": {"uv": [10.75, 0.75, 12, 0], "texture": "#0"},
				"west": {"uv": [0, 0, 0.25, 0.25], "texture": "#0"},
				"up": {"uv": [0, 0, 0.25, 0.25], "texture": "#0"},
				"down": {"uv": [0, 0, 0.25, 0.25], "texture": "#0"}
			}
		},
		{
			"from": [8.25, 12, 7.25],
			"to": [9.25, 14, 7.251],
			"rotation": {"angle": 22.5, "axis": "y", "origin": [8.25, 13, 7.25]},
			"faces": {
				"north": {"uv": [11, 1.25, 12, 0.75], "rotation": 90, "texture": "#0"},
				"east": {"uv": [0, 0, 0.25, 0.25], "texture": "#0"},
				"south": {"uv": [11, 0.75, 12, 1.25], "rotation": 90, "texture": "#0"},
				"west": {"uv": [0, 0, 0.25, 0.25], "texture": "#0"},
				"up": {"uv": [0, 0, 0.25, 0.25], "texture": "#0"},
				"down": {"uv": [0, 0, 0.25, 0.25], "texture": "#0"}
			}
		},
		{
			"from": [8.5, 11.75, 7.25],
			"to": [10, 14.25, 7.251],
			"rotation": {"angle": 45, "axis": "y", "origin": [8.75, 13, 7.25]},
			"faces": {
				"north": {"uv": [10.75, 0.75, 12, 0], "rotation": 90, "texture": "#0"},
				"east": {"uv": [0, 0, 0.25, 0.25], "texture": "#0"},
				"south": {"uv": [10.75, 0, 12, 0.75], "rotation": 90, "texture": "#0"},
				"west": {"uv": [0, 0, 0.25, 0.25], "texture": "#0"},
				"up": {"uv": [0, 0, 0.25, 0.25], "texture": "#0"},
				"down": {"uv": [0, 0, 0.25, 0.25], "texture": "#0"}
			}
		},
		{
			"from": [6, 11.75, 7.25],
			"to": [7.5, 14.25, 7.251],
			"rotation": {"angle": -45, "axis": "y", "origin": [7.25, 13, 7.25]},
			"faces": {
				"north": {"uv": [10.75, 0, 12, 0.75], "rotation": 90, "texture": "#0"},
				"east": {"uv": [0, 0, 0.25, 0.25], "texture": "#0"},
				"south": {"uv": [10.75, 0.75, 12, 0], "rotation": 90, "texture": "#0"},
				"west": {"uv": [0, 0, 0.25, 0.25], "texture": "#0"},
				"up": {"uv": [0, 0, 0.25, 0.25], "texture": "#0"},
				"down": {"uv": [0, 0, 0.25, 0.25], "texture": "#0"}
			}
		},
		{
			"from": [6.75, 12, 7.25],
			"to": [7.75, 14, 7.251],
			"rotation": {"angle": -22.5, "axis": "y", "origin": [7.75, 13, 7.25]},
			"faces": {
				"north": {"uv": [11, 0.75, 12, 1.25], "rotation": 90, "texture": "#0"},
				"east": {"uv": [0, 0, 0.25, 0.25], "texture": "#0"},
				"south": {"uv": [11, 1.25, 12, 0.75], "rotation": 90, "texture": "#0"},
				"west": {"uv": [0, 0, 0.25, 0.25], "texture": "#0"},
				"up": {"uv": [0, 0, 0.25, 0.25], "texture": "#0"},
				"down": {"uv": [0, 0, 0.25, 0.25], "texture": "#0"}
			}
		},
		{
			"from": [6.75, 13.75, 8.75],
			"to": [9.25, 15.25, 8.751],
			"rotation": {"angle": 45, "axis": "x", "origin": [8, 14, 8.75]},
			"faces": {
				"north": {"uv": [12, 0, 10.75, 0.75], "texture": "#0"},
				"east": {"uv": [0, 0, 0.25, 0.25], "texture": "#0"},
				"south": {"uv": [12, 0, 10.75, 0.75], "texture": "#0"},
				"west": {"uv": [0, 0, 0.25, 0.25], "texture": "#0"},
				"up": {"uv": [0, 0, 0.25, 0.25], "texture": "#0"},
				"down": {"uv": [0, 0, 0.25, 0.25], "texture": "#0"}
			}
		},
		{
			"from": [7, 13.5, 8.75],
			"to": [9, 14.5, 8.751],
			"rotation": {"angle": 22.5, "axis": "x", "origin": [8, 13.5, 8.75]},
			"faces": {
				"north": {"uv": [12, 0.75, 11, 1.25], "texture": "#0"},
				"east": {"uv": [0, 0, 0.25, 0.25], "texture": "#0"},
				"south": {"uv": [12, 0.75, 11, 1.25], "texture": "#0"},
				"west": {"uv": [0, 0, 0.25, 0.25], "texture": "#0"},
				"up": {"uv": [0, 0, 0.25, 0.25], "texture": "#0"},
				"down": {"uv": [0, 0, 0.25, 0.25], "texture": "#0"}
			}
		},
		{
			"from": [7, 11.92388, 9.13268],
			"to": [9, 12.92388, 9.13368],
			"rotation": {"angle": -22.5, "axis": "x", "origin": [8, 12, 8.75]},
			"faces": {
				"north": {"uv": [12, 1.25, 11, 0.75], "texture": "#0"},
				"east": {"uv": [0, 0, 0.25, 0.25], "texture": "#0"},
				"south": {"uv": [12, 1.25, 11, 0.75], "texture": "#0"},
				"west": {"uv": [0, 0, 0.25, 0.25], "texture": "#0"},
				"up": {"uv": [0, 0, 0.25, 0.25], "texture": "#0"},
				"down": {"uv": [0, 0, 0.25, 0.25], "texture": "#0"}
			}
		},
		{
			"from": [6.75, 11.10355, 9.10355],
			"to": [9.25, 12.60355, 9.10455],
			"rotation": {"angle": -45, "axis": "x", "origin": [8, 12, 8.75]},
			"faces": {
				"north": {"uv": [12, 0.75, 10.75, 0], "texture": "#0"},
				"east": {"uv": [0, 0, 0.25, 0.25], "texture": "#0"},
				"south": {"uv": [12, 0.75, 10.75, 0], "texture": "#0"},
				"west": {"uv": [0, 0, 0.25, 0.25], "texture": "#0"},
				"up": {"uv": [0, 0, 0.25, 0.25], "texture": "#0"},
				"down": {"uv": [0, 0, 0.25, 0.25], "texture": "#0"}
			}
		},
		{
			"from": [8.25, 12, 8.75],
			"to": [9.25, 14, 8.751],
			"rotation": {"angle": -22.5, "axis": "y", "origin": [8.25, 13, 8.75]},
			"faces": {
				"north": {"uv": [11, 1.25, 12, 0.75], "rotation": 90, "texture": "#0"},
				"east": {"uv": [0, 0, 0.25, 0.25], "texture": "#0"},
				"south": {"uv": [11, 0.75, 12, 1.25], "rotation": 90, "texture": "#0"},
				"west": {"uv": [0, 0, 0.25, 0.25], "texture": "#0"},
				"up": {"uv": [0, 0, 0.25, 0.25], "texture": "#0"},
				"down": {"uv": [0, 0, 0.25, 0.25], "texture": "#0"}
			}
		},
		{
			"from": [8.5, 11.75, 8.75],
			"to": [10, 14.25, 8.751],
			"rotation": {"angle": -45, "axis": "y", "origin": [8.75, 13, 8.75]},
			"faces": {
				"north": {"uv": [10.75, 0.75, 12, 0], "rotation": 90, "texture": "#0"},
				"east": {"uv": [0, 0, 0.25, 0.25], "texture": "#0"},
				"south": {"uv": [10.75, 0, 12, 0.75], "rotation": 90, "texture": "#0"},
				"west": {"uv": [0, 0, 0.25, 0.25], "texture": "#0"},
				"up": {"uv": [0, 0, 0.25, 0.25], "texture": "#0"},
				"down": {"uv": [0, 0, 0.25, 0.25], "texture": "#0"}
			}
		},
		{
			"from": [6, 11.75, 8.75],
			"to": [7.5, 14.25, 8.751],
			"rotation": {"angle": 45, "axis": "y", "origin": [7.25, 13, 8.75]},
			"faces": {
				"north": {"uv": [10.75, 0, 12, 0.75], "rotation": 90, "texture": "#0"},
				"east": {"uv": [0, 0, 0.25, 0.25], "texture": "#0"},
				"south": {"uv": [10.75, 0.75, 12, 0], "rotation": 90, "texture": "#0"},
				"west": {"uv": [0, 0, 0.25, 0.25], "texture": "#0"},
				"up": {"uv": [0, 0, 0.25, 0.25], "texture": "#0"},
				"down": {"uv": [0, 0, 0.25, 0.25], "texture": "#0"}
			}
		},
		{
			"from": [6.75, 12, 8.75],
			"to": [7.75, 14, 8.751],
			"rotation": {"angle": 22.5, "axis": "y", "origin": [7.75, 13, 8.75]},
			"faces": {
				"north": {"uv": [11, 0.75, 12, 1.25], "rotation": 90, "texture": "#0"},
				"east": {"uv": [0, 0, 0.25, 0.25], "texture": "#0"},
				"south": {"uv": [11, 1.25, 12, 0.75], "rotation": 90, "texture": "#0"},
				"west": {"uv": [0, 0, 0.25, 0.25], "texture": "#0"},
				"up": {"uv": [0, 0, 0.25, 0.25], "texture": "#0"},
				"down": {"uv": [0, 0, 0.25, 0.25], "texture": "#0"}
			}
		},
		{
			"from": [8, 20, 7.25],
			"to": [8.001, 24.5, 8.75],
			"rotation": {"angle": 0, "axis": "y", "origin": [8, 7, 7.25]},
			"faces": {
				"north": {"uv": [0, 0, 0.25, 0.25], "texture": "#0"},
				"east": {"uv": [4.25, 0.25, 5, 2.5], "texture": "#0"},
				"south": {"uv": [0, 0, 0.25, 0.25], "texture": "#0"},
				"west": {"uv": [4.25, 0.25, 5, 2.5], "texture": "#0"},
				"up": {"uv": [0, 0, 0.25, 0.25], "texture": "#0"},
				"down": {"uv": [0, 0, 0.25, 0.25], "texture": "#0"}
			}
		},
		{
			"from": [7.25, -2.5, 7.25],
			"to": [8.75, 14, 8.75],
			"rotation": {"angle": 0, "axis": "y", "origin": [7.25, 7, 7.25]},
			"faces": {
				"north": {"uv": [8.5, 2.25, 9.25, 10.5], "texture": "#0"},
				"east": {"uv": [9.25, 2.25, 8.5, 10.5], "texture": "#0"},
				"south": {"uv": [8.5, 2.25, 9.25, 10.5], "texture": "#0"},
				"west": {"uv": [9.25, 2.25, 8.5, 10.5], "texture": "#0"},
				"up": {"uv": [8.5, 2.25, 9.25, 2.5], "texture": "#0"},
				"down": {"uv": [8.5, 10.25, 9.25, 10.5], "texture": "#0"}
			}
		},
		{
			"from": [7.125, 7, 7],
			"to": [8.875, 9.5, 9],
			"rotation": {"angle": 0, "axis": "y", "origin": [7.375, 7, 7.25]},
			"faces": {
				"north": {"uv": [9.25, 1, 10, 2], "texture": "#0"},
				"east": {"uv": [9.25, 1, 10, 2], "texture": "#0"},
				"south": {"uv": [9.25, 1, 10, 2], "texture": "#0"},
				"west": {"uv": [9.25, 1, 10, 2], "texture": "#0"},
				"up": {"uv": [0, 0, 0.25, 0.25], "texture": "#0"},
				"down": {"uv": [0, 0, 0.25, 0.25], "texture": "#0"}
			}
		},
		{
			"from": [7.25, -10, 7.5],
			"to": [8.75, -2.5, 8.5],
			"rotation": {"angle": 0, "axis": "y", "origin": [7.25, 8, 7.5]},
			"faces": {
				"north": {"uv": [8.5, 10.5, 9.25, 14.25], "texture": "#0"},
				"east": {"uv": [8.5, 10.5, 8.75, 14.25], "texture": "#0"},
				"south": {"uv": [9.25, 10.5, 8.5, 14.25], "texture": "#0"},
				"west": {"uv": [9, 10.5, 9.25, 14.25], "texture": "#0"},
				"up": {"uv": [0, 0, 0.25, 0.25], "texture": "#0"},
				"down": {"uv": [0, 0, 0.25, 0.25], "texture": "#0"}
			}
		},
		{
			"from": [7.25, -12, 7.25],
			"to": [8.75, -10, 8.75],
			"rotation": {"angle": 0, "axis": "y", "origin": [7.25, 8, 7.25]},
			"faces": {
				"north": {"uv": [9.25, 3.75, 10, 4.75], "texture": "#0"},
				"east": {"uv": [10, 3.75, 9.25, 4.75], "texture": "#0"},
				"south": {"uv": [9.25, 3.75, 10, 4.75], "texture": "#0"},
				"west": {"uv": [10, 3.75, 9.25, 4.75], "texture": "#0"},
				"up": {"uv": [9.25, 3.75, 10, 4], "texture": "#0"},
				"down": {"uv": [9.25, 4.5, 10, 4.75], "texture": "#0"}
			}
		},
		{
			"from": [7.25, -14, 8],
			"to": [8.75, -12, 8.001],
			"rotation": {"angle": 0, "axis": "y", "origin": [7.25, 8, 8]},
			"faces": {
				"north": {"uv": [9.25, 4.75, 10, 5.75], "texture": "#0"},
				"east": {"uv": [0, 0, 0.25, 0.25], "texture": "#0"},
				"south": {"uv": [9.25, 4.75, 10, 5.75], "texture": "#0"},
				"west": {"uv": [0, 0, 0.25, 0.25], "texture": "#0"},
				"up": {"uv": [0, 0, 0.25, 0.25], "texture": "#0"},
				"down": {"uv": [0, 0, 0.25, 0.25], "texture": "#0"}
			}
		},
		{
			"from": [8, -14, 7.25],
			"to": [8.001, -12, 8.75],
			"rotation": {"angle": 0, "axis": "y", "origin": [8, -8, 8]},
			"faces": {
				"north": {"uv": [0, 0, 0.25, 0.25], "texture": "#0"},
				"east": {"uv": [9.25, 4.75, 10, 5.75], "texture": "#0"},
				"south": {"uv": [0, 0, 0.25, 0.25], "texture": "#0"},
				"west": {"uv": [9.25, 4.75, 10, 5.75], "texture": "#0"},
				"up": {"uv": [0, 0, 0.25, 0.25], "texture": "#0"},
				"down": {"uv": [0, 0, 0.25, 0.25], "texture": "#0"}
			}
		},
		{
			"from": [7, 1, 7],
			"to": [9, 3.5, 9],
			"rotation": {"angle": 0, "axis": "y", "origin": [7.25, 2, 7.25]},
			"faces": {
				"north": {"uv": [9.25, 2.75, 10, 3.75], "texture": "#0"},
				"east": {"uv": [9.25, 2.75, 10, 3.75], "texture": "#0"},
				"south": {"uv": [9.25, 2.75, 10, 3.75], "texture": "#0"},
				"west": {"uv": [9.25, 2.75, 10, 3.75], "texture": "#0"},
				"up": {"uv": [0, 0, 0.25, 0.25], "texture": "#0"},
				"down": {"uv": [0, 0, 0.25, 0.25], "texture": "#0"}
			}
		},
		{
			"from": [6.75, -0.75, 7.25],
			"to": [7.25, 1.25, 8.75],
			"rotation": {"angle": -22.5, "axis": "z", "origin": [7, 0.75, 7.75]},
			"faces": {
				"north": {"uv": [9.25, 0, 9.5, 1], "texture": "#0"},
				"east": {"uv": [9.25, 0, 10, 1], "texture": "#0"},
				"south": {"uv": [9.25, 0, 9.5, 1], "texture": "#0"},
				"west": {"uv": [9.25, 0, 10, 1], "texture": "#0"},
				"up": {"uv": [0, 0, 0.25, 0.25], "texture": "#0"},
				"down": {"uv": [9.25, 0.75, 10, 1], "texture": "#0"}
			}
		},
		{
			"from": [7.25, -0.75, 8.9],
			"to": [8.75, 1.25, 9.4],
			"rotation": {"angle": -22.5, "axis": "x", "origin": [8, 0.25, 9]},
			"faces": {
				"north": {"uv": [9.25, 0, 10, 1], "texture": "#0"},
				"east": {"uv": [9.25, 0, 9.5, 1], "texture": "#0"},
				"south": {"uv": [10, 0, 10.75, 1], "texture": "#0"},
				"west": {"uv": [9.25, 0, 9.5, 1], "texture": "#0"},
				"up": {"uv": [0, 0, 0.25, 0.25], "texture": "#0"},
				"down": {"uv": [9.25, 0.75, 10, 1], "rotation": 90, "texture": "#0"}
			}
		},
		{
			"from": [8.75, -0.75, 7.25],
			"to": [9.25, 1.25, 8.75],
			"rotation": {"angle": 22.5, "axis": "z", "origin": [9, 0.75, 7.75]},
			"faces": {
				"north": {"uv": [9.5, 0, 9.25, 1], "texture": "#0"},
				"east": {"uv": [10, 0, 9.25, 1], "texture": "#0"},
				"south": {"uv": [9.5, 0, 9.25, 1], "texture": "#0"},
				"west": {"uv": [10, 0, 9.25, 1], "texture": "#0"},
				"up": {"uv": [0, 0, 0.25, 0.25], "texture": "#0"},
				"down": {"uv": [9.25, 0.75, 10, 1], "texture": "#0"}
			}
		},
		{
			"from": [7.25, -0.75, 6.6],
			"to": [8.75, 1.25, 7.1],
			"rotation": {"angle": 22.5, "axis": "x", "origin": [8, 0.25, 7]},
			"faces": {
				"north": {"uv": [10.75, 0, 10, 1], "texture": "#0"},
				"east": {"uv": [9.5, 0, 9.25, 1], "texture": "#0"},
				"south": {"uv": [10, 0, 9.25, 1], "texture": "#0"},
				"west": {"uv": [9.5, 0, 9.25, 1], "texture": "#0"},
				"up": {"uv": [0, 0, 0.25, 0.25], "texture": "#0"},
				"down": {"uv": [10, 0.75, 9.25, 1], "rotation": 90, "texture": "#0"}
			}
		}
	],
	"display": {
		"thirdperson_righthand": {
			"rotation": [0, -90, 0],
			"translation": [0, 17.25, 0],
			"scale": [1.5, 1.5, 1.5]
		},
		"thirdperson_lefthand": {
			"rotation": [0, 90, 0],
			"translation": [0, 17.25, 0],
			"scale": [1.5, 1.5, 1.5]
		},
		"firstperson_righthand": {
			"rotation": [0, -90, 10],
			"translation": [9, 0, -9],
			"scale": [2, 2, 2]
		},
		"firstperson_lefthand": {
			"rotation": [0, 90, -10],
			"translation": [9, 0, -9],
			"scale": [2, 2, 2]
		},
		"ground": {
			"rotation": [45, -45, 45],
			"translation": [0, 8.25, 0]
		},
		"gui": {
			"rotation": [-20, 160, 30],
			"translation": [-1, 3.5, 0]
		}
	},
	"groups": [
		0,
		1,
		2,
		{
			"name": "group",
			"origin": [7.75, 6, 7.25],
			"color": 0,
			"children": [3, 4, 5, 6, 7, 8, 9, 10]
		},
		{
			"name": "group",
			"origin": [7.75, 6, 7.25],
			"color": 0,
			"children": [11, 12, 13, 14, 15, 16, 17, 18]
		},
		19,
		20,
		21,
		22,
		23,
		24,
		25,
		26,
		27,
		28,
		29,
		30
	]
}